2026-03-06 00:35:41 | INFO     | admin_bot            | =======================================================
2026-03-06 00:35:41 | INFO     | admin_bot            |   Ish E'lonlari  –  Admin Control Panel Bot
2026-03-06 00:35:41 | INFO     | admin_bot            | =======================================================
2026-03-06 00:35:41 | INFO     | admin_bot            | Project root: D:\VS Code\telegram_job_bot
2026-03-06 00:35:41 | INFO     | bot.database         | [DB] Schema initialised at D:\VS Code\telegram_job_bot\data\job_bot.db
2026-03-06 00:35:42 | INFO     | bot.admin_bot        | [admin_bot] Starting admin bot …
2026-03-06 00:37:58 | INFO     | admin_bot            | =======================================================
2026-03-06 00:37:58 | INFO     | admin_bot            |   Ish E'lonlari  –  Admin Control Panel Bot
2026-03-06 00:37:58 | INFO     | admin_bot            | =======================================================
2026-03-06 00:37:58 | INFO     | admin_bot            | Project root: D:\VS Code\telegram_job_bot
2026-03-06 00:37:58 | INFO     | bot.database         | [DB] Schema initialised at D:\VS Code\telegram_job_bot\data\job_bot.db
2026-03-06 00:37:58 | INFO     | bot.admin_bot        | [admin_bot] Starting admin bot …
2026-03-06 00:39:24 | INFO     | bot.database         | [DB] Source group added: Group 7857862996 (7857862996)
2026-03-06 00:42:05 | INFO     | monitor              | =======================================================
2026-03-06 00:42:05 | INFO     | monitor              |   Ish E'lonlari  –  Job Aggregator Monitor
2026-03-06 00:42:05 | INFO     | monitor              | =======================================================
2026-03-06 00:42:05 | INFO     | bot.monitor          | [monitor] Starting userbot monitor …
2026-03-06 00:42:05 | INFO     | bot.database         | [DB] Schema initialised at D:\VS Code\telegram_job_bot\data\job_bot.db
2026-03-06 00:42:34 | INFO     | bot.monitor          | [monitor] Logged in as: quvonchbek (id=2046196282)
2026-03-06 00:42:34 | INFO     | bot.monitor          | [monitor] Monitoring 1 source group(s): ['Group 7857862996']
2026-03-06 00:42:34 | WARNING  | bot.monitor          | [monitor] No target group set yet. Use /settarget via the admin bot before messages will be forwarded.
2026-03-06 00:42:34 | INFO     | bot.monitor          | [monitor] Listening for new messages …  (Ctrl+C to stop)
2026-03-06 00:43:46 | INFO     | admin_bot            | =======================================================
2026-03-06 00:43:46 | INFO     | admin_bot            |   Ish E'lonlari  –  Admin Control Panel Bot
2026-03-06 00:43:46 | INFO     | admin_bot            | =======================================================
2026-03-06 00:43:46 | INFO     | bot.database         | [DB] Schema initialised at D:\VS Code\telegram_job_bot\data\job_bot.db
2026-03-06 00:43:46 | INFO     | bot.admin_bot        | [admin_bot] Starting admin bot …
2026-03-06 00:43:47 | ERROR    | aiogram.dispatcher   | Failed to fetch updates - TelegramConflictError: Telegram server says - Conflict: terminated by other getUpdates request; make sure that only one bot instance is running
2026-03-06 00:43:47 | WARNING  | aiogram.dispatcher   | Sleep for 1.000000 seconds and try again... (tryings = 0, bot id = 8536661835)
2026-03-06 00:43:52 | ERROR    | aiogram.dispatcher   | Failed to fetch updates - TelegramConflictError: Telegram server says - Conflict: terminated by other getUpdates request; make sure that only one bot instance is running
2026-03-06 00:43:52 | WARNING  | aiogram.dispatcher   | Sleep for 1.000000 seconds and try again... (tryings = 0, bot id = 8536661835)
2026-03-06 00:43:53 | ERROR    | aiogram.dispatcher   | Failed to fetch updates - TelegramConflictError: Telegram server says - Conflict: terminated by other getUpdates request; make sure that only one bot instance is running
2026-03-06 00:43:53 | WARNING  | aiogram.dispatcher   | Sleep for 1.268993 seconds and try again... (tryings = 1, bot id = 8536661835)
2026-03-06 00:43:58 | ERROR    | aiogram.dispatcher   | Failed to fetch updates - TelegramConflictError: Telegram server says - Conflict: terminated by other getUpdates request; make sure that only one bot instance is running
2026-03-06 00:43:58 | WARNING  | aiogram.dispatcher   | Sleep for 1.185983 seconds and try again... (tryings = 1, bot id = 8536661835)
2026-03-06 00:43:59 | ERROR    | aiogram.dispatcher   | Failed to fetch updates - TelegramConflictError: Telegram server says - Conflict: terminated by other getUpdates request; make sure that only one bot instance is running
2026-03-06 00:43:59 | WARNING  | aiogram.dispatcher   | Sleep for 1.577341 seconds and try again... (tryings = 2, bot id = 8536661835)
2026-03-06 00:44:04 | ERROR    | aiogram.dispatcher   | Failed to fetch updates - TelegramConflictError: Telegram server says - Conflict: terminated by other getUpdates request; make sure that only one bot instance is running
2026-03-06 00:44:04 | WARNING  | aiogram.dispatcher   | Sleep for 1.638080 seconds and try again... (tryings = 2, bot id = 8536661835)
2026-03-06 00:44:06 | ERROR    | aiogram.dispatcher   | Failed to fetch updates - TelegramConflictError: Telegram server says - Conflict: terminated by other getUpdates request; make sure that only one bot instance is running
2026-03-06 00:44:06 | WARNING  | aiogram.dispatcher   | Sleep for 1.939638 seconds and try again... (tryings = 3, bot id = 8536661835)
2026-03-06 00:44:11 | ERROR    | aiogram.dispatcher   | Failed to fetch updates - TelegramConflictError: Telegram server says - Conflict: terminated by other getUpdates request; make sure that only one bot instance is running
2026-03-06 00:44:11 | WARNING  | aiogram.dispatcher   | Sleep for 2.018218 seconds and try again... (tryings = 3, bot id = 8536661835)
2026-03-06 00:44:13 | ERROR    | aiogram.dispatcher   | Failed to fetch updates - TelegramConflictError: Telegram server says - Conflict: terminated by other getUpdates request; make sure that only one bot instance is running
2026-03-06 00:44:13 | WARNING  | aiogram.dispatcher   | Sleep for 2.181268 seconds and try again... (tryings = 4, bot id = 8536661835)
2026-03-06 00:44:19 | ERROR    | aiogram.dispatcher   | Failed to fetch updates - TelegramConflictError: Telegram server says - Conflict: terminated by other getUpdates request; make sure that only one bot instance is running
2026-03-06 00:44:19 | WARNING  | aiogram.dispatcher   | Sleep for 2.637877 seconds and try again... (tryings = 4, bot id = 8536661835)
2026-03-06 00:44:22 | ERROR    | aiogram.dispatcher   | Failed to fetch updates - TelegramConflictError: Telegram server says - Conflict: terminated by other getUpdates request; make sure that only one bot instance is running
2026-03-06 00:44:22 | WARNING  | aiogram.dispatcher   | Sleep for 2.979681 seconds and try again... (tryings = 5, bot id = 8536661835)
2026-03-06 00:44:25 | ERROR    | aiogram.dispatcher   | Failed to fetch updates - TelegramConflictError: Telegram server says - Conflict: terminated by other getUpdates request; make sure that only one bot instance is running
2026-03-06 00:44:25 | WARNING  | aiogram.dispatcher   | Sleep for 3.457640 seconds and try again... (tryings = 5, bot id = 8536661835)
2026-03-06 00:44:29 | ERROR    | aiogram.dispatcher   | Failed to fetch updates - TelegramConflictError: Telegram server says - Conflict: terminated by other getUpdates request; make sure that only one bot instance is running
2026-03-06 00:44:29 | WARNING  | aiogram.dispatcher   | Sleep for 3.829636 seconds and try again... (tryings = 6, bot id = 8536661835)
2026-03-06 00:44:33 | ERROR    | aiogram.dispatcher   | Failed to fetch updates - TelegramConflictError: Telegram server says - Conflict: terminated by other getUpdates request; make sure that only one bot instance is running
2026-03-06 00:44:33 | WARNING  | aiogram.dispatcher   | Sleep for 4.412769 seconds and try again... (tryings = 6, bot id = 8536661835)
2026-03-06 00:44:37 | ERROR    | aiogram.dispatcher   | Failed to fetch updates - TelegramConflictError: Telegram server says - Conflict: terminated by other getUpdates request; make sure that only one bot instance is running
2026-03-06 00:44:37 | WARNING  | aiogram.dispatcher   | Sleep for 4.880319 seconds and try again... (tryings = 7, bot id = 8536661835)
2026-03-06 00:44:43 | ERROR    | aiogram.dispatcher   | Failed to fetch updates - TelegramConflictError: Telegram server says - Conflict: terminated by other getUpdates request; make sure that only one bot instance is running
2026-03-06 00:44:43 | WARNING  | aiogram.dispatcher   | Sleep for 4.903641 seconds and try again... (tryings = 7, bot id = 8536661835)
2026-03-06 00:44:48 | ERROR    | aiogram.dispatcher   | Failed to fetch updates - TelegramConflictError: Telegram server says - Conflict: terminated by other getUpdates request; make sure that only one bot instance is running
2026-03-06 00:44:48 | WARNING  | aiogram.dispatcher   | Sleep for 4.987689 seconds and try again... (tryings = 8, bot id = 8536661835)
2026-03-06 00:44:53 | ERROR    | aiogram.dispatcher   | Failed to fetch updates - TelegramConflictError: Telegram server says - Conflict: terminated by other getUpdates request; make sure that only one bot instance is running
2026-03-06 00:44:53 | WARNING  | aiogram.dispatcher   | Sleep for 4.890988 seconds and try again... (tryings = 8, bot id = 8536661835)
2026-03-06 00:44:58 | ERROR    | aiogram.dispatcher   | Failed to fetch updates - TelegramConflictError: Telegram server says - Conflict: terminated by other getUpdates request; make sure that only one bot instance is running
2026-03-06 00:44:58 | WARNING  | aiogram.dispatcher   | Sleep for 4.950745 seconds and try again... (tryings = 9, bot id = 8536661835)
2026-03-06 00:45:03 | ERROR    | aiogram.dispatcher   | Failed to fetch updates - TelegramConflictError: Telegram server says - Conflict: terminated by other getUpdates request; make sure that only one bot instance is running
2026-03-06 00:45:03 | WARNING  | aiogram.dispatcher   | Sleep for 5.029237 seconds and try again... (tryings = 9, bot id = 8536661835)
2026-03-06 00:45:09 | ERROR    | aiogram.dispatcher   | Failed to fetch updates - TelegramConflictError: Telegram server says - Conflict: terminated by other getUpdates request; make sure that only one bot instance is running
2026-03-06 00:45:09 | WARNING  | aiogram.dispatcher   | Sleep for 4.950554 seconds and try again... (tryings = 10, bot id = 8536661835)
2026-03-06 00:45:14 | ERROR    | aiogram.dispatcher   | Failed to fetch updates - TelegramConflictError: Telegram server says - Conflict: terminated by other getUpdates request; make sure that only one bot instance is running
2026-03-06 00:45:14 | WARNING  | aiogram.dispatcher   | Sleep for 5.050340 seconds and try again... (tryings = 10, bot id = 8536661835)
2026-03-06 00:45:19 | ERROR    | aiogram.dispatcher   | Failed to fetch updates - TelegramConflictError: Telegram server says - Conflict: terminated by other getUpdates request; make sure that only one bot instance is running
2026-03-06 00:45:19 | WARNING  | aiogram.dispatcher   | Sleep for 4.936015 seconds and try again... (tryings = 11, bot id = 8536661835)
2026-03-06 00:45:24 | ERROR    | aiogram.dispatcher   | Failed to fetch updates - TelegramConflictError: Telegram server says - Conflict: terminated by other getUpdates request; make sure that only one bot instance is running
2026-03-06 00:45:24 | WARNING  | aiogram.dispatcher   | Sleep for 5.141217 seconds and try again... (tryings = 11, bot id = 8536661835)
2026-03-06 00:45:30 | ERROR    | aiogram.dispatcher   | Failed to fetch updates - TelegramConflictError: Telegram server says - Conflict: terminated by other getUpdates request; make sure that only one bot instance is running
2026-03-06 00:45:30 | WARNING  | aiogram.dispatcher   | Sleep for 1.000000 seconds and try again... (tryings = 0, bot id = 8536661835)
2026-03-06 00:45:34 | ERROR    | aiogram.dispatcher   | Failed to fetch updates - TelegramConflictError: Telegram server says - Conflict: terminated by other getUpdates request; make sure that only one bot instance is running
2026-03-06 00:45:34 | WARNING  | aiogram.dispatcher   | Sleep for 1.000000 seconds and try again... (tryings = 0, bot id = 8536661835)
2026-03-06 00:45:36 | ERROR    | aiogram.dispatcher   | Failed to fetch updates - TelegramConflictError: Telegram server says - Conflict: terminated by other getUpdates request; make sure that only one bot instance is running
2026-03-06 00:45:36 | WARNING  | aiogram.dispatcher   | Sleep for 1.000000 seconds and try again... (tryings = 0, bot id = 8536661835)
2026-03-06 00:45:40 | ERROR    | aiogram.dispatcher   | Failed to fetch updates - TelegramConflictError: Telegram server says - Conflict: terminated by other getUpdates request; make sure that only one bot instance is running
2026-03-06 00:45:40 | WARNING  | aiogram.dispatcher   | Sleep for 1.389007 seconds and try again... (tryings = 1, bot id = 8536661835)
2026-03-06 00:45:42 | ERROR    | aiogram.dispatcher   | Failed to fetch updates - TelegramConflictError: Telegram server says - Conflict: terminated by other getUpdates request; make sure that only one bot instance is running
2026-03-06 00:45:42 | WARNING  | aiogram.dispatcher   | Sleep for 1.354620 seconds and try again... (tryings = 1, bot id = 8536661835)
2026-03-06 00:45:46 | ERROR    | aiogram.dispatcher   | Failed to fetch updates - TelegramConflictError: Telegram server says - Conflict: terminated by other getUpdates request; make sure that only one bot instance is running
2026-03-06 00:45:46 | WARNING  | aiogram.dispatcher   | Sleep for 1.929575 seconds and try again... (tryings = 2, bot id = 8536661835)
2026-03-06 00:45:48 | ERROR    | aiogram.dispatcher   | Failed to fetch updates - TelegramConflictError: Telegram server says - Conflict: terminated by other getUpdates request; make sure that only one bot instance is running
2026-03-06 00:45:48 | WARNING  | aiogram.dispatcher   | Sleep for 1.767424 seconds and try again... (tryings = 2, bot id = 8536661835)
2026-03-06 00:45:54 | ERROR    | aiogram.dispatcher   | Failed to fetch updates - TelegramConflictError: Telegram server says - Conflict: terminated by other getUpdates request; make sure that only one bot instance is running
2026-03-06 00:45:54 | WARNING  | aiogram.dispatcher   | Sleep for 2.600682 seconds and try again... (tryings = 3, bot id = 8536661835)
2026-03-06 00:45:56 | ERROR    | aiogram.dispatcher   | Failed to fetch updates - TelegramConflictError: Telegram server says - Conflict: terminated by other getUpdates request; make sure that only one bot instance is running
2026-03-06 00:45:56 | WARNING  | aiogram.dispatcher   | Sleep for 2.375755 seconds and try again... (tryings = 3, bot id = 8536661835)
2026-03-06 00:46:02 | ERROR    | aiogram.dispatcher   | Failed to fetch updates - TelegramConflictError: Telegram server says - Conflict: terminated by other getUpdates request; make sure that only one bot instance is running
2026-03-06 00:46:02 | WARNING  | aiogram.dispatcher   | Sleep for 3.475920 seconds and try again... (tryings = 4, bot id = 8536661835)
2026-03-06 00:46:06 | ERROR    | aiogram.dispatcher   | Failed to fetch updates - TelegramConflictError: Telegram server says - Conflict: terminated by other getUpdates request; make sure that only one bot instance is running
2026-03-06 00:46:06 | WARNING  | aiogram.dispatcher   | Sleep for 3.069741 seconds and try again... (tryings = 4, bot id = 8536661835)
2026-03-06 00:46:09 | ERROR    | aiogram.dispatcher   | Failed to fetch updates - TelegramConflictError: Telegram server says - Conflict: terminated by other getUpdates request; make sure that only one bot instance is running
2026-03-06 00:46:09 | WARNING  | aiogram.dispatcher   | Sleep for 4.564409 seconds and try again... (tryings = 5, bot id = 8536661835)
2026-03-06 00:46:14 | ERROR    | aiogram.dispatcher   | Failed to fetch updates - TelegramConflictError: Telegram server says - Conflict: terminated by other getUpdates request; make sure that only one bot instance is running
2026-03-06 00:46:14 | WARNING  | aiogram.dispatcher   | Sleep for 3.958264 seconds and try again... (tryings = 5, bot id = 8536661835)
2026-03-06 00:46:18 | ERROR    | aiogram.dispatcher   | Failed to fetch updates - TelegramConflictError: Telegram server says - Conflict: terminated by other getUpdates request; make sure that only one bot instance is running
2026-03-06 00:46:18 | WARNING  | aiogram.dispatcher   | Sleep for 1.000000 seconds and try again... (tryings = 0, bot id = 8536661835)
2026-03-06 00:46:22 | ERROR    | aiogram.dispatcher   | Failed to fetch updates - TelegramConflictError: Telegram server says - Conflict: terminated by other getUpdates request; make sure that only one bot instance is running
2026-03-06 00:46:22 | WARNING  | aiogram.dispatcher   | Sleep for 4.857604 seconds and try again... (tryings = 6, bot id = 8536661835)
2026-03-06 00:46:28 | ERROR    | aiogram.dispatcher   | Failed to fetch updates - TelegramConflictError: Telegram server says - Conflict: terminated by other getUpdates request; make sure that only one bot instance is running
2026-03-06 00:46:28 | WARNING  | aiogram.dispatcher   | Sleep for 1.306434 seconds and try again... (tryings = 1, bot id = 8536661835)
2026-03-06 00:46:32 | ERROR    | aiogram.dispatcher   | Failed to fetch updates - TelegramConflictError: Telegram server says - Conflict: terminated by other getUpdates request; make sure that only one bot instance is running
2026-03-06 00:46:32 | WARNING  | aiogram.dispatcher   | Sleep for 5.090769 seconds and try again... (tryings = 7, bot id = 8536661835)
2026-03-06 00:46:38 | ERROR    | aiogram.dispatcher   | Failed to fetch updates - TelegramConflictError: Telegram server says - Conflict: terminated by other getUpdates request; make sure that only one bot instance is running
2026-03-06 00:46:38 | WARNING  | aiogram.dispatcher   | Sleep for 1.639534 seconds and try again... (tryings = 2, bot id = 8536661835)
2026-03-06 00:46:42 | ERROR    | aiogram.dispatcher   | Failed to fetch updates - TelegramConflictError: Telegram server says - Conflict: terminated by other getUpdates request; make sure that only one bot instance is running
2026-03-06 00:46:42 | WARNING  | aiogram.dispatcher   | Sleep for 5.002837 seconds and try again... (tryings = 8, bot id = 8536661835)
2026-03-06 00:46:48 | ERROR    | aiogram.dispatcher   | Failed to fetch updates - TelegramConflictError: Telegram server says - Conflict: terminated by other getUpdates request; make sure that only one bot instance is running
2026-03-06 00:46:48 | WARNING  | aiogram.dispatcher   | Sleep for 2.107148 seconds and try again... (tryings = 3, bot id = 8536661835)
2026-03-06 00:46:53 | ERROR    | aiogram.dispatcher   | Failed to fetch updates - TelegramConflictError: Telegram server says - Conflict: terminated by other getUpdates request; make sure that only one bot instance is running
2026-03-06 00:46:53 | WARNING  | aiogram.dispatcher   | Sleep for 5.107961 seconds and try again... (tryings = 9, bot id = 8536661835)
2026-03-06 00:46:59 | ERROR    | aiogram.dispatcher   | Failed to fetch updates - TelegramConflictError: Telegram server says - Conflict: terminated by other getUpdates request; make sure that only one bot instance is running
2026-03-06 00:46:59 | WARNING  | aiogram.dispatcher   | Sleep for 2.756492 seconds and try again... (tryings = 4, bot id = 8536661835)
2026-03-06 00:47:02 | ERROR    | aiogram.dispatcher   | Failed to fetch updates - TelegramConflictError: Telegram server says - Conflict: terminated by other getUpdates request; make sure that only one bot instance is running
2026-03-06 00:47:02 | WARNING  | aiogram.dispatcher   | Sleep for 5.102308 seconds and try again... (tryings = 10, bot id = 8536661835)
2026-03-06 00:47:07 | ERROR    | aiogram.dispatcher   | Failed to fetch updates - TelegramConflictError: Telegram server says - Conflict: terminated by other getUpdates request; make sure that only one bot instance is running
2026-03-06 00:47:07 | WARNING  | aiogram.dispatcher   | Sleep for 3.706515 seconds and try again... (tryings = 5, bot id = 8536661835)
2026-03-06 00:47:11 | ERROR    | aiogram.dispatcher   | Failed to fetch updates - TelegramConflictError: Telegram server says - Conflict: terminated by other getUpdates request; make sure that only one bot instance is running
2026-03-06 00:47:11 | WARNING  | aiogram.dispatcher   | Sleep for 5.114483 seconds and try again... (tryings = 11, bot id = 8536661835)
2026-03-06 00:47:16 | ERROR    | aiogram.dispatcher   | Failed to fetch updates - TelegramConflictError: Telegram server says - Conflict: terminated by other getUpdates request; make sure that only one bot instance is running
2026-03-06 00:47:16 | WARNING  | aiogram.dispatcher   | Sleep for 4.813908 seconds and try again... (tryings = 6, bot id = 8536661835)
2026-03-06 00:47:21 | ERROR    | aiogram.dispatcher   | Failed to fetch updates - TelegramConflictError: Telegram server says - Conflict: terminated by other getUpdates request; make sure that only one bot instance is running
2026-03-06 00:47:21 | WARNING  | aiogram.dispatcher   | Sleep for 5.054484 seconds and try again... (tryings = 12, bot id = 8536661835)
2026-03-06 00:47:27 | ERROR    | aiogram.dispatcher   | Failed to fetch updates - TelegramConflictError: Telegram server says - Conflict: terminated by other getUpdates request; make sure that only one bot instance is running
2026-03-06 00:47:27 | WARNING  | aiogram.dispatcher   | Sleep for 5.187790 seconds and try again... (tryings = 7, bot id = 8536661835)
2026-03-06 00:47:32 | ERROR    | aiogram.dispatcher   | Failed to fetch updates - TelegramConflictError: Telegram server says - Conflict: terminated by other getUpdates request; make sure that only one bot instance is running
2026-03-06 00:47:32 | WARNING  | aiogram.dispatcher   | Sleep for 5.139273 seconds and try again... (tryings = 13, bot id = 8536661835)
2026-03-06 00:47:38 | ERROR    | aiogram.dispatcher   | Failed to fetch updates - TelegramConflictError: Telegram server says - Conflict: terminated by other getUpdates request; make sure that only one bot instance is running
2026-03-06 00:47:38 | WARNING  | aiogram.dispatcher   | Sleep for 4.968519 seconds and try again... (tryings = 8, bot id = 8536661835)
2026-03-06 00:47:43 | ERROR    | aiogram.dispatcher   | Failed to fetch updates - TelegramConflictError: Telegram server says - Conflict: terminated by other getUpdates request; make sure that only one bot instance is running
2026-03-06 00:47:43 | WARNING  | aiogram.dispatcher   | Sleep for 4.905241 seconds and try again... (tryings = 14, bot id = 8536661835)
2026-03-06 00:47:45 | INFO     | bot.database         | [DB] Target group set: Target 2046196282 (2046196282)
2026-03-06 00:47:48 | ERROR    | aiogram.dispatcher   | Failed to fetch updates - TelegramConflictError: Telegram server says - Conflict: terminated by other getUpdates request; make sure that only one bot instance is running
2026-03-06 00:47:48 | WARNING  | aiogram.dispatcher   | Sleep for 1.000000 seconds and try again... (tryings = 0, bot id = 8536661835)
2026-03-06 00:47:52 | ERROR    | aiogram.dispatcher   | Failed to fetch updates - TelegramConflictError: Telegram server says - Conflict: terminated by other getUpdates request; make sure that only one bot instance is running
2026-03-06 00:47:52 | WARNING  | aiogram.dispatcher   | Sleep for 5.054526 seconds and try again... (tryings = 15, bot id = 8536661835)
2026-03-06 00:47:58 | ERROR    | aiogram.dispatcher   | Failed to fetch updates - TelegramConflictError: Telegram server says - Conflict: terminated by other getUpdates request; make sure that only one bot instance is running
2026-03-06 00:47:58 | WARNING  | aiogram.dispatcher   | Sleep for 1.347644 seconds and try again... (tryings = 1, bot id = 8536661835)
2026-03-06 00:48:02 | ERROR    | aiogram.dispatcher   | Failed to fetch updates - TelegramConflictError: Telegram server says - Conflict: terminated by other getUpdates request; make sure that only one bot instance is running
2026-03-06 00:48:02 | WARNING  | aiogram.dispatcher   | Sleep for 4.886195 seconds and try again... (tryings = 16, bot id = 8536661835)
2026-03-06 00:48:07 | ERROR    | aiogram.dispatcher   | Failed to fetch updates - TelegramConflictError: Telegram server says - Conflict: terminated by other getUpdates request; make sure that only one bot instance is running
2026-03-06 00:48:07 | WARNING  | aiogram.dispatcher   | Sleep for 1.645309 seconds and try again... (tryings = 2, bot id = 8536661835)
2026-03-06 00:48:12 | ERROR    | aiogram.dispatcher   | Failed to fetch updates - TelegramConflictError: Telegram server says - Conflict: terminated by other getUpdates request; make sure that only one bot instance is running
2026-03-06 00:48:12 | WARNING  | aiogram.dispatcher   | Sleep for 4.993183 seconds and try again... (tryings = 17, bot id = 8536661835)
2026-03-06 00:48:18 | ERROR    | aiogram.dispatcher   | Failed to fetch updates - TelegramConflictError: Telegram server says - Conflict: terminated by other getUpdates request; make sure that only one bot instance is running
2026-03-06 00:48:18 | WARNING  | aiogram.dispatcher   | Sleep for 1.000000 seconds and try again... (tryings = 0, bot id = 8536661835)
2026-03-06 00:48:22 | ERROR    | aiogram.dispatcher   | Failed to fetch updates - TelegramConflictError: Telegram server says - Conflict: terminated by other getUpdates request; make sure that only one bot instance is running
2026-03-06 00:48:22 | WARNING  | aiogram.dispatcher   | Sleep for 5.005276 seconds and try again... (tryings = 18, bot id = 8536661835)
2026-03-06 00:48:27 | ERROR    | aiogram.dispatcher   | Failed to fetch updates - TelegramConflictError: Telegram server says - Conflict: terminated by other getUpdates request; make sure that only one bot instance is running
2026-03-06 00:48:27 | WARNING  | aiogram.dispatcher   | Sleep for 1.000000 seconds and try again... (tryings = 0, bot id = 8536661835)
2026-03-06 00:48:31 | ERROR    | aiogram.dispatcher   | Failed to fetch updates - TelegramConflictError: Telegram server says - Conflict: terminated by other getUpdates request; make sure that only one bot instance is running
2026-03-06 00:48:31 | WARNING  | aiogram.dispatcher   | Sleep for 5.000201 seconds and try again... (tryings = 19, bot id = 8536661835)
2026-03-06 00:48:37 | ERROR    | aiogram.dispatcher   | Failed to fetch updates - TelegramConflictError: Telegram server says - Conflict: terminated by other getUpdates request; make sure that only one bot instance is running
2026-03-06 00:48:37 | WARNING  | aiogram.dispatcher   | Sleep for 1.268823 seconds and try again... (tryings = 1, bot id = 8536661835)
2026-03-06 00:48:41 | ERROR    | aiogram.dispatcher   | Failed to fetch updates - TelegramConflictError: Telegram server says - Conflict: terminated by other getUpdates request; make sure that only one bot instance is running
2026-03-06 00:48:41 | WARNING  | aiogram.dispatcher   | Sleep for 4.982522 seconds and try again... (tryings = 20, bot id = 8536661835)
2026-03-06 00:48:47 | ERROR    | aiogram.dispatcher   | Failed to fetch updates - TelegramConflictError: Telegram server says - Conflict: terminated by other getUpdates request; make sure that only one bot instance is running
2026-03-06 00:48:47 | WARNING  | aiogram.dispatcher   | Sleep for 1.712294 seconds and try again... (tryings = 2, bot id = 8536661835)
2026-03-06 00:48:52 | ERROR    | aiogram.dispatcher   | Failed to fetch updates - TelegramConflictError: Telegram server says - Conflict: terminated by other getUpdates request; make sure that only one bot instance is running
2026-03-06 00:48:52 | WARNING  | aiogram.dispatcher   | Sleep for 4.978313 seconds and try again... (tryings = 21, bot id = 8536661835)
2026-03-06 00:48:57 | ERROR    | aiogram.dispatcher   | Failed to fetch updates - TelegramConflictError: Telegram server says - Conflict: terminated by other getUpdates request; make sure that only one bot instance is running
2026-03-06 00:48:57 | WARNING  | aiogram.dispatcher   | Sleep for 1.000000 seconds and try again... (tryings = 0, bot id = 8536661835)
2026-03-06 00:49:01 | ERROR    | aiogram.dispatcher   | Failed to fetch updates - TelegramConflictError: Telegram server says - Conflict: terminated by other getUpdates request; make sure that only one bot instance is running
2026-03-06 00:49:01 | WARNING  | aiogram.dispatcher   | Sleep for 1.000000 seconds and try again... (tryings = 0, bot id = 8536661835)
2026-03-06 00:49:03 | ERROR    | aiogram.dispatcher   | Failed to fetch updates - TelegramConflictError: Telegram server says - Conflict: terminated by other getUpdates request; make sure that only one bot instance is running
2026-03-06 00:49:03 | WARNING  | aiogram.dispatcher   | Sleep for 1.325043 seconds and try again... (tryings = 1, bot id = 8536661835)
2026-03-06 00:49:07 | ERROR    | aiogram.dispatcher   | Failed to fetch updates - TelegramConflictError: Telegram server says - Conflict: terminated by other getUpdates request; make sure that only one bot instance is running
2026-03-06 00:49:07 | WARNING  | aiogram.dispatcher   | Sleep for 1.370880 seconds and try again... (tryings = 1, bot id = 8536661835)
2026-03-06 00:49:09 | ERROR    | aiogram.dispatcher   | Failed to fetch updates - TelegramConflictError: Telegram server says - Conflict: terminated by other getUpdates request; make sure that only one bot instance is running
2026-03-06 00:49:09 | WARNING  | aiogram.dispatcher   | Sleep for 1.000000 seconds and try again... (tryings = 0, bot id = 8536661835)
2026-03-06 00:49:13 | ERROR    | aiogram.dispatcher   | Failed to fetch updates - TelegramConflictError: Telegram server says - Conflict: terminated by other getUpdates request; make sure that only one bot instance is running
2026-03-06 00:49:13 | WARNING  | aiogram.dispatcher   | Sleep for 1.000000 seconds and try again... (tryings = 0, bot id = 8536661835)
2026-03-06 00:49:15 | ERROR    | aiogram.dispatcher   | Failed to fetch updates - TelegramConflictError: Telegram server says - Conflict: terminated by other getUpdates request; make sure that only one bot instance is running
2026-03-06 00:49:15 | WARNING  | aiogram.dispatcher   | Sleep for 1.000000 seconds and try again... (tryings = 0, bot id = 8536661835)
2026-03-06 00:49:19 | ERROR    | aiogram.dispatcher   | Failed to fetch updates - TelegramConflictError: Telegram server says - Conflict: terminated by other getUpdates request; make sure that only one bot instance is running
2026-03-06 00:49:19 | WARNING  | aiogram.dispatcher   | Sleep for 1.213064 seconds and try again... (tryings = 1, bot id = 8536661835)
2026-03-06 00:49:20 | ERROR    | aiogram.dispatcher   | Failed to fetch updates - TelegramConflictError: Telegram server says - Conflict: terminated by other getUpdates request; make sure that only one bot instance is running
2026-03-06 00:49:20 | WARNING  | aiogram.dispatcher   | Sleep for 1.203383 seconds and try again... (tryings = 1, bot id = 8536661835)
2026-03-06 00:49:25 | ERROR    | aiogram.dispatcher   | Failed to fetch updates - TelegramConflictError: Telegram server says - Conflict: terminated by other getUpdates request; make sure that only one bot instance is running
2026-03-06 00:49:25 | WARNING  | aiogram.dispatcher   | Sleep for 1.698734 seconds and try again... (tryings = 2, bot id = 8536661835)
2026-03-06 00:49:27 | ERROR    | aiogram.dispatcher   | Failed to fetch updates - TelegramConflictError: Telegram server says - Conflict: terminated by other getUpdates request; make sure that only one bot instance is running
2026-03-06 00:49:27 | WARNING  | aiogram.dispatcher   | Sleep for 1.475310 seconds and try again... (tryings = 2, bot id = 8536661835)
2026-03-06 00:49:32 | ERROR    | aiogram.dispatcher   | Failed to fetch updates - TelegramConflictError: Telegram server says - Conflict: terminated by other getUpdates request; make sure that only one bot instance is running
2026-03-06 00:49:32 | WARNING  | aiogram.dispatcher   | Sleep for 2.234835 seconds and try again... (tryings = 3, bot id = 8536661835)
2026-03-06 00:49:34 | ERROR    | aiogram.dispatcher   | Failed to fetch updates - TelegramConflictError: Telegram server says - Conflict: terminated by other getUpdates request; make sure that only one bot instance is running
2026-03-06 00:49:34 | WARNING  | aiogram.dispatcher   | Sleep for 2.088447 seconds and try again... (tryings = 3, bot id = 8536661835)
2026-03-06 00:49:39 | ERROR    | aiogram.dispatcher   | Failed to fetch updates - TelegramConflictError: Telegram server says - Conflict: terminated by other getUpdates request; make sure that only one bot instance is running
2026-03-06 00:49:39 | WARNING  | aiogram.dispatcher   | Sleep for 2.945657 seconds and try again... (tryings = 4, bot id = 8536661835)
2026-03-06 00:49:43 | ERROR    | aiogram.dispatcher   | Failed to fetch updates - TelegramConflictError: Telegram server says - Conflict: terminated by other getUpdates request; make sure that only one bot instance is running
2026-03-06 00:49:43 | WARNING  | aiogram.dispatcher   | Sleep for 1.000000 seconds and try again... (tryings = 0, bot id = 8536661835)
2026-03-06 00:49:47 | ERROR    | aiogram.dispatcher   | Failed to fetch updates - TelegramConflictError: Telegram server says - Conflict: terminated by other getUpdates request; make sure that only one bot instance is running
2026-03-06 00:49:47 | WARNING  | aiogram.dispatcher   | Sleep for 3.854093 seconds and try again... (tryings = 5, bot id = 8536661835)
2026-03-06 00:49:51 | ERROR    | aiogram.dispatcher   | Failed to fetch updates - TelegramConflictError: Telegram server says - Conflict: terminated by other getUpdates request; make sure that only one bot instance is running
2026-03-06 00:49:51 | WARNING  | aiogram.dispatcher   | Sleep for 1.216098 seconds and try again... (tryings = 1, bot id = 8536661835)
2026-03-06 00:49:56 | ERROR    | aiogram.dispatcher   | Failed to fetch updates - TelegramConflictError: Telegram server says - Conflict: terminated by other getUpdates request; make sure that only one bot instance is running
2026-03-06 00:49:56 | WARNING  | aiogram.dispatcher   | Sleep for 5.037064 seconds and try again... (tryings = 6, bot id = 8536661835)
2026-03-06 00:50:01 | ERROR    | aiogram.dispatcher   | Failed to fetch updates - TelegramConflictError: Telegram server says - Conflict: terminated by other getUpdates request; make sure that only one bot instance is running
2026-03-06 00:50:01 | WARNING  | aiogram.dispatcher   | Sleep for 1.575987 seconds and try again... (tryings = 2, bot id = 8536661835)
2026-03-06 00:50:06 | ERROR    | aiogram.dispatcher   | Failed to fetch updates - TelegramConflictError: Telegram server says - Conflict: terminated by other getUpdates request; make sure that only one bot instance is running
2026-03-06 00:50:06 | WARNING  | aiogram.dispatcher   | Sleep for 5.235552 seconds and try again... (tryings = 7, bot id = 8536661835)
2026-03-06 00:50:11 | ERROR    | aiogram.dispatcher   | Failed to fetch updates - TelegramConflictError: Telegram server says - Conflict: terminated by other getUpdates request; make sure that only one bot instance is running
2026-03-06 00:50:11 | WARNING  | aiogram.dispatcher   | Sleep for 1.000000 seconds and try again... (tryings = 0, bot id = 8536661835)
2026-03-06 00:50:15 | ERROR    | aiogram.dispatcher   | Failed to fetch updates - TelegramConflictError: Telegram server says - Conflict: terminated by other getUpdates request; make sure that only one bot instance is running
2026-03-06 00:50:15 | WARNING  | aiogram.dispatcher   | Sleep for 5.013444 seconds and try again... (tryings = 8, bot id = 8536661835)
2026-03-06 00:50:21 | ERROR    | aiogram.dispatcher   | Failed to fetch updates - TelegramConflictError: Telegram server says - Conflict: terminated by other getUpdates request; make sure that only one bot instance is running
2026-03-06 00:50:21 | WARNING  | aiogram.dispatcher   | Sleep for 1.000000 seconds and try again... (tryings = 0, bot id = 8536661835)
2026-03-06 00:50:25 | ERROR    | aiogram.dispatcher   | Failed to fetch updates - TelegramConflictError: Telegram server says - Conflict: terminated by other getUpdates request; make sure that only one bot instance is running
2026-03-06 00:50:25 | WARNING  | aiogram.dispatcher   | Sleep for 1.000000 seconds and try again... (tryings = 0, bot id = 8536661835)
2026-03-06 00:50:26 | ERROR    | aiogram.dispatcher   | Failed to fetch updates - TelegramConflictError: Telegram server says - Conflict: terminated by other getUpdates request; make sure that only one bot instance is running
2026-03-06 00:50:26 | WARNING  | aiogram.dispatcher   | Sleep for 1.337679 seconds and try again... (tryings = 1, bot id = 8536661835)
2026-03-06 00:50:31 | ERROR    | aiogram.dispatcher   | Failed to fetch updates - TelegramConflictError: Telegram server says - Conflict: terminated by other getUpdates request; make sure that only one bot instance is running
2026-03-06 00:50:31 | WARNING  | aiogram.dispatcher   | Sleep for 1.270089 seconds and try again... (tryings = 1, bot id = 8536661835)
2026-03-06 00:50:33 | ERROR    | aiogram.dispatcher   | Failed to fetch updates - TelegramConflictError: Telegram server says - Conflict: terminated by other getUpdates request; make sure that only one bot instance is running
2026-03-06 00:50:33 | WARNING  | aiogram.dispatcher   | Sleep for 1.000000 seconds and try again... (tryings = 0, bot id = 8536661835)
2026-03-06 00:50:37 | ERROR    | aiogram.dispatcher   | Failed to fetch updates - TelegramConflictError: Telegram server says - Conflict: terminated by other getUpdates request; make sure that only one bot instance is running
2026-03-06 00:50:37 | WARNING  | aiogram.dispatcher   | Sleep for 1.727927 seconds and try again... (tryings = 2, bot id = 8536661835)
2026-03-06 00:50:39 | ERROR    | aiogram.dispatcher   | Failed to fetch updates - TelegramConflictError: Telegram server says - Conflict: terminated by other getUpdates request; make sure that only one bot instance is running
2026-03-06 00:50:39 | WARNING  | aiogram.dispatcher   | Sleep for 1.365999 seconds and try again... (tryings = 1, bot id = 8536661835)
2026-03-06 00:50:43 | ERROR    | aiogram.dispatcher   | Failed to fetch updates - TelegramConflictError: Telegram server says - Conflict: terminated by other getUpdates request; make sure that only one bot instance is running
2026-03-06 00:50:43 | WARNING  | aiogram.dispatcher   | Sleep for 2.343068 seconds and try again... (tryings = 3, bot id = 8536661835)
2026-03-06 00:50:46 | ERROR    | aiogram.dispatcher   | Failed to fetch updates - TelegramConflictError: Telegram server says - Conflict: terminated by other getUpdates request; make sure that only one bot instance is running
2026-03-06 00:50:46 | WARNING  | aiogram.dispatcher   | Sleep for 1.830804 seconds and try again... (tryings = 2, bot id = 8536661835)
2026-03-06 00:50:51 | ERROR    | aiogram.dispatcher   | Failed to fetch updates - TelegramConflictError: Telegram server says - Conflict: terminated by other getUpdates request; make sure that only one bot instance is running
2026-03-06 00:50:51 | WARNING  | aiogram.dispatcher   | Sleep for 3.183706 seconds and try again... (tryings = 4, bot id = 8536661835)
2026-03-06 00:50:55 | ERROR    | aiogram.dispatcher   | Failed to fetch updates - TelegramConflictError: Telegram server says - Conflict: terminated by other getUpdates request; make sure that only one bot instance is running
2026-03-06 00:50:55 | WARNING  | aiogram.dispatcher   | Sleep for 2.239899 seconds and try again... (tryings = 3, bot id = 8536661835)
2026-03-06 00:51:00 | ERROR    | aiogram.dispatcher   | Failed to fetch updates - TelegramConflictError: Telegram server says - Conflict: terminated by other getUpdates request; make sure that only one bot instance is running
2026-03-06 00:51:00 | WARNING  | aiogram.dispatcher   | Sleep for 3.991737 seconds and try again... (tryings = 5, bot id = 8536661835)
2026-03-06 00:51:04 | ERROR    | aiogram.dispatcher   | Failed to fetch updates - TelegramConflictError: Telegram server says - Conflict: terminated by other getUpdates request; make sure that only one bot instance is running
2026-03-06 00:51:04 | WARNING  | aiogram.dispatcher   | Sleep for 1.000000 seconds and try again... (tryings = 0, bot id = 8536661835)
2026-03-06 00:51:09 | ERROR    | aiogram.dispatcher   | Failed to fetch updates - TelegramConflictError: Telegram server says - Conflict: terminated by other getUpdates request; make sure that only one bot instance is running
2026-03-06 00:51:09 | WARNING  | aiogram.dispatcher   | Sleep for 4.972122 seconds and try again... (tryings = 6, bot id = 8536661835)
2026-03-06 00:51:09 | INFO     | bot.database         | [DB] Source group added: Group 2046196282 (2046196282)
2026-03-06 00:51:15 | ERROR    | aiogram.dispatcher   | Failed to fetch updates - TelegramConflictError: Telegram server says - Conflict: terminated by other getUpdates request; make sure that only one bot instance is running
2026-03-06 00:51:15 | WARNING  | aiogram.dispatcher   | Sleep for 1.000000 seconds and try again... (tryings = 0, bot id = 8536661835)
2026-03-06 00:51:19 | ERROR    | aiogram.dispatcher   | Failed to fetch updates - TelegramConflictError: Telegram server says - Conflict: terminated by other getUpdates request; make sure that only one bot instance is running
2026-03-06 00:51:19 | WARNING  | aiogram.dispatcher   | Sleep for 4.959447 seconds and try again... (tryings = 7, bot id = 8536661835)
2026-03-06 00:51:24 | ERROR    | aiogram.dispatcher   | Failed to fetch updates - TelegramConflictError: Telegram server says - Conflict: terminated by other getUpdates request; make sure that only one bot instance is running
2026-03-06 00:51:24 | WARNING  | aiogram.dispatcher   | Sleep for 1.000000 seconds and try again... (tryings = 0, bot id = 8536661835)
2026-03-06 00:51:28 | ERROR    | aiogram.dispatcher   | Failed to fetch updates - TelegramConflictError: Telegram server says - Conflict: terminated by other getUpdates request; make sure that only one bot instance is running
2026-03-06 00:51:28 | WARNING  | aiogram.dispatcher   | Sleep for 4.989707 seconds and try again... (tryings = 8, bot id = 8536661835)
2026-03-06 00:51:34 | ERROR    | aiogram.dispatcher   | Failed to fetch updates - TelegramConflictError: Telegram server says - Conflict: terminated by other getUpdates request; make sure that only one bot instance is running
2026-03-06 00:51:34 | WARNING  | aiogram.dispatcher   | Sleep for 1.000000 seconds and try again... (tryings = 0, bot id = 8536661835)
2026-03-06 00:51:38 | ERROR    | aiogram.dispatcher   | Failed to fetch updates - TelegramConflictError: Telegram server says - Conflict: terminated by other getUpdates request; make sure that only one bot instance is running
2026-03-06 00:51:38 | WARNING  | aiogram.dispatcher   | Sleep for 4.977350 seconds and try again... (tryings = 9, bot id = 8536661835)
2026-03-06 00:51:43 | ERROR    | aiogram.dispatcher   | Failed to fetch updates - TelegramConflictError: Telegram server says - Conflict: terminated by other getUpdates request; make sure that only one bot instance is running
2026-03-06 00:51:43 | WARNING  | aiogram.dispatcher   | Sleep for 1.498710 seconds and try again... (tryings = 1, bot id = 8536661835)
2026-03-06 00:51:48 | ERROR    | aiogram.dispatcher   | Failed to fetch updates - TelegramConflictError: Telegram server says - Conflict: terminated by other getUpdates request; make sure that only one bot instance is running
2026-03-06 00:51:48 | WARNING  | aiogram.dispatcher   | Sleep for 4.942588 seconds and try again... (tryings = 10, bot id = 8536661835)
2026-03-06 00:51:53 | ERROR    | aiogram.dispatcher   | Failed to fetch updates - TelegramConflictError: Telegram server says - Conflict: terminated by other getUpdates request; make sure that only one bot instance is running
2026-03-06 00:51:53 | WARNING  | aiogram.dispatcher   | Sleep for 1.909186 seconds and try again... (tryings = 2, bot id = 8536661835)
2026-03-06 00:51:58 | ERROR    | aiogram.dispatcher   | Failed to fetch updates - TelegramConflictError: Telegram server says - Conflict: terminated by other getUpdates request; make sure that only one bot instance is running
2026-03-06 00:51:58 | WARNING  | aiogram.dispatcher   | Sleep for 5.010747 seconds and try again... (tryings = 11, bot id = 8536661835)
2026-03-06 00:52:04 | ERROR    | aiogram.dispatcher   | Failed to fetch updates - TelegramConflictError: Telegram server says - Conflict: terminated by other getUpdates request; make sure that only one bot instance is running
2026-03-06 00:52:04 | WARNING  | aiogram.dispatcher   | Sleep for 2.639952 seconds and try again... (tryings = 3, bot id = 8536661835)
2026-03-06 00:52:10 | ERROR    | aiogram.dispatcher   | Failed to fetch updates - TelegramConflictError: Telegram server says - Conflict: terminated by other getUpdates request; make sure that only one bot instance is running
2026-03-06 00:52:10 | WARNING  | aiogram.dispatcher   | Sleep for 5.032910 seconds and try again... (tryings = 12, bot id = 8536661835)
2026-03-06 00:52:15 | ERROR    | aiogram.dispatcher   | Failed to fetch updates - TelegramConflictError: Telegram server says - Conflict: terminated by other getUpdates request; make sure that only one bot instance is running
2026-03-06 00:52:15 | WARNING  | aiogram.dispatcher   | Sleep for 1.000000 seconds and try again... (tryings = 0, bot id = 8536661835)
2026-03-06 00:52:17 | INFO     | bot.database         | [DB] Source group added: Group -1003744320676 (-1003744320676)
2026-03-06 00:52:19 | ERROR    | aiogram.dispatcher   | Failed to fetch updates - TelegramConflictError: Telegram server says - Conflict: terminated by other getUpdates request; make sure that only one bot instance is running
2026-03-06 00:52:19 | WARNING  | aiogram.dispatcher   | Sleep for 5.099124 seconds and try again... (tryings = 13, bot id = 8536661835)
2026-03-06 00:52:25 | ERROR    | aiogram.dispatcher   | Failed to fetch updates - TelegramConflictError: Telegram server says - Conflict: terminated by other getUpdates request; make sure that only one bot instance is running
2026-03-06 00:52:25 | WARNING  | aiogram.dispatcher   | Sleep for 1.000000 seconds and try again... (tryings = 0, bot id = 8536661835)
2026-03-06 00:52:29 | ERROR    | aiogram.dispatcher   | Failed to fetch updates - TelegramConflictError: Telegram server says - Conflict: terminated by other getUpdates request; make sure that only one bot instance is running
2026-03-06 00:52:29 | WARNING  | aiogram.dispatcher   | Sleep for 4.861254 seconds and try again... (tryings = 14, bot id = 8536661835)
2026-03-06 00:52:34 | ERROR    | aiogram.dispatcher   | Failed to fetch updates - TelegramConflictError: Telegram server says - Conflict: terminated by other getUpdates request; make sure that only one bot instance is running
2026-03-06 00:52:34 | WARNING  | aiogram.dispatcher   | Sleep for 1.174262 seconds and try again... (tryings = 1, bot id = 8536661835)
2026-03-06 00:52:37 | INFO     | bot.database         | [DB] Target group set: Target -1003744320676 (-1003744320676)
2026-03-06 00:52:38 | ERROR    | aiogram.dispatcher   | Failed to fetch updates - TelegramConflictError: Telegram server says - Conflict: terminated by other getUpdates request; make sure that only one bot instance is running
2026-03-06 00:52:38 | WARNING  | aiogram.dispatcher   | Sleep for 5.136023 seconds and try again... (tryings = 15, bot id = 8536661835)
2026-03-06 00:52:44 | ERROR    | aiogram.dispatcher   | Failed to fetch updates - TelegramConflictError: Telegram server says - Conflict: terminated by other getUpdates request; make sure that only one bot instance is running
2026-03-06 00:52:44 | WARNING  | aiogram.dispatcher   | Sleep for 1.000000 seconds and try again... (tryings = 0, bot id = 8536661835)
2026-03-06 00:52:48 | ERROR    | aiogram.dispatcher   | Failed to fetch updates - TelegramConflictError: Telegram server says - Conflict: terminated by other getUpdates request; make sure that only one bot instance is running
2026-03-06 00:52:48 | WARNING  | aiogram.dispatcher   | Sleep for 1.000000 seconds and try again... (tryings = 0, bot id = 8536661835)
2026-03-06 00:52:49 | ERROR    | aiogram.dispatcher   | Failed to fetch updates - TelegramConflictError: Telegram server says - Conflict: terminated by other getUpdates request; make sure that only one bot instance is running
2026-03-06 00:52:49 | WARNING  | aiogram.dispatcher   | Sleep for 1.112538 seconds and try again... (tryings = 1, bot id = 8536661835)
2026-03-06 00:52:54 | ERROR    | aiogram.dispatcher   | Failed to fetch updates - TelegramConflictError: Telegram server says - Conflict: terminated by other getUpdates request; make sure that only one bot instance is running
2026-03-06 00:52:54 | WARNING  | aiogram.dispatcher   | Sleep for 1.409218 seconds and try again... (tryings = 1, bot id = 8536661835)
2026-03-06 00:52:55 | ERROR    | aiogram.dispatcher   | Failed to fetch updates - TelegramConflictError: Telegram server says - Conflict: terminated by other getUpdates request; make sure that only one bot instance is running
2026-03-06 00:52:55 | WARNING  | aiogram.dispatcher   | Sleep for 1.407595 seconds and try again... (tryings = 2, bot id = 8536661835)
2026-03-06 00:53:00 | ERROR    | aiogram.dispatcher   | Failed to fetch updates - TelegramConflictError: Telegram server says - Conflict: terminated by other getUpdates request; make sure that only one bot instance is running
2026-03-06 00:53:00 | WARNING  | aiogram.dispatcher   | Sleep for 1.910319 seconds and try again... (tryings = 2, bot id = 8536661835)
2026-03-06 00:53:03 | ERROR    | aiogram.dispatcher   | Failed to fetch updates - TelegramConflictError: Telegram server says - Conflict: terminated by other getUpdates request; make sure that only one bot instance is running
2026-03-06 00:53:03 | WARNING  | aiogram.dispatcher   | Sleep for 1.775174 seconds and try again... (tryings = 3, bot id = 8536661835)
2026-03-06 00:53:08 | ERROR    | aiogram.dispatcher   | Failed to fetch updates - TelegramConflictError: Telegram server says - Conflict: terminated by other getUpdates request; make sure that only one bot instance is running
2026-03-06 00:53:08 | WARNING  | aiogram.dispatcher   | Sleep for 2.440208 seconds and try again... (tryings = 3, bot id = 8536661835)
2026-03-06 00:53:11 | ERROR    | aiogram.dispatcher   | Failed to fetch updates - TelegramConflictError: Telegram server says - Conflict: terminated by other getUpdates request; make sure that only one bot instance is running
2026-03-06 00:53:11 | WARNING  | aiogram.dispatcher   | Sleep for 2.420572 seconds and try again... (tryings = 4, bot id = 8536661835)
2026-03-06 00:53:17 | ERROR    | aiogram.dispatcher   | Failed to fetch updates - TelegramConflictError: Telegram server says - Conflict: terminated by other getUpdates request; make sure that only one bot instance is running
2026-03-06 00:53:17 | WARNING  | aiogram.dispatcher   | Sleep for 3.135705 seconds and try again... (tryings = 4, bot id = 8536661835)
2026-03-06 00:53:20 | ERROR    | aiogram.dispatcher   | Failed to fetch updates - TelegramConflictError: Telegram server says - Conflict: terminated by other getUpdates request; make sure that only one bot instance is running
2026-03-06 00:53:20 | WARNING  | aiogram.dispatcher   | Sleep for 3.040398 seconds and try again... (tryings = 5, bot id = 8536661835)
2026-03-06 00:53:24 | ERROR    | aiogram.dispatcher   | Failed to fetch updates - TelegramConflictError: Telegram server says - Conflict: terminated by other getUpdates request; make sure that only one bot instance is running
2026-03-06 00:53:24 | WARNING  | aiogram.dispatcher   | Sleep for 4.161367 seconds and try again... (tryings = 5, bot id = 8536661835)
2026-03-06 00:53:28 | ERROR    | aiogram.dispatcher   | Failed to fetch updates - TelegramConflictError: Telegram server says - Conflict: terminated by other getUpdates request; make sure that only one bot instance is running
2026-03-06 00:53:28 | WARNING  | aiogram.dispatcher   | Sleep for 3.900178 seconds and try again... (tryings = 6, bot id = 8536661835)
2026-03-06 00:53:33 | ERROR    | aiogram.dispatcher   | Failed to fetch updates - TelegramConflictError: Telegram server says - Conflict: terminated by other getUpdates request; make sure that only one bot instance is running
2026-03-06 00:53:33 | WARNING  | aiogram.dispatcher   | Sleep for 5.009494 seconds and try again... (tryings = 6, bot id = 8536661835)
2026-03-06 00:53:38 | ERROR    | aiogram.dispatcher   | Failed to fetch updates - TelegramConflictError: Telegram server says - Conflict: terminated by other getUpdates request; make sure that only one bot instance is running
2026-03-06 00:53:38 | WARNING  | aiogram.dispatcher   | Sleep for 5.131744 seconds and try again... (tryings = 7, bot id = 8536661835)
2026-03-06 00:53:46 | ERROR    | aiogram.dispatcher   | Failed to fetch updates - TelegramConflictError: Telegram server says - Conflict: terminated by other getUpdates request; make sure that only one bot instance is running
2026-03-06 00:53:46 | WARNING  | aiogram.dispatcher   | Sleep for 5.015831 seconds and try again... (tryings = 7, bot id = 8536661835)
2026-03-06 00:53:51 | ERROR    | aiogram.dispatcher   | Failed to fetch updates - TelegramConflictError: Telegram server says - Conflict: terminated by other getUpdates request; make sure that only one bot instance is running
2026-03-06 00:53:51 | WARNING  | aiogram.dispatcher   | Sleep for 5.056173 seconds and try again... (tryings = 8, bot id = 8536661835)
2026-03-06 00:53:56 | ERROR    | aiogram.dispatcher   | Failed to fetch updates - TelegramConflictError: Telegram server says - Conflict: terminated by other getUpdates request; make sure that only one bot instance is running
2026-03-06 00:53:56 | WARNING  | aiogram.dispatcher   | Sleep for 5.036667 seconds and try again... (tryings = 8, bot id = 8536661835)
2026-03-06 00:54:02 | ERROR    | aiogram.dispatcher   | Failed to fetch updates - TelegramConflictError: Telegram server says - Conflict: terminated by other getUpdates request; make sure that only one bot instance is running
2026-03-06 00:54:02 | WARNING  | aiogram.dispatcher   | Sleep for 1.000000 seconds and try again... (tryings = 0, bot id = 8536661835)
2026-03-06 00:54:06 | ERROR    | aiogram.dispatcher   | Failed to fetch updates - TelegramConflictError: Telegram server says - Conflict: terminated by other getUpdates request; make sure that only one bot instance is running
2026-03-06 00:54:06 | WARNING  | aiogram.dispatcher   | Sleep for 5.055580 seconds and try again... (tryings = 9, bot id = 8536661835)
2026-03-06 00:54:11 | ERROR    | aiogram.dispatcher   | Failed to fetch updates - TelegramConflictError: Telegram server says - Conflict: terminated by other getUpdates request; make sure that only one bot instance is running
2026-03-06 00:54:11 | WARNING  | aiogram.dispatcher   | Sleep for 1.232180 seconds and try again... (tryings = 1, bot id = 8536661835)
2026-03-06 00:54:16 | ERROR    | aiogram.dispatcher   | Failed to fetch updates - TelegramConflictError: Telegram server says - Conflict: terminated by other getUpdates request; make sure that only one bot instance is running
2026-03-06 00:54:16 | WARNING  | aiogram.dispatcher   | Sleep for 5.089156 seconds and try again... (tryings = 10, bot id = 8536661835)
2026-03-06 00:54:21 | INFO     | bot.database         | [DB] Source group added: Group -1002179593933 (-1002179593933)
2026-03-06 00:54:21 | ERROR    | aiogram.dispatcher   | Failed to fetch updates - TelegramConflictError: Telegram server says - Conflict: terminated by other getUpdates request; make sure that only one bot instance is running
2026-03-06 00:54:21 | WARNING  | aiogram.dispatcher   | Sleep for 1.000000 seconds and try again... (tryings = 0, bot id = 8536661835)
2026-03-06 00:54:25 | ERROR    | aiogram.dispatcher   | Failed to fetch updates - TelegramConflictError: Telegram server says - Conflict: terminated by other getUpdates request; make sure that only one bot instance is running
2026-03-06 00:54:25 | WARNING  | aiogram.dispatcher   | Sleep for 4.863190 seconds and try again... (tryings = 11, bot id = 8536661835)
2026-03-06 00:54:31 | ERROR    | aiogram.dispatcher   | Failed to fetch updates - TelegramConflictError: Telegram server says - Conflict: terminated by other getUpdates request; make sure that only one bot instance is running
2026-03-06 00:54:31 | WARNING  | aiogram.dispatcher   | Sleep for 1.000000 seconds and try again... (tryings = 0, bot id = 8536661835)
2026-03-06 00:54:35 | ERROR    | aiogram.dispatcher   | Failed to fetch updates - TelegramConflictError: Telegram server says - Conflict: terminated by other getUpdates request; make sure that only one bot instance is running
2026-03-06 00:54:35 | WARNING  | aiogram.dispatcher   | Sleep for 4.945971 seconds and try again... (tryings = 12, bot id = 8536661835)
2026-03-06 00:54:41 | ERROR    | aiogram.dispatcher   | Failed to fetch updates - TelegramConflictError: Telegram server says - Conflict: terminated by other getUpdates request; make sure that only one bot instance is running
2026-03-06 00:54:41 | WARNING  | aiogram.dispatcher   | Sleep for 1.000000 seconds and try again... (tryings = 0, bot id = 8536661835)
2026-03-06 00:54:45 | ERROR    | aiogram.dispatcher   | Failed to fetch updates - TelegramConflictError: Telegram server says - Conflict: terminated by other getUpdates request; make sure that only one bot instance is running
2026-03-06 00:54:45 | WARNING  | aiogram.dispatcher   | Sleep for 4.890894 seconds and try again... (tryings = 13, bot id = 8536661835)
2026-03-06 00:54:50 | ERROR    | aiogram.dispatcher   | Failed to fetch updates - TelegramConflictError: Telegram server says - Conflict: terminated by other getUpdates request; make sure that only one bot instance is running
2026-03-06 00:54:50 | WARNING  | aiogram.dispatcher   | Sleep for 1.418889 seconds and try again... (tryings = 1, bot id = 8536661835)
2026-03-06 00:54:55 | ERROR    | aiogram.dispatcher   | Failed to fetch updates - TelegramConflictError: Telegram server says - Conflict: terminated by other getUpdates request; make sure that only one bot instance is running
2026-03-06 00:54:55 | WARNING  | aiogram.dispatcher   | Sleep for 4.956392 seconds and try again... (tryings = 14, bot id = 8536661835)
2026-03-06 00:55:00 | ERROR    | aiogram.dispatcher   | Failed to fetch updates - TelegramConflictError: Telegram server says - Conflict: terminated by other getUpdates request; make sure that only one bot instance is running
2026-03-06 00:55:00 | WARNING  | aiogram.dispatcher   | Sleep for 1.653881 seconds and try again... (tryings = 2, bot id = 8536661835)
2026-03-06 00:55:05 | ERROR    | aiogram.dispatcher   | Failed to fetch updates - TelegramConflictError: Telegram server says - Conflict: terminated by other getUpdates request; make sure that only one bot instance is running
2026-03-06 00:55:05 | WARNING  | aiogram.dispatcher   | Sleep for 4.847713 seconds and try again... (tryings = 15, bot id = 8536661835)
2026-03-06 00:55:10 | ERROR    | aiogram.dispatcher   | Failed to fetch updates - TelegramConflictError: Telegram server says - Conflict: terminated by other getUpdates request; make sure that only one bot instance is running
2026-03-06 00:55:10 | WARNING  | aiogram.dispatcher   | Sleep for 2.100280 seconds and try again... (tryings = 3, bot id = 8536661835)
2026-03-06 00:55:15 | ERROR    | aiogram.dispatcher   | Failed to fetch updates - TelegramConflictError: Telegram server says - Conflict: terminated by other getUpdates request; make sure that only one bot instance is running
2026-03-06 00:55:15 | WARNING  | aiogram.dispatcher   | Sleep for 4.971751 seconds and try again... (tryings = 16, bot id = 8536661835)
2026-03-06 00:55:21 | ERROR    | aiogram.dispatcher   | Failed to fetch updates - TelegramConflictError: Telegram server says - Conflict: terminated by other getUpdates request; make sure that only one bot instance is running
2026-03-06 00:55:21 | WARNING  | aiogram.dispatcher   | Sleep for 2.524028 seconds and try again... (tryings = 4, bot id = 8536661835)
2026-03-06 00:55:26 | ERROR    | aiogram.dispatcher   | Failed to fetch updates - TelegramConflictError: Telegram server says - Conflict: terminated by other getUpdates request; make sure that only one bot instance is running
2026-03-06 00:55:26 | WARNING  | aiogram.dispatcher   | Sleep for 4.950197 seconds and try again... (tryings = 17, bot id = 8536661835)
2026-03-06 12:33:50 | INFO     | admin_bot            | =======================================================
2026-03-06 12:33:50 | INFO     | admin_bot            |   Ish E'lonlari  –  Admin Control Panel Bot
2026-03-06 12:33:50 | INFO     | admin_bot            | =======================================================
2026-03-06 12:33:50 | INFO     | bot.database         | [DB] Schema initialised at D:\VS Code\telegram_job_bot\data\job_bot.db
2026-03-06 12:33:54 | INFO     | bot.admin_bot        | [admin_bot] Starting admin bot …
2026-03-06 12:34:41 | INFO     | bot.database         | [DB] Source group added: Group -1003889709109 (-1003889709109)
2026-03-06 12:35:35 | INFO     | bot.database         | [DB] Source group added: Group -5173314852 (-5173314852)
2026-03-06 12:36:26 | INFO     | bot.database         | [DB] Target group set: Target -1003744320676 (-1003744320676)
2026-03-06 13:05:21 | INFO     | main                 | ============================================================
2026-03-06 13:05:21 | INFO     | main                 |   Ish E'lonlari Job Aggregator — Starting
2026-03-06 13:05:21 | INFO     | main                 | ============================================================
2026-03-06 13:05:21 | INFO     | bot.database         | [DB] Schema initialised at D:\VS Code\telegram_job_bot\data\job_bot.db
2026-03-06 13:05:21 | INFO     | main                 | [main] Connecting Telethon client …
2026-03-06 13:05:23 | INFO     | main                 | [main] Telethon logged in as: quvonchbek (id=2046196282)
2026-03-06 13:05:23 | INFO     | bot.monitor          | [monitor] Connecting to Telegram …
2026-03-06 13:05:23 | INFO     | bot.monitor          | [monitor] Logged in as: quvonchbek (id=2046196282)
2026-03-06 13:05:23 | INFO     | bot.monitor          | [monitor] Monitoring 6 group(s): ['Group -5173314852 (-5173314852)', 'Group -1003889709109 (-1003889709109)', 'Group -1002179593933 (-1002179593933)', 'Group -1003744320676 (-1003744320676)', 'Group 2046196282 (2046196282)', 'Group 7857862996 (7857862996)']
2026-03-06 13:05:23 | INFO     | bot.monitor          | [monitor] Target group: Target -1003744320676 (-1003744320676)
2026-03-06 13:05:23 | INFO     | bot.monitor          | [monitor] 👂 Listening for messages …
2026-03-06 13:05:23 | INFO     | main                 | [main] Starting admin bot as background task …
2026-03-06 13:05:23 | INFO     | main                 | [main] System fully operational. Press Ctrl+C to stop.
2026-03-06 13:05:23 | INFO     | bot.database         | [DB] Schema initialised at D:\VS Code\telegram_job_bot\data\job_bot.db
2026-03-06 13:05:24 | INFO     | bot.admin_bot        | [admin_bot] Starting admin bot …
2026-03-06 13:05:52 | INFO     | bot.monitor          | [monitor] SOURCE GROUP HIT | chat_id=-5173314852 | msg_id=143743
2026-03-06 13:05:52 | INFO     | bot.monitor          | [monitor] ✅ JOB DETECTED | chat=-5173314852 | msg=143743 | lang=uzbek | kw=['odam kerak']
2026-03-06 13:05:54 | INFO     | bot.monitor          | [monitor] ✅ FORWARDED | chat=-5173314852 | msg=143743 → target=-1003744320676
2026-03-06 13:07:06 | INFO     | bot.monitor          | [monitor] SOURCE GROUP HIT | chat_id=-5173314852 | msg_id=143744
2026-03-06 13:07:06 | INFO     | bot.monitor          | [monitor] ✅ JOB DETECTED | chat=-5173314852 | msg=143744 | lang=uzbek | kw=['ish bor', 'kishiga ish']
2026-03-06 13:07:07 | INFO     | bot.monitor          | [monitor] ✅ FORWARDED | chat=-5173314852 | msg=143744 → target=-1003744320676
2026-03-06 13:08:06 | INFO     | bot.monitor          | [monitor] SOURCE GROUP HIT | chat_id=-1003889709109 | msg_id=386
2026-03-06 13:11:10 | INFO     | bot.monitor          | [monitor] SOURCE GROUP HIT | chat_id=-1003889709109 | msg_id=387
2026-03-06 13:11:10 | INFO     | bot.monitor          | [monitor] ✅ JOB DETECTED | chat=-1003889709109 | msg=387 | lang=uzbek | kw=['ish bor']
2026-03-06 13:11:10 | INFO     | bot.monitor          | [monitor] ✅ FORWARDED | chat=-1003889709109 | msg=387 → target=-1003744320676
2026-03-06 13:12:06 | INFO     | bot.database         | [DB] Source group removed: 7857862996
2026-03-06 13:12:10 | INFO     | bot.database         | [DB] Source group removed: 2046196282
2026-03-06 13:13:05 | WARNING  | bot.admin_bot        | [admin_bot] Could not resolve entity '-1002000748619': Cannot find any entity corresponding to "-1002000748619"
2026-03-06 13:13:45 | WARNING  | bot.admin_bot        | [admin_bot] Could not resolve entity '-1001176433500': Cannot find any entity corresponding to "-1001176433500"
2026-03-06 13:14:48 | INFO     | bot.database         | [DB] Source group added: CHONAN ASAN ARBAYT (-1002301178007)
2026-03-06 13:15:24 | INFO     | bot.database         | [DB] Source group added: 영남대학교 🇰🇷 & 🇺🇿 (-1001176433500)
2026-03-06 13:15:59 | INFO     | bot.monitor          | [monitor] SOURCE GROUP HIT | chat_id=-5173314852 | msg_id=143788
2026-03-06 13:15:59 | INFO     | bot.monitor          | [monitor] ✅ JOB DETECTED | chat=-5173314852 | msg=143788 | lang=uzbek | kw=['odam kerak']
2026-03-06 13:16:00 | INFO     | bot.monitor          | [monitor] ✅ FORWARDED | chat=-5173314852 | msg=143788 → target=-1003744320676
2026-03-06 13:16:58 | INFO     | bot.database         | [DB] Source group added: 충남(CHONAN) ARBAIT (-1001212678634)
2026-03-06 13:19:13 | INFO     | bot.monitor          | [monitor] SOURCE GROUP HIT | chat_id=-1002301178007 | msg_id=6678
2026-03-06 13:19:22 | INFO     | bot.monitor          | [monitor] SOURCE GROUP HIT | chat_id=-1002301178007 | msg_id=6679
2026-03-06 13:21:21 | INFO     | bot.monitor          | [monitor] SOURCE GROUP HIT | chat_id=-5173314852 | msg_id=143793
2026-03-06 13:21:21 | INFO     | bot.monitor          | [monitor] ✅ JOB DETECTED | chat=-5173314852 | msg=143793 | lang=uzbek | kw=['odam kerak']
2026-03-06 13:21:21 | INFO     | bot.monitor          | [monitor] ✅ FORWARDED | chat=-5173314852 | msg=143793 → target=-1003744320676
2026-03-06 13:24:43 | INFO     | main                 | ============================================================
2026-03-06 13:24:43 | INFO     | main                 |   Ish E'lonlari Job Aggregator — Starting
2026-03-06 13:24:43 | INFO     | main                 | ============================================================
2026-03-06 13:24:43 | INFO     | bot.database         | [DB] Schema initialised at D:\VS Code\telegram_job_bot\data\job_bot.db
2026-03-06 13:24:43 | INFO     | main                 | [main] Connecting Telethon client …
2026-03-06 13:24:45 | INFO     | main                 | [main] Telethon logged in as: quvonchbek (id=2046196282)
2026-03-06 13:24:45 | INFO     | bot.monitor          | [monitor] Connecting to Telegram …
2026-03-06 13:24:46 | INFO     | bot.monitor          | [monitor] Logged in as: quvonchbek (id=2046196282)
2026-03-06 13:24:46 | INFO     | bot.monitor          | [monitor] Monitoring 7 group(s): ['충남(CHONAN) ARBAIT (-1001212678634)', '영남대학교 🇰🇷 & 🇺🇿 (-1001176433500)', 'CHONAN ASAN ARBAYT (-1002301178007)', 'Group -5173314852 (-5173314852)', 'Group -1003889709109 (-1003889709109)', 'Group -1002179593933 (-1002179593933)', 'Group -1003744320676 (-1003744320676)']
2026-03-06 13:24:46 | INFO     | bot.monitor          | [monitor] Target group: Target -1003744320676 (-1003744320676)
2026-03-06 13:24:46 | INFO     | bot.monitor          | [monitor] 👂 Listening for messages …
2026-03-06 13:24:46 | INFO     | main                 | [main] Starting admin bot as background task …
2026-03-06 13:24:46 | INFO     | main                 | [main] System fully operational. Press Ctrl+C to stop.
2026-03-06 13:24:46 | INFO     | bot.database         | [DB] Schema initialised at D:\VS Code\telegram_job_bot\data\job_bot.db
2026-03-06 13:24:46 | INFO     | bot.admin_bot        | [admin_bot] Starting admin bot …
2026-03-06 13:25:08 | INFO     | bot.monitor          | [monitor] SOURCE GROUP HIT | chat_id=-5173314852 | msg_id=143794
2026-03-06 13:25:08 | INFO     | bot.monitor          | [monitor] ✅ JOB DETECTED | chat=-5173314852 | msg=143794 | lang=uzbek | kw=['ish bor']
2026-03-06 13:25:10 | INFO     | bot.monitor          | [monitor] ✅ FORWARDED | chat=-5173314852 | msg=143794 → target=-1003744320676
2026-03-06 13:27:40 | INFO     | main                 | ============================================================
2026-03-06 13:27:40 | INFO     | main                 |   Ish E'lonlari Job Aggregator — Starting
2026-03-06 13:27:40 | INFO     | main                 | ============================================================
2026-03-06 13:27:40 | INFO     | bot.database         | [DB] Schema initialised at D:\VS Code\telegram_job_bot\data\job_bot.db
2026-03-06 13:27:40 | INFO     | main                 | [main] Connecting Telethon client …
2026-03-06 13:27:42 | INFO     | main                 | [main] Telethon logged in as: quvonchbek (id=2046196282)
2026-03-06 13:27:42 | INFO     | bot.monitor          | [monitor] Connecting to Telegram …
2026-03-06 13:27:42 | INFO     | bot.monitor          | [monitor] Logged in as: quvonchbek (id=2046196282)
2026-03-06 13:27:42 | INFO     | bot.monitor          | [monitor] Monitoring 7 group(s): ['충남(CHONAN) ARBAIT (-1001212678634)', '영남대학교 🇰🇷 & 🇺🇿 (-1001176433500)', 'CHONAN ASAN ARBAYT (-1002301178007)', 'Group -5173314852 (-5173314852)', 'Group -1003889709109 (-1003889709109)', 'Group -1002179593933 (-1002179593933)', 'Group -1003744320676 (-1003744320676)']
2026-03-06 13:27:42 | INFO     | bot.monitor          | [monitor] Target group: Target -1003744320676 (-1003744320676)
2026-03-06 13:27:42 | INFO     | bot.monitor          | [monitor] 👂 Listening for messages …
2026-03-06 13:27:42 | INFO     | main                 | [main] Starting admin bot as background task …
2026-03-06 13:27:42 | INFO     | main                 | [main] System fully operational. Press Ctrl+C to stop.
2026-03-06 13:27:42 | INFO     | bot.database         | [DB] Schema initialised at D:\VS Code\telegram_job_bot\data\job_bot.db
2026-03-06 13:27:43 | INFO     | bot.admin_bot        | [admin_bot] Starting admin bot …
2026-03-06 13:27:51 | INFO     | bot.monitor          | [monitor] SOURCE GROUP HIT | chat_id=-5173314852 | msg_id=143795
2026-03-06 13:27:51 | INFO     | bot.monitor          | [monitor] ✅ JOB DETECTED | chat=-5173314852 | msg=143795 | lang=uzbek | kw=['odam kerak']
2026-03-06 13:27:53 | INFO     | bot.monitor          | [monitor] ✅ FORWARDED | chat=-5173314852 | msg=143795 → target=-1003744320676
2026-03-06 13:28:29 | INFO     | main                 | ============================================================
2026-03-06 13:28:29 | INFO     | main                 |   Ish E'lonlari Job Aggregator — Starting
2026-03-06 13:28:29 | INFO     | main                 | ============================================================
2026-03-06 13:28:29 | INFO     | bot.database         | [DB] Schema initialised at D:\VS Code\telegram_job_bot\data\job_bot.db
2026-03-06 13:28:29 | INFO     | main                 | [main] Connecting Telethon client …
2026-03-06 13:28:31 | INFO     | main                 | [main] Telethon logged in as: quvonchbek (id=2046196282)
2026-03-06 13:28:31 | INFO     | bot.monitor          | [monitor] Connecting to Telegram …
2026-03-06 13:28:32 | INFO     | bot.monitor          | [monitor] Logged in as: quvonchbek (id=2046196282)
2026-03-06 13:28:32 | INFO     | bot.monitor          | [monitor] Monitoring 7 group(s): ['충남(CHONAN) ARBAIT (-1001212678634)', '영남대학교 🇰🇷 & 🇺🇿 (-1001176433500)', 'CHONAN ASAN ARBAYT (-1002301178007)', 'Group -5173314852 (-5173314852)', 'Group -1003889709109 (-1003889709109)', 'Group -1002179593933 (-1002179593933)', 'Group -1003744320676 (-1003744320676)']
2026-03-06 13:28:32 | INFO     | bot.monitor          | [monitor] Target group: Target -1003744320676 (-1003744320676)
2026-03-06 13:28:32 | INFO     | bot.monitor          | [monitor] 👂 Listening for messages …
2026-03-06 13:28:32 | INFO     | main                 | [main] Starting admin bot as background task …
2026-03-06 13:28:32 | INFO     | main                 | [main] System fully operational. Press Ctrl+C to stop.
2026-03-06 13:28:32 | INFO     | bot.database         | [DB] Schema initialised at D:\VS Code\telegram_job_bot\data\job_bot.db
2026-03-06 13:28:32 | INFO     | bot.admin_bot        | [admin_bot] Starting admin bot …
2026-03-06 13:28:41 | INFO     | bot.monitor          | [monitor] SOURCE GROUP HIT | chat_id=-1003744320676 | msg_id=10
2026-03-06 13:28:55 | INFO     | bot.monitor          | [monitor] SOURCE GROUP HIT | chat_id=-5173314852 | msg_id=143796
2026-03-06 13:29:22 | INFO     | bot.monitor          | [monitor] SOURCE GROUP HIT | chat_id=-5173314852 | msg_id=143797
2026-03-06 13:29:22 | INFO     | bot.monitor          | [monitor] ✅ JOB DETECTED | chat=-5173314852 | msg=143797 | lang=uzbek | kw=['ish bor', 'kishiga ish']
2026-03-06 13:29:24 | INFO     | bot.monitor          | [monitor] ✅ FORWARDED | chat=-5173314852 | msg=143797 → target=-1003744320676
2026-03-06 13:30:29 | INFO     | main                 | ============================================================
2026-03-06 13:30:29 | INFO     | main                 |   Ish E'lonlari Job Aggregator — Starting
2026-03-06 13:30:29 | INFO     | main                 | ============================================================
2026-03-06 13:30:29 | INFO     | bot.database         | [DB] Schema initialised at D:\VS Code\telegram_job_bot\data\job_bot.db
2026-03-06 13:30:29 | INFO     | main                 | [main] Connecting Telethon client …
2026-03-06 13:30:31 | INFO     | main                 | [main] Telethon logged in as: quvonchbek (id=2046196282)
2026-03-06 13:30:31 | INFO     | bot.monitor          | [monitor] Connecting to Telegram …
2026-03-06 13:30:32 | INFO     | bot.monitor          | [monitor] Logged in as: quvonchbek (id=2046196282)
2026-03-06 13:30:32 | INFO     | bot.monitor          | [monitor] Monitoring 7 group(s): ['충남(CHONAN) ARBAIT (-1001212678634)', '영남대학교 🇰🇷 & 🇺🇿 (-1001176433500)', 'CHONAN ASAN ARBAYT (-1002301178007)', 'Group -5173314852 (-5173314852)', 'Group -1003889709109 (-1003889709109)', 'Group -1002179593933 (-1002179593933)', 'Group -1003744320676 (-1003744320676)']
2026-03-06 13:30:32 | INFO     | bot.monitor          | [monitor] Target group: Target -1003744320676 (-1003744320676)
2026-03-06 13:30:32 | INFO     | bot.monitor          | [monitor] 👂 Listening for messages …
2026-03-06 13:30:32 | INFO     | main                 | [main] Starting admin bot as background task …
2026-03-06 13:30:32 | INFO     | main                 | [main] System fully operational. Press Ctrl+C to stop.
2026-03-06 13:30:32 | INFO     | bot.database         | [DB] Schema initialised at D:\VS Code\telegram_job_bot\data\job_bot.db
2026-03-06 13:30:32 | INFO     | bot.admin_bot        | [admin_bot] Starting admin bot …
2026-03-06 13:30:35 | INFO     | bot.monitor          | [monitor] SOURCE GROUP HIT | chat_id=-5173314852 | msg_id=143798
2026-03-06 13:30:35 | INFO     | bot.monitor          | [monitor] ✅ JOB DETECTED | chat=-5173314852 | msg=143798 | lang=uzbek | kw=['ish bor', 'kishiga ish']
2026-03-06 13:30:37 | INFO     | bot.monitor          | [monitor] ✅ FORWARDED | chat=-5173314852 | msg=143798 → target=-1003744320676
2026-03-06 13:31:28 | INFO     | main                 | ============================================================
2026-03-06 13:31:28 | INFO     | main                 |   Ish E'lonlari Job Aggregator — Starting
2026-03-06 13:31:28 | INFO     | main                 | ============================================================
2026-03-06 13:31:28 | INFO     | bot.database         | [DB] Schema initialised at D:\VS Code\telegram_job_bot\data\job_bot.db
2026-03-06 13:31:28 | INFO     | main                 | [main] Connecting Telethon client …
2026-03-06 13:31:29 | INFO     | main                 | [main] Telethon logged in as: quvonchbek (id=2046196282)
2026-03-06 13:31:29 | INFO     | bot.monitor          | [monitor] Connecting to Telegram …
2026-03-06 13:31:30 | INFO     | bot.monitor          | [monitor] Logged in as: quvonchbek (id=2046196282)
2026-03-06 13:31:30 | INFO     | bot.monitor          | [monitor] Monitoring 7 group(s): ['충남(CHONAN) ARBAIT (-1001212678634)', '영남대학교 🇰🇷 & 🇺🇿 (-1001176433500)', 'CHONAN ASAN ARBAYT (-1002301178007)', 'Group -5173314852 (-5173314852)', 'Group -1003889709109 (-1003889709109)', 'Group -1002179593933 (-1002179593933)', 'Group -1003744320676 (-1003744320676)']
2026-03-06 13:31:30 | INFO     | bot.monitor          | [monitor] Target group: Target -1003744320676 (-1003744320676)
2026-03-06 13:31:30 | INFO     | bot.monitor          | [monitor] 👂 Listening for messages …
2026-03-06 13:31:30 | INFO     | main                 | [main] Starting admin bot as background task …
2026-03-06 13:31:30 | INFO     | main                 | [main] System fully operational. Press Ctrl+C to stop.
2026-03-06 13:31:30 | INFO     | bot.database         | [DB] Schema initialised at D:\VS Code\telegram_job_bot\data\job_bot.db
2026-03-06 13:31:30 | INFO     | bot.admin_bot        | [admin_bot] Starting admin bot …
2026-03-06 13:31:31 | INFO     | bot.monitor          | [monitor] SOURCE GROUP HIT | chat_id=-5173314852 | msg_id=143799
2026-03-06 13:31:31 | INFO     | bot.monitor          | [monitor] ✅ JOB DETECTED | chat=-5173314852 | msg=143799 | lang=uzbek | kw=['ish bor', 'kishiga ish']
2026-03-06 13:31:33 | INFO     | bot.monitor          | [monitor] ✅ FORWARDED | chat=-5173314852 | msg=143799 → target=-1003744320676
2026-03-06 13:37:58 | INFO     | bot.monitor          | [monitor] SOURCE GROUP HIT | chat_id=-5173314852 | msg_id=143804
2026-03-06 13:37:58 | INFO     | bot.monitor          | [monitor] ✅ JOB DETECTED | chat=-5173314852 | msg=143804 | lang=uzbek | kw=['ish bor']
2026-03-06 13:38:00 | INFO     | bot.monitor          | [monitor] ✅ FORWARDED | chat=-5173314852 | msg=143804 → target=-1003744320676
2026-03-06 13:38:44 | INFO     | main                 | ============================================================
2026-03-06 13:38:44 | INFO     | main                 |   Ish E'lonlari Job Aggregator — Starting
2026-03-06 13:38:44 | INFO     | main                 | ============================================================
2026-03-06 13:38:44 | INFO     | bot.database         | [DB] Schema initialised at D:\VS Code\telegram_job_bot\data\job_bot.db
2026-03-06 13:38:44 | INFO     | main                 | [main] Connecting Telethon client …
2026-03-06 13:38:51 | INFO     | main                 | ============================================================
2026-03-06 13:38:51 | INFO     | main                 |   Ish E'lonlari Job Aggregator — Starting
2026-03-06 13:38:51 | INFO     | main                 | ============================================================
2026-03-06 13:38:51 | INFO     | bot.database         | [DB] Schema initialised at D:\VS Code\telegram_job_bot\data\job_bot.db
2026-03-06 13:38:51 | INFO     | main                 | [main] Connecting Telethon client …
2026-03-06 13:38:53 | INFO     | main                 | [main] Telethon logged in as: quvonchbek (id=2046196282)
2026-03-06 13:38:53 | INFO     | bot.monitor          | [monitor] Connecting to Telegram …
2026-03-06 13:38:53 | INFO     | bot.monitor          | [monitor] Logged in as: quvonchbek (id=2046196282)
2026-03-06 13:38:53 | INFO     | bot.monitor          | [monitor] Monitoring 7 group(s): ['충남(CHONAN) ARBAIT (-1001212678634)', '영남대학교 🇰🇷 & 🇺🇿 (-1001176433500)', 'CHONAN ASAN ARBAYT (-1002301178007)', 'Group -5173314852 (-5173314852)', 'Group -1003889709109 (-1003889709109)', 'Group -1002179593933 (-1002179593933)', 'Group -1003744320676 (-1003744320676)']
2026-03-06 13:38:53 | INFO     | bot.monitor          | [monitor] Target group: Target -1003744320676 (-1003744320676)
2026-03-06 13:38:53 | INFO     | bot.monitor          | [monitor] 👂 Listening for messages …
2026-03-06 13:38:53 | INFO     | main                 | [main] Starting admin bot as background task …
2026-03-06 13:38:53 | INFO     | main                 | [main] System fully operational. Press Ctrl+C to stop.
2026-03-06 13:38:53 | INFO     | bot.database         | [DB] Schema initialised at D:\VS Code\telegram_job_bot\data\job_bot.db
2026-03-06 13:38:54 | INFO     | bot.admin_bot        | [admin_bot] Starting admin bot …
2026-03-06 13:38:55 | INFO     | bot.monitor          | [monitor] SOURCE GROUP HIT | chat_id=-5173314852 | msg_id=143805
2026-03-06 13:38:55 | INFO     | bot.monitor          | [monitor] ✅ JOB DETECTED | chat=-5173314852 | msg=143805 | lang=uzbek | kw=['ish bor']
2026-03-06 13:38:57 | INFO     | bot.monitor          | [monitor] ✅ FORWARDED | chat=-5173314852 | msg=143805 → target=-1003744320676
2026-03-06 13:42:11 | INFO     | bot.monitor          | [monitor] SOURCE GROUP HIT | chat_id=-1003889709109 | msg_id=388
2026-03-06 13:43:46 | INFO     | bot.monitor          | [monitor] SOURCE GROUP HIT | chat_id=-1001212678634 | msg_id=166382
2026-03-06 13:44:42 | INFO     | bot.monitor          | [monitor] SOURCE GROUP HIT | chat_id=-1003889709109 | msg_id=389
2026-03-06 13:44:42 | INFO     | bot.monitor          | [monitor] ✅ JOB DETECTED | chat=-1003889709109 | msg=389 | lang=russian | kw=['зарплата']
2026-03-06 13:44:42 | INFO     | bot.monitor          | [monitor] ✅ FORWARDED | chat=-1003889709109 | msg=389 → target=-1003744320676
2026-03-06 13:45:11 | INFO     | bot.monitor          | [monitor] SOURCE GROUP HIT | chat_id=-1003889709109 | msg_id=390
2026-03-06 13:45:37 | INFO     | bot.database         | [DB] Source group removed: -1003889709109
2026-03-06 13:46:49 | INFO     | bot.monitor          | [monitor] SOURCE GROUP HIT | chat_id=-1001176433500 | msg_id=369286
2026-03-06 13:47:44 | INFO     | main                 | ============================================================
2026-03-06 13:47:44 | INFO     | main                 |   Ish E'lonlari Job Aggregator — Starting
2026-03-06 13:47:44 | INFO     | main                 | ============================================================
2026-03-06 13:47:44 | INFO     | bot.database         | [DB] Schema initialised at D:\VS Code\telegram_job_bot\data\job_bot.db
2026-03-06 13:47:44 | INFO     | main                 | [main] Connecting Telethon client …
2026-03-06 13:47:46 | INFO     | main                 | [main] Telethon logged in as: quvonchbek (id=2046196282)
2026-03-06 13:47:46 | INFO     | bot.monitor          | [monitor] Connecting to Telegram …
2026-03-06 13:47:46 | INFO     | bot.monitor          | [monitor] Logged in as: quvonchbek (id=2046196282)
2026-03-06 13:47:46 | INFO     | bot.monitor          | [monitor] Monitoring 6 group(s): ['충남(CHONAN) ARBAIT (-1001212678634)', '영남대학교 🇰🇷 & 🇺🇿 (-1001176433500)', 'CHONAN ASAN ARBAYT (-1002301178007)', 'Group -5173314852 (-5173314852)', 'Group -1002179593933 (-1002179593933)', 'Group -1003744320676 (-1003744320676)']
2026-03-06 13:47:46 | INFO     | bot.monitor          | [monitor] Target group: Target -1003744320676 (-1003744320676)
2026-03-06 13:47:46 | INFO     | bot.monitor          | [monitor] 👂 Listening for messages …
2026-03-06 13:47:46 | INFO     | main                 | [main] Starting admin bot as background task …
2026-03-06 13:47:46 | INFO     | main                 | [main] System fully operational. Press Ctrl+C to stop.
2026-03-06 13:47:46 | INFO     | bot.database         | [DB] Schema initialised at D:\VS Code\telegram_job_bot\data\job_bot.db
2026-03-06 13:47:47 | INFO     | bot.admin_bot        | [admin_bot] Starting admin bot …
2026-03-06 13:48:11 | INFO     | bot.database         | [DB] Source group added: KIMHE ISH 김해 일 (-1001453574665)
2026-03-06 13:48:48 | INFO     | bot.monitor          | [monitor] SOURCE GROUP HIT | chat_id=-1001176433500 | msg_id=369287
2026-03-06 13:49:26 | INFO     | bot.database         | [DB] Source group added: BUSAN ISH E'LON (-1001503748476)
2026-03-06 13:50:31 | INFO     | bot.database         | [DB] Source group added: Daeso Deoksan Jincheon Mugeuk Samseong Gwanhewon arbayt tekpe тессо токсан чинчен (-1001799111985)
2026-03-06 13:52:31 | INFO     | bot.monitor          | [monitor] SOURCE GROUP HIT | chat_id=-1001453574665 | msg_id=297906
2026-03-06 13:52:31 | INFO     | bot.monitor          | [monitor] ✅ JOB DETECTED | chat=-1001453574665 | msg=297906 | lang=uzbek | kw=['ish bor']
2026-03-06 13:52:31 | INFO     | bot.monitor          | [monitor] SOURCE GROUP HIT | chat_id=-1001453574665 | msg_id=297907
2026-03-06 13:52:31 | INFO     | bot.monitor          | [monitor] SOURCE GROUP HIT | chat_id=-1001453574665 | msg_id=297908
2026-03-06 13:52:31 | INFO     | bot.monitor          | [monitor] SOURCE GROUP HIT | chat_id=-1001453574665 | msg_id=297909
2026-03-06 13:52:32 | INFO     | bot.monitor          | [monitor] ✅ FORWARDED | chat=-1001453574665 | msg=297906 → target=-1003744320676
2026-03-06 13:53:33 | INFO     | main                 | ============================================================
2026-03-06 13:53:33 | INFO     | main                 |   Ish E'lonlari Job Aggregator — Starting
2026-03-06 13:53:33 | INFO     | main                 | ============================================================
2026-03-06 13:53:33 | INFO     | bot.database         | [DB] Schema initialised at D:\VS Code\telegram_job_bot\data\job_bot.db
2026-03-06 13:53:33 | INFO     | main                 | [main] Connecting Telethon client …
2026-03-06 13:53:35 | INFO     | main                 | [main] Telethon logged in as: quvonchbek (id=2046196282)
2026-03-06 13:53:35 | INFO     | bot.monitor          | [monitor] Connecting to Telegram …
2026-03-06 13:53:35 | INFO     | bot.monitor          | [monitor] Logged in as: quvonchbek (id=2046196282)
2026-03-06 13:53:35 | INFO     | bot.monitor          | [monitor] Monitoring 9 group(s): ['Daeso Deoksan Jincheon Mugeuk Samseong Gwanhewon arbayt tekpe тессо токсан чинчен (-1001799111985)', "BUSAN ISH E'LON (-1001503748476)", 'KIMHE ISH 김해 일 (-1001453574665)', '충남(CHONAN) ARBAIT (-1001212678634)', '영남대학교 🇰🇷 & 🇺🇿 (-1001176433500)', 'CHONAN ASAN ARBAYT (-1002301178007)', 'Group -5173314852 (-5173314852)', 'Group -1002179593933 (-1002179593933)', 'Group -1003744320676 (-1003744320676)']
2026-03-06 13:53:35 | INFO     | bot.monitor          | [monitor] Target group: Target -1003744320676 (-1003744320676)
2026-03-06 13:53:35 | INFO     | bot.monitor          | [monitor] 👂 Listening for messages …
2026-03-06 13:53:35 | INFO     | main                 | [main] Starting admin bot as background task …
2026-03-06 13:53:35 | INFO     | main                 | [main] System fully operational. Press Ctrl+C to stop.
2026-03-06 13:53:35 | INFO     | bot.database         | [DB] Schema initialised at D:\VS Code\telegram_job_bot\data\job_bot.db
2026-03-06 13:53:36 | INFO     | bot.admin_bot        | [admin_bot] Starting admin bot …
2026-03-06 13:57:09 | INFO     | bot.monitor          | [monitor] SOURCE GROUP HIT | chat_id=-1001212678634 | msg_id=166398
2026-03-06 14:08:18 | INFO     | bot.monitor          | [monitor] SOURCE GROUP HIT | chat_id=-1002301178007 | msg_id=6680
2026-03-06 14:12:30 | INFO     | main                 | ============================================================
2026-03-06 14:12:30 | INFO     | main                 |   Ish E'lonlari Job Aggregator — Starting
2026-03-06 14:12:30 | INFO     | main                 | ============================================================
2026-03-06 14:12:30 | INFO     | bot.database         | [DB] Schema initialised at D:\VS Code\telegram_job_bot\data\job_bot.db
2026-03-06 14:12:30 | INFO     | main                 | [main] Connecting Telethon client …
2026-03-06 14:12:32 | INFO     | main                 | [main] Telethon logged in as: quvonchbek (id=2046196282)
2026-03-06 14:12:32 | INFO     | bot.monitor          | [monitor] Connecting to Telegram …
2026-03-06 14:12:33 | INFO     | bot.monitor          | [monitor] Logged in as: quvonchbek (id=2046196282)
2026-03-06 14:12:33 | INFO     | bot.monitor          | [monitor] Monitoring 9 group(s): ['Daeso Deoksan Jincheon Mugeuk Samseong Gwanhewon arbayt tekpe тессо токсан чинчен (-1001799111985)', "BUSAN ISH E'LON (-1001503748476)", 'KIMHE ISH 김해 일 (-1001453574665)', '충남(CHONAN) ARBAIT (-1001212678634)', '영남대학교 🇰🇷 & 🇺🇿 (-1001176433500)', 'CHONAN ASAN ARBAYT (-1002301178007)', 'Group -5173314852 (-5173314852)', 'Group -1002179593933 (-1002179593933)', 'Group -1003744320676 (-1003744320676)']
2026-03-06 14:12:33 | INFO     | bot.monitor          | [monitor] Target group: Target -1003744320676 (-1003744320676)
2026-03-06 14:12:33 | INFO     | bot.monitor          | [monitor] 👂 Listening for messages …
2026-03-06 14:12:33 | INFO     | main                 | [main] Starting admin bot as background task …
2026-03-06 14:12:33 | INFO     | main                 | [main] System fully operational. Press Ctrl+C to stop.
2026-03-06 14:12:33 | INFO     | bot.database         | [DB] Schema initialised at D:\VS Code\telegram_job_bot\data\job_bot.db
2026-03-06 14:12:36 | INFO     | bot.admin_bot        | [admin_bot] Starting admin bot …
2026-03-06 14:12:54 | INFO     | bot.monitor          | [monitor] SOURCE GROUP HIT | chat_id=-5173314852 | msg_id=143837
2026-03-06 14:12:54 | INFO     | bot.monitor          | [monitor] ✅ JOB DETECTED | chat=-5173314852 | msg=143837 | lang=uzbek | kw=['ish bor']
2026-03-06 14:12:58 | INFO     | bot.monitor          | [monitor] ✅ FORWARDED | chat=-5173314852 | msg=143837 → target=-1003744320676
2026-03-06 14:25:44 | INFO     | bot.monitor          | [monitor] SOURCE GROUP HIT | chat_id=-1001176433500 | msg_id=369295
2026-03-06 14:25:44 | INFO     | bot.monitor          | [monitor] SOURCE GROUP HIT | chat_id=-1001176433500 | msg_id=369296
2026-03-06 14:25:44 | INFO     | bot.monitor          | [monitor] SOURCE GROUP HIT | chat_id=-1001176433500 | msg_id=369297
2026-03-06 14:25:44 | INFO     | bot.monitor          | [monitor] ✅ JOB DETECTED | chat=-1001176433500 | msg=369297 | lang=uzbek | kw=['ish bor']
2026-03-06 14:25:44 | INFO     | bot.monitor          | [monitor] SOURCE GROUP HIT | chat_id=-1001176433500 | msg_id=369298
2026-03-06 14:25:44 | INFO     | bot.monitor          | [monitor] SOURCE GROUP HIT | chat_id=-1001176433500 | msg_id=369299
2026-03-06 14:25:44 | INFO     | bot.monitor          | [monitor] SOURCE GROUP HIT | chat_id=-1001176433500 | msg_id=369300
2026-03-06 14:25:44 | INFO     | bot.monitor          | [monitor] ✅ FORWARDED | chat=-1001176433500 | msg=369297 → target=-1003744320676
2026-03-06 14:27:58 | INFO     | bot.monitor          | [monitor] SOURCE GROUP HIT | chat_id=-1001453574665 | msg_id=297912
2026-03-06 14:27:58 | INFO     | bot.monitor          | [monitor] SOURCE GROUP HIT | chat_id=-1001453574665 | msg_id=297913
2026-03-06 14:27:58 | INFO     | bot.monitor          | [monitor] SOURCE GROUP HIT | chat_id=-1001453574665 | msg_id=297914
2026-03-06 14:27:58 | INFO     | bot.monitor          | [monitor] ✅ JOB DETECTED | chat=-1001453574665 | msg=297914 | lang=uzbek | kw=['kishi kerak']
2026-03-06 14:27:58 | INFO     | bot.monitor          | [monitor] SOURCE GROUP HIT | chat_id=-1001453574665 | msg_id=297915
2026-03-06 14:27:58 | INFO     | bot.monitor          | [monitor] SOURCE GROUP HIT | chat_id=-1001453574665 | msg_id=297916
2026-03-06 14:27:59 | INFO     | bot.monitor          | [monitor] SOURCE GROUP HIT | chat_id=-1001212678634 | msg_id=166403
2026-03-06 14:27:59 | INFO     | bot.monitor          | [monitor] ✅ FORWARDED | chat=-1001453574665 | msg=297914 → target=-1003744320676
2026-03-06 14:28:04 | INFO     | bot.database         | [DB] Target group set: Korea Ish E'lonlari (-1003744320676)
2026-03-06 14:28:10 | INFO     | bot.monitor          | [monitor] SOURCE GROUP HIT | chat_id=-1001503748476 | msg_id=78201
2026-03-06 14:28:12 | INFO     | bot.monitor          | [monitor] SOURCE GROUP HIT | chat_id=-1003744320676 | msg_id=25
2026-03-06 14:28:12 | INFO     | bot.monitor          | [monitor] ✅ JOB DETECTED | chat=-1003744320676 | msg=25 | lang=uzbek | kw=['kishi kerak']
2026-03-06 14:28:13 | INFO     | bot.monitor          | [monitor] ✅ FORWARDED | chat=-1003744320676 | msg=25 → target=-1003744320676
2026-03-06 14:28:33 | INFO     | bot.monitor          | [monitor] SOURCE GROUP HIT | chat_id=-1002301178007 | msg_id=6681
2026-03-06 14:28:43 | INFO     | bot.monitor          | [monitor] SOURCE GROUP HIT | chat_id=-1001453574665 | msg_id=297917
2026-03-06 14:30:20 | WARNING  | bot.admin_bot        | [admin_bot] Could not resolve entity '-1003744320676': Cannot find any entity corresponding to "-1003744320676"
2026-03-06 14:31:00 | INFO     | bot.database         | [DB] Target group set: Korea Ish E'lonlari (-1003744320676)
2026-03-06 14:31:33 | INFO     | bot.database         | [DB] Source group removed: -1003744320676
2026-03-06 14:34:12 | INFO     | bot.database         | [DB] Source group added: Daejeon Arbayt Guruhi (-1001304686518)
2026-03-06 14:34:58 | INFO     | bot.database         | [DB] Source group added: Korean jobs! Koreya bo'ylab bo'sh ish o‘rinlari: (Tekpe, qurilish, zavod, arabayt, mehmonxonalar, taxi xizmati, yuridik yordam) (-1001146665528)
2026-03-06 14:40:44 | INFO     | bot.monitor          | [monitor] SOURCE GROUP HIT | chat_id=-1001176433500 | msg_id=369301
2026-03-06 14:40:44 | INFO     | bot.monitor          | [monitor] SOURCE GROUP HIT | chat_id=-1001176433500 | msg_id=369302
2026-03-06 14:40:44 | INFO     | bot.monitor          | [monitor] SOURCE GROUP HIT | chat_id=-1001176433500 | msg_id=369303
2026-03-06 14:40:44 | INFO     | bot.monitor          | [monitor] SOURCE GROUP HIT | chat_id=-1001176433500 | msg_id=369304
2026-03-06 14:41:41 | INFO     | bot.monitor          | [monitor] SOURCE GROUP HIT | chat_id=-1001453574665 | msg_id=297918
2026-03-06 14:42:59 | INFO     | bot.monitor          | [monitor] SOURCE GROUP HIT | chat_id=-1001212678634 | msg_id=166404
2026-03-06 14:43:18 | INFO     | bot.monitor          | [monitor] SOURCE GROUP HIT | chat_id=-1002179593933 | msg_id=57128
2026-03-06 14:43:43 | INFO     | main                 | ============================================================
2026-03-06 14:43:43 | INFO     | main                 |   Ish E'lonlari Job Aggregator — Starting
2026-03-06 14:43:43 | INFO     | main                 | ============================================================
2026-03-06 14:43:43 | INFO     | bot.database         | [DB] Schema initialised at D:\VS Code\telegram_job_bot\data\job_bot.db
2026-03-06 14:43:43 | INFO     | main                 | [main] Connecting Telethon client …
2026-03-06 14:43:45 | INFO     | main                 | [main] Telethon logged in as: quvonchbek (id=2046196282)
2026-03-06 14:43:45 | INFO     | bot.monitor          | [monitor] Connecting to Telegram …
2026-03-06 14:43:45 | INFO     | bot.monitor          | [monitor] Logged in as: quvonchbek (id=2046196282)
2026-03-06 14:43:45 | INFO     | bot.monitor          | [monitor] Monitoring 10 group(s): ["Korean jobs! Koreya bo'ylab bo'sh ish o‘rinlari: (Tekpe, qurilish, zavod, arabayt, mehmonxonalar, taxi xizmati, yuridik yordam) (-1001146665528)", 'Daejeon Arbayt Guruhi (-1001304686518)', 'Daeso Deoksan Jincheon Mugeuk Samseong Gwanhewon arbayt tekpe тессо токсан чинчен (-1001799111985)', "BUSAN ISH E'LON (-1001503748476)", 'KIMHE ISH 김해 일 (-1001453574665)', '충남(CHONAN) ARBAIT (-1001212678634)', '영남대학교 🇰🇷 & 🇺🇿 (-1001176433500)', 'CHONAN ASAN ARBAYT (-1002301178007)', 'Group -5173314852 (-5173314852)', 'Group -1002179593933 (-1002179593933)']
2026-03-06 14:43:45 | INFO     | bot.monitor          | [monitor] Target group: Korea Ish E'lonlari (-1003744320676)
2026-03-06 14:43:45 | INFO     | bot.monitor          | [monitor] 👂 Listening for messages …
2026-03-06 14:43:45 | INFO     | main                 | [main] Starting admin bot as background task …
2026-03-06 14:43:45 | INFO     | main                 | [main] System fully operational. Press Ctrl+C to stop.
2026-03-06 14:43:45 | INFO     | bot.database         | [DB] Schema initialised at D:\VS Code\telegram_job_bot\data\job_bot.db
2026-03-06 14:43:45 | INFO     | bot.admin_bot        | [admin_bot] Starting admin bot …
2026-03-06 14:45:46 | INFO     | bot.database         | [DB] Source group added: Test Group (-1003833786454)
2026-03-06 14:46:12 | INFO     | bot.monitor          | [monitor] SOURCE GROUP HIT | chat_id=-1003833786454 | msg_id=3
2026-03-06 14:46:12 | INFO     | bot.monitor          | [monitor] ✅ JOB DETECTED | chat=-1003833786454 | msg=3 | lang=uzbek | kw=['ish bor']
2026-03-06 14:46:12 | INFO     | bot.monitor          | [monitor] ✅ FORWARDED | chat=-1003833786454 | msg=3 → target=-1003744320676
2026-03-06 14:47:16 | INFO     | main                 | ============================================================
2026-03-06 14:47:16 | INFO     | main                 |   Ish E'lonlari Job Aggregator — Starting
2026-03-06 14:47:16 | INFO     | main                 | ============================================================
2026-03-06 14:47:16 | INFO     | bot.database         | [DB] Schema initialised at D:\VS Code\telegram_job_bot\data\job_bot.db
2026-03-06 14:47:16 | INFO     | main                 | [main] Connecting Telethon client …
2026-03-06 14:47:18 | INFO     | main                 | [main] Telethon logged in as: quvonchbek (id=2046196282)
2026-03-06 14:47:18 | INFO     | bot.monitor          | [monitor] Connecting to Telegram …
2026-03-06 14:47:18 | INFO     | bot.monitor          | [monitor] Logged in as: quvonchbek (id=2046196282)
2026-03-06 14:47:18 | INFO     | bot.monitor          | [monitor] Monitoring 11 group(s): ['Test Group (-1003833786454)', "Korean jobs! Koreya bo'ylab bo'sh ish o‘rinlari: (Tekpe, qurilish, zavod, arabayt, mehmonxonalar, taxi xizmati, yuridik yordam) (-1001146665528)", 'Daejeon Arbayt Guruhi (-1001304686518)', 'Daeso Deoksan Jincheon Mugeuk Samseong Gwanhewon arbayt tekpe тессо токсан чинчен (-1001799111985)', "BUSAN ISH E'LON (-1001503748476)", 'KIMHE ISH 김해 일 (-1001453574665)', '충남(CHONAN) ARBAIT (-1001212678634)', '영남대학교 🇰🇷 & 🇺🇿 (-1001176433500)', 'CHONAN ASAN ARBAYT (-1002301178007)', 'Group -5173314852 (-5173314852)', 'Group -1002179593933 (-1002179593933)']
2026-03-06 14:47:18 | INFO     | bot.monitor          | [monitor] Target group: Korea Ish E'lonlari (-1003744320676)
2026-03-06 14:47:18 | INFO     | bot.monitor          | [monitor] 👂 Listening for messages …
2026-03-06 14:47:18 | INFO     | main                 | [main] Starting admin bot as background task …
2026-03-06 14:47:18 | INFO     | main                 | [main] System fully operational. Press Ctrl+C to stop.
2026-03-06 14:47:18 | INFO     | bot.database         | [DB] Schema initialised at D:\VS Code\telegram_job_bot\data\job_bot.db
2026-03-06 14:47:19 | INFO     | bot.admin_bot        | [admin_bot] Starting admin bot …
2026-03-06 14:47:29 | INFO     | bot.monitor          | [monitor] SOURCE GROUP HIT | chat_id=-1003833786454 | msg_id=4
2026-03-06 14:47:29 | INFO     | bot.monitor          | [monitor] ✅ JOB DETECTED | chat=-1003833786454 | msg=4 | lang=uzbek | kw=['ish bor']
2026-03-06 14:47:29 | INFO     | bot.monitor          | [monitor] ✅ FORWARDED | chat=-1003833786454 | msg=4 → target=-1003744320676
2026-03-06 14:48:39 | INFO     | main                 | ============================================================
2026-03-06 14:48:39 | INFO     | main                 |   Ish E'lonlari Job Aggregator — Starting
2026-03-06 14:48:39 | INFO     | main                 | ============================================================
2026-03-06 14:48:39 | INFO     | bot.database         | [DB] Schema initialised at D:\VS Code\telegram_job_bot\data\job_bot.db
2026-03-06 14:48:39 | INFO     | main                 | [main] Connecting Telethon client …
2026-03-06 14:48:41 | INFO     | main                 | [main] Telethon logged in as: quvonchbek (id=2046196282)
2026-03-06 14:48:41 | INFO     | bot.monitor          | [monitor] Connecting to Telegram …
2026-03-06 14:48:41 | INFO     | bot.monitor          | [monitor] Logged in as: quvonchbek (id=2046196282)
2026-03-06 14:48:41 | INFO     | bot.monitor          | [monitor] Monitoring 11 group(s): ['Test Group (-1003833786454)', "Korean jobs! Koreya bo'ylab bo'sh ish o‘rinlari: (Tekpe, qurilish, zavod, arabayt, mehmonxonalar, taxi xizmati, yuridik yordam) (-1001146665528)", 'Daejeon Arbayt Guruhi (-1001304686518)', 'Daeso Deoksan Jincheon Mugeuk Samseong Gwanhewon arbayt tekpe тессо токсан чинчен (-1001799111985)', "BUSAN ISH E'LON (-1001503748476)", 'KIMHE ISH 김해 일 (-1001453574665)', '충남(CHONAN) ARBAIT (-1001212678634)', '영남대학교 🇰🇷 & 🇺🇿 (-1001176433500)', 'CHONAN ASAN ARBAYT (-1002301178007)', 'Group -5173314852 (-5173314852)', 'Group -1002179593933 (-1002179593933)']
2026-03-06 14:48:41 | INFO     | bot.monitor          | [monitor] Target group: Korea Ish E'lonlari (-1003744320676)
2026-03-06 14:48:41 | INFO     | bot.monitor          | [monitor] 👂 Listening for messages …
2026-03-06 14:48:41 | INFO     | main                 | [main] Starting admin bot as background task …
2026-03-06 14:48:41 | INFO     | main                 | [main] System fully operational. Press Ctrl+C to stop.
2026-03-06 14:48:41 | INFO     | bot.database         | [DB] Schema initialised at D:\VS Code\telegram_job_bot\data\job_bot.db
2026-03-06 14:48:42 | INFO     | bot.admin_bot        | [admin_bot] Starting admin bot …
2026-03-06 14:49:10 | INFO     | bot.monitor          | [monitor] SOURCE GROUP HIT | chat_id=-1003833786454 | msg_id=4
2026-03-06 14:49:10 | INFO     | bot.monitor          | [monitor] SOURCE GROUP HIT | chat_id=-1003833786454 | msg_id=5
2026-03-06 14:49:10 | INFO     | bot.monitor          | [monitor] ✅ JOB DETECTED | chat=-1003833786454 | msg=5 | lang=uzbek | kw=['ish bor']
2026-03-06 14:49:10 | INFO     | bot.monitor          | [monitor] ✅ FORWARDED | chat=-1003833786454 | msg=5 → target=-1003744320676
2026-03-06 14:51:46 | INFO     | main                 | ============================================================
2026-03-06 14:51:46 | INFO     | main                 |   Ish E'lonlari Job Aggregator — Starting
2026-03-06 14:51:46 | INFO     | main                 | ============================================================
2026-03-06 14:51:46 | INFO     | bot.database         | [DB] Schema initialised at D:\VS Code\telegram_job_bot\data\job_bot.db
2026-03-06 14:51:46 | INFO     | main                 | [main] Connecting Telethon client …
2026-03-06 14:51:48 | INFO     | main                 | [main] Telethon logged in as: quvonchbek (id=2046196282)
2026-03-06 14:51:48 | INFO     | bot.monitor          | [monitor] Connecting to Telegram …
2026-03-06 14:51:49 | INFO     | bot.monitor          | [monitor] Logged in as: quvonchbek (id=2046196282)
2026-03-06 14:51:49 | INFO     | bot.monitor          | [monitor] Monitoring 11 group(s): ['Test Group (-1003833786454)', "Korean jobs! Koreya bo'ylab bo'sh ish o‘rinlari: (Tekpe, qurilish, zavod, arabayt, mehmonxonalar, taxi xizmati, yuridik yordam) (-1001146665528)", 'Daejeon Arbayt Guruhi (-1001304686518)', 'Daeso Deoksan Jincheon Mugeuk Samseong Gwanhewon arbayt tekpe тессо токсан чинчен (-1001799111985)', "BUSAN ISH E'LON (-1001503748476)", 'KIMHE ISH 김해 일 (-1001453574665)', '충남(CHONAN) ARBAIT (-1001212678634)', '영남대학교 🇰🇷 & 🇺🇿 (-1001176433500)', 'CHONAN ASAN ARBAYT (-1002301178007)', 'Group -5173314852 (-5173314852)', 'Group -1002179593933 (-1002179593933)']
2026-03-06 14:51:49 | INFO     | bot.monitor          | [monitor] Target group: Korea Ish E'lonlari (-1003744320676)
2026-03-06 14:51:49 | INFO     | bot.monitor          | [monitor] 👂 Listening for messages …
2026-03-06 14:51:49 | INFO     | main                 | [main] Starting admin bot as background task …
2026-03-06 14:51:49 | INFO     | main                 | [main] System fully operational. Press Ctrl+C to stop.
2026-03-06 14:51:49 | INFO     | bot.database         | [DB] Schema initialised at D:\VS Code\telegram_job_bot\data\job_bot.db
2026-03-06 14:51:49 | INFO     | bot.admin_bot        | [admin_bot] Starting admin bot …
2026-03-06 14:52:16 | INFO     | bot.monitor          | [monitor] SOURCE GROUP HIT | chat_id=-1003833786454 | msg_id=5
2026-03-06 14:52:16 | INFO     | bot.monitor          | [monitor] SOURCE GROUP HIT | chat_id=-1003833786454 | msg_id=6
2026-03-06 14:52:16 | INFO     | bot.monitor          | [monitor] ✅ JOB DETECTED | chat=-1003833786454 | msg=6 | lang=uzbek | kw=['odam kerak']
2026-03-06 14:52:17 | INFO     | bot.monitor          | [monitor] ✅ FORWARDED | chat=-1003833786454 | msg=6 → target=-1003744320676
2026-03-06 14:53:03 | INFO     | main                 | ============================================================
2026-03-06 14:53:03 | INFO     | main                 |   Ish E'lonlari — Starting
2026-03-06 14:53:03 | INFO     | main                 | ============================================================
2026-03-06 14:53:03 | INFO     | bot.database         | [DB] Schema initialised at D:\VS Code\telegram_job_bot\data\job_bot.db
2026-03-06 14:53:03 | INFO     | main                 | [main] Connecting Telethon client …
2026-03-06 14:53:05 | INFO     | main                 | [main] Telethon logged in as: quvonchbek (id=2046196282)
2026-03-06 14:53:05 | INFO     | bot.monitor          | [monitor] Connecting to Telegram …
2026-03-06 14:53:06 | INFO     | bot.monitor          | [monitor] Logged in as: quvonchbek (id=2046196282)
2026-03-06 14:53:06 | INFO     | bot.monitor          | [monitor] Monitoring 11 group(s): ['Test Group (-1003833786454)', "Korean jobs! Koreya bo'ylab bo'sh ish o‘rinlari: (Tekpe, qurilish, zavod, arabayt, mehmonxonalar, taxi xizmati, yuridik yordam) (-1001146665528)", 'Daejeon Arbayt Guruhi (-1001304686518)', 'Daeso Deoksan Jincheon Mugeuk Samseong Gwanhewon arbayt tekpe тессо токсан чинчен (-1001799111985)', "BUSAN ISH E'LON (-1001503748476)", 'KIMHE ISH 김해 일 (-1001453574665)', '충남(CHONAN) ARBAIT (-1001212678634)', '영남대학교 🇰🇷 & 🇺🇿 (-1001176433500)', 'CHONAN ASAN ARBAYT (-1002301178007)', 'Group -5173314852 (-5173314852)', 'Group -1002179593933 (-1002179593933)']
2026-03-06 14:53:06 | INFO     | bot.monitor          | [monitor] Target group: Korea Ish E'lonlari (-1003744320676)
2026-03-06 14:53:06 | INFO     | bot.monitor          | [monitor] 👂 Listening for messages …
2026-03-06 14:53:06 | INFO     | main                 | [main] Starting admin bot as background task …
2026-03-06 14:53:06 | INFO     | main                 | [main] System fully operational. Press Ctrl+C to stop.
2026-03-06 14:53:06 | INFO     | bot.database         | [DB] Schema initialised at D:\VS Code\telegram_job_bot\data\job_bot.db
2026-03-06 14:53:06 | INFO     | bot.admin_bot        | [admin_bot] Starting admin bot …
2026-03-06 14:53:58 | INFO     | bot.monitor          | [monitor] SOURCE GROUP HIT | chat_id=-1003833786454 | msg_id=7
2026-03-06 14:53:58 | INFO     | bot.monitor          | [monitor] ✅ JOB DETECTED | chat=-1003833786454 | msg=7 | lang=uzbek | kw=['odam kerak', 'ish bor', 'ish joyi']
2026-03-06 14:53:59 | INFO     | bot.monitor          | [monitor] ✅ FORWARDED | chat=-1003833786454 | msg=7 → target=-1003744320676
2026-03-06 14:56:57 | INFO     | bot.database         | [DB] Source group added: 🇰🇷 Korea <-> Uzbek Pochta Guruhi 🇺🇿 (-1001539128165)
2026-03-06 14:56:57 | ERROR    | aiogram.event        | Cause exception while process update id=141515592 by bot id=8536661835
TelegramBadRequest: Telegram server says - Bad Request: can't parse entities: Unsupported start tag "-" at byte offset 61
Traceback (most recent call last):
  File "C:\Users\user\AppData\Local\Programs\Python\Python312\Lib\site-packages\aiogram\dispatcher\dispatcher.py", line 309, in _process_update
    response = await self.feed_update(bot, update, **kwargs)
               ^^^^^^^^^^^^^^^^^^^^^^^^^^^^^^^^^^^^^^^^^^^^^
  File "C:\Users\user\AppData\Local\Programs\Python\Python312\Lib\site-packages\aiogram\dispatcher\dispatcher.py", line 158, in feed_update
    response = await self.update.wrap_outer_middleware(
               ^^^^^^^^^^^^^^^^^^^^^^^^^^^^^^^^^^^^^^^^
  File "C:\Users\user\AppData\Local\Programs\Python\Python312\Lib\site-packages\aiogram\dispatcher\middlewares\error.py", line 25, in __call__
    return await handler(event, data)
           ^^^^^^^^^^^^^^^^^^^^^^^^^^
  File "C:\Users\user\AppData\Local\Programs\Python\Python312\Lib\site-packages\aiogram\dispatcher\middlewares\user_context.py", line 56, in __call__
    return await handler(event, data)
           ^^^^^^^^^^^^^^^^^^^^^^^^^^
  File "C:\Users\user\AppData\Local\Programs\Python\Python312\Lib\site-packages\aiogram\fsm\middleware.py", line 42, in __call__
    return await handler(event, data)
           ^^^^^^^^^^^^^^^^^^^^^^^^^^
  File "C:\Users\user\AppData\Local\Programs\Python\Python312\Lib\site-packages\aiogram\dispatcher\event\telegram.py", line 121, in trigger
    return await wrapped_inner(event, kwargs)
           ^^^^^^^^^^^^^^^^^^^^^^^^^^^^^^^^^^
  File "C:\Users\user\AppData\Local\Programs\Python\Python312\Lib\site-packages\aiogram\dispatcher\event\handler.py", line 43, in call
    return await wrapped()
           ^^^^^^^^^^^^^^^
  File "C:\Users\user\AppData\Local\Programs\Python\Python312\Lib\site-packages\aiogram\dispatcher\dispatcher.py", line 276, in _listen_update
    return await self.propagate_event(update_type=update_type, event=event, **kwargs)
           ^^^^^^^^^^^^^^^^^^^^^^^^^^^^^^^^^^^^^^^^^^^^^^^^^^^^^^^^^^^^^^^^^^^^^^^^^^
  File "C:\Users\user\AppData\Local\Programs\Python\Python312\Lib\site-packages\aiogram\dispatcher\router.py", line 146, in propagate_event
    return await observer.wrap_outer_middleware(_wrapped, event=event, data=kwargs)
           ^^^^^^^^^^^^^^^^^^^^^^^^^^^^^^^^^^^^^^^^^^^^^^^^^^^^^^^^^^^^^^^^^^^^^^^^
  File "C:\Users\user\AppData\Local\Programs\Python\Python312\Lib\site-packages\aiogram\dispatcher\router.py", line 141, in _wrapped
    return await self._propagate_event(
           ^^^^^^^^^^^^^^^^^^^^^^^^^^^^
  File "C:\Users\user\AppData\Local\Programs\Python\Python312\Lib\site-packages\aiogram\dispatcher\router.py", line 174, in _propagate_event
    response = await router.propagate_event(update_type=update_type, event=event, **kwargs)
               ^^^^^^^^^^^^^^^^^^^^^^^^^^^^^^^^^^^^^^^^^^^^^^^^^^^^^^^^^^^^^^^^^^^^^^^^^^^^
  File "C:\Users\user\AppData\Local\Programs\Python\Python312\Lib\site-packages\aiogram\dispatcher\router.py", line 146, in propagate_event
    return await observer.wrap_outer_middleware(_wrapped, event=event, data=kwargs)
           ^^^^^^^^^^^^^^^^^^^^^^^^^^^^^^^^^^^^^^^^^^^^^^^^^^^^^^^^^^^^^^^^^^^^^^^^
  File "C:\Users\user\AppData\Local\Programs\Python\Python312\Lib\site-packages\aiogram\dispatcher\router.py", line 141, in _wrapped
    return await self._propagate_event(
           ^^^^^^^^^^^^^^^^^^^^^^^^^^^^
  File "C:\Users\user\AppData\Local\Programs\Python\Python312\Lib\site-packages\aiogram\dispatcher\router.py", line 166, in _propagate_event
    response = await observer.trigger(event, **kwargs)
               ^^^^^^^^^^^^^^^^^^^^^^^^^^^^^^^^^^^^^^^
  File "C:\Users\user\AppData\Local\Programs\Python\Python312\Lib\site-packages\aiogram\dispatcher\event\telegram.py", line 121, in trigger
    return await wrapped_inner(event, kwargs)
           ^^^^^^^^^^^^^^^^^^^^^^^^^^^^^^^^^^
  File "C:\Users\user\AppData\Local\Programs\Python\Python312\Lib\site-packages\aiogram\dispatcher\event\handler.py", line 43, in call
    return await wrapped()
           ^^^^^^^^^^^^^^^
  File "D:\VS Code\telegram_job_bot\bot\admin_bot.py", line 248, in cmd_add_group_receive
    await message.answer(
  File "C:\Users\user\AppData\Local\Programs\Python\Python312\Lib\site-packages\aiogram\methods\base.py", line 84, in emit
    return await bot(self)
           ^^^^^^^^^^^^^^^
  File "C:\Users\user\AppData\Local\Programs\Python\Python312\Lib\site-packages\aiogram\client\bot.py", line 488, in __call__
    return await self.session(self, method, timeout=request_timeout)
           ^^^^^^^^^^^^^^^^^^^^^^^^^^^^^^^^^^^^^^^^^^^^^^^^^^^^^^^^^
  File "C:\Users\user\AppData\Local\Programs\Python\Python312\Lib\site-packages\aiogram\client\session\base.py", line 254, in __call__
    return cast(TelegramType, await middleware(bot, method))
                              ^^^^^^^^^^^^^^^^^^^^^^^^^^^^^
  File "C:\Users\user\AppData\Local\Programs\Python\Python312\Lib\site-packages\aiogram\client\session\aiohttp.py", line 189, in make_request
    response = self.check_response(
               ^^^^^^^^^^^^^^^^^^^^
  File "C:\Users\user\AppData\Local\Programs\Python\Python312\Lib\site-packages\aiogram\client\session\base.py", line 120, in check_response
    raise TelegramBadRequest(method=method, message=description)
aiogram.exceptions.TelegramBadRequest: Telegram server says - Bad Request: can't parse entities: Unsupported start tag "-" at byte offset 61
2026-03-06 14:58:00 | INFO     | bot.monitor          | [monitor] SOURCE GROUP HIT | chat_id=-1002301178007 | msg_id=6682
2026-03-06 14:58:15 | INFO     | bot.monitor          | [monitor] SOURCE GROUP HIT | chat_id=-1002179593933 | msg_id=57129
2026-03-06 14:58:19 | WARNING  | bot.database         | [DB] Source group already exists: -1002301178007
2026-03-06 14:59:20 | WARNING  | bot.database         | [DB] Source group already exists: -1001304686518
2026-03-06 15:00:37 | INFO     | bot.database         | [DB] Source group added: Daejon CJ tekpe (-1002956231910)
2026-03-06 15:00:47 | INFO     | bot.monitor          | [monitor] SOURCE GROUP HIT | chat_id=-1002301178007 | msg_id=6683
2026-03-06 15:00:50 | WARNING  | bot.database         | [DB] Source group already exists: -1001453574665
2026-03-06 15:01:03 | INFO     | bot.database         | [DB] Source group added: Арбайт Инчхон-Кимпо (-1001749857007)
2026-03-06 15:01:15 | INFO     | bot.database         | [DB] Source group added: Daeso arbayt (-1001399984082)
2026-03-06 15:01:28 | INFO     | bot.database         | [DB] Source group added: Daegu(대구)ish. Тегу , gyeongsan Ish 알바 (-1001671731305)
2026-03-06 15:01:37 | WARNING  | bot.database         | [DB] Source group already exists: -1001503748476
2026-03-06 15:01:45 | INFO     | bot.database         | [DB] Source group added: ULSAN ISH EʼLON (-1002567337700)
2026-03-06 15:02:09 | INFO     | bot.database         | [DB] Source group added: Mokpolikilar [Rasmiy Kanal] (-1002628556472)
2026-03-06 15:02:22 | INFO     | bot.database         | [DB] Source group added: Poseung Arbayt💰💰 (-1001716701670)
2026-03-06 15:02:30 | WARNING  | bot.database         | [DB] Source group already exists: -1001146665528
2026-03-06 15:02:39 | INFO     | bot.database         | [DB] Source group added: Chonan ish (-1002418112272)
2026-03-06 15:02:48 | INFO     | bot.database         | [DB] Source group added: Chonan Asan Pyontek work / arbayt (-1002603723162)
2026-03-06 15:02:57 | INFO     | bot.database         | [DB] Source group added: NMAGAP_KOREYA (-1001463257290)
2026-03-06 15:03:08 | INFO     | bot.database         | [DB] Source group added: (충주시)CHUNGJU (-1002165832122)
2026-03-06 15:03:19 | INFO     | bot.database         | [DB] Source group added: Chonanda O'zimiznikilar (-1002666264446)
2026-03-06 15:03:32 | INFO     | bot.database         | [DB] Source group added: 🇺🇿🇰🇷GUNSANDAGI MUSOFIRLAR🇰🇷🇺🇿 (-1001387204774)
2026-03-06 15:04:20 | WARNING  | bot.admin_bot        | [admin_bot] Could not resolve entity '-1002379119685': Cannot find any entity corresponding to "-1002379119685"
2026-03-06 15:04:39 | INFO     | bot.database         | [DB] Source group added: ASAN ISH GRUPPA. 아산 알바 (-1002000748619)
2026-03-06 15:04:53 | INFO     | bot.database         | [DB] Source group added: Chonan Asan Pyonteg (-1002729014093)
2026-03-06 15:05:04 | INFO     | bot.database         | [DB] Source group added: HELP IN KOREA 🇰🇷 (-1001659856299)
2026-03-06 15:05:16 | WARNING  | bot.database         | [DB] Source group already exists: -1002301178007
2026-03-06 15:05:38 | WARNING  | bot.database         | [DB] Source group already exists: -1001146665528
2026-03-06 15:05:51 | INFO     | bot.monitor          | [monitor] SOURCE GROUP HIT | chat_id=-1002603723162 | msg_id=21687
2026-03-06 15:05:51 | INFO     | bot.monitor          | [monitor] SOURCE GROUP HIT | chat_id=-1002000748619 | msg_id=24563
2026-03-06 15:05:52 | WARNING  | bot.database         | [DB] Source group already exists: -1001387204774
2026-03-06 15:06:48 | INFO     | bot.database         | [DB] Source group added: Dejong CJ (-1002466260830)
2026-03-06 15:06:58 | INFO     | bot.database         | [DB] Source group added: KOR-UZB pochta 📦 (-1003050729293)
2026-03-06 15:07:32 | INFO     | bot.monitor          | [monitor] SOURCE GROUP HIT | chat_id=-1002000748619 | msg_id=24564
2026-03-06 15:08:12 | INFO     | bot.monitor          | [monitor] SOURCE GROUP HIT | chat_id=-1001304686518 | msg_id=124590
2026-03-06 15:08:12 | INFO     | bot.monitor          | [monitor] SOURCE GROUP HIT | chat_id=-1001304686518 | msg_id=124591
2026-03-06 15:08:32 | INFO     | bot.database         | [DB] Source group added: Korea_yangiliklari (-1001490331350)
2026-03-06 15:08:53 | INFO     | bot.monitor          | [monitor] SOURCE GROUP HIT | chat_id=-1002729014093 | msg_id=12539
2026-03-06 15:08:53 | INFO     | bot.monitor          | [monitor] SOURCE GROUP HIT | chat_id=-1001749857007 | msg_id=43837
2026-03-06 15:08:58 | WARNING  | bot.database         | [DB] Source group already exists: -1002628556472
2026-03-06 15:08:59 | INFO     | bot.monitor          | [monitor] SOURCE GROUP HIT | chat_id=-1002603723162 | msg_id=21688
2026-03-06 15:08:59 | INFO     | bot.monitor          | [monitor] ✅ JOB DETECTED | chat=-1002603723162 | msg=21688 | lang=uzbek | kw=['ish bor']
2026-03-06 15:09:01 | INFO     | bot.monitor          | [monitor] ✅ FORWARDED | chat=-1002603723162 | msg=21688 → target=-1003744320676
2026-03-06 15:10:01 | INFO     | bot.monitor          | [monitor] SOURCE GROUP HIT | chat_id=-1001749857007 | msg_id=43838
2026-03-06 15:10:12 | INFO     | bot.database         | [DB] Source group added: Mokpo ish e'lon (-1001857660612)
2026-03-06 15:10:14 | INFO     | bot.monitor          | [monitor] SOURCE GROUP HIT | chat_id=-1001749857007 | msg_id=43839
2026-03-06 15:11:16 | INFO     | bot.monitor          | [monitor] SOURCE GROUP HIT | chat_id=-1001671731305 | msg_id=79765
2026-03-06 15:12:22 | INFO     | bot.monitor          | [monitor] SOURCE GROUP HIT | chat_id=-1001749857007 | msg_id=43840
2026-03-06 15:12:22 | INFO     | bot.monitor          | [monitor] ✅ JOB DETECTED | chat=-1001749857007 | msg=43840 | lang=uzbek | kw=['kishiga ish']
2026-03-06 15:12:22 | INFO     | bot.monitor          | [monitor] ✅ FORWARDED | chat=-1001749857007 | msg=43840 → target=-1003744320676
2026-03-06 15:13:15 | INFO     | bot.monitor          | [monitor] SOURCE GROUP HIT | chat_id=-1002179593933 | msg_id=57130
2026-03-06 15:13:16 | INFO     | bot.monitor          | [monitor] SOURCE GROUP HIT | chat_id=-1001490331350 | msg_id=86036
2026-03-06 15:13:31 | WARNING  | bot.database         | [DB] Source group already exists: -1001716701670
2026-03-06 15:13:58 | INFO     | bot.database         | [DB] Source group added: Anseong_Work🇵🇸 (-1001470356319)
2026-03-06 15:14:43 | INFO     | bot.database         | [DB] Source group added: ICHEON CITY (-1001511479567)
2026-03-06 15:15:07 | INFO     | bot.database         | [DB] Source group added: Ysu students (-1001858394869)
2026-03-06 15:15:40 | INFO     | bot.database         | [DB] Source group added: Yongindagi Uzbeklar (-1002858032342)
2026-03-06 15:15:45 | INFO     | bot.monitor          | [monitor] SOURCE GROUP HIT | chat_id=-1001453574665 | msg_id=297921
2026-03-06 15:15:45 | INFO     | bot.monitor          | [monitor] SOURCE GROUP HIT | chat_id=-1001453574665 | msg_id=297922
2026-03-06 15:15:45 | INFO     | bot.monitor          | [monitor] SOURCE GROUP HIT | chat_id=-1001453574665 | msg_id=297923
2026-03-06 15:15:45 | INFO     | bot.monitor          | [monitor] SOURCE GROUP HIT | chat_id=-1001453574665 | msg_id=297924
2026-03-06 15:15:45 | INFO     | bot.monitor          | [monitor] SOURCE GROUP HIT | chat_id=-1001453574665 | msg_id=297925
2026-03-06 15:15:45 | INFO     | bot.monitor          | [monitor] SOURCE GROUP HIT | chat_id=-1001453574665 | msg_id=297926
2026-03-06 15:15:50 | INFO     | bot.monitor          | [monitor] SOURCE GROUP HIT | chat_id=-1001387204774 | msg_id=69066
2026-03-06 15:15:50 | INFO     | bot.monitor          | [monitor] SOURCE GROUP HIT | chat_id=-1001387204774 | msg_id=69067
2026-03-06 15:15:50 | INFO     | bot.monitor          | [monitor] SOURCE GROUP HIT | chat_id=-1001387204774 | msg_id=69068
2026-03-06 15:15:54 | WARNING  | bot.database         | [DB] Source group already exists: -1001387204774
2026-03-06 15:16:14 | WARNING  | bot.database         | [DB] Source group already exists: -1001470356319
2026-03-06 15:16:37 | INFO     | bot.database         | [DB] Source group added: 👨‍🏭Daejeon, Guemsan Arbayit! (-1001205456019)
2026-03-06 15:17:04 | WARNING  | bot.database         | [DB] Source group already exists: -1001799111985
2026-03-06 15:17:18 | INFO     | bot.monitor          | [monitor] SOURCE GROUP HIT | chat_id=-1001716701670 | msg_id=32510
2026-03-06 15:17:36 | INFO     | bot.monitor          | [monitor] SOURCE GROUP HIT | chat_id=-1002418112272 | msg_id=7761
2026-03-06 15:17:54 | INFO     | bot.monitor          | [monitor] SOURCE GROUP HIT | chat_id=-1001463257290 | msg_id=273760
2026-03-06 15:17:54 | INFO     | bot.monitor          | [monitor] ✅ JOB DETECTED | chat=-1001463257290 | msg=273760 | lang=russian | kw=['вакансия']
2026-03-06 15:17:54 | INFO     | bot.monitor          | [monitor] SOURCE GROUP HIT | chat_id=-1001463257290 | msg_id=273761
2026-03-06 15:17:54 | INFO     | bot.monitor          | [monitor] ✅ FORWARDED | chat=-1001463257290 | msg=273760 → target=-1003744320676
2026-03-06 15:18:07 | INFO     | bot.database         | [DB] Source group added: SEOUL TEKPE 🇰🇷🇰🇷🇰🇷 (-1001239333237)
2026-03-06 15:19:25 | INFO     | bot.monitor          | [monitor] SOURCE GROUP HIT | chat_id=-1001749857007 | msg_id=43841
2026-03-06 15:22:08 | INFO     | bot.monitor          | [monitor] SOURCE GROUP HIT | chat_id=-1001387204774 | msg_id=69069
2026-03-06 15:22:08 | INFO     | bot.monitor          | [monitor] SOURCE GROUP HIT | chat_id=-1001387204774 | msg_id=69070
2026-03-06 15:23:11 | INFO     | bot.monitor          | [monitor] SOURCE GROUP HIT | chat_id=-1002567337700 | msg_id=26518
2026-03-06 15:23:12 | INFO     | bot.monitor          | [monitor] SOURCE GROUP HIT | chat_id=-1001304686518 | msg_id=124592
2026-03-06 15:23:12 | INFO     | bot.monitor          | [monitor] SOURCE GROUP HIT | chat_id=-1001176433500 | msg_id=369313
2026-03-06 15:23:12 | INFO     | bot.monitor          | [monitor] SOURCE GROUP HIT | chat_id=-1001176433500 | msg_id=369314
2026-03-06 15:23:12 | INFO     | bot.monitor          | [monitor] SOURCE GROUP HIT | chat_id=-1001176433500 | msg_id=369315
2026-03-06 15:23:12 | INFO     | bot.monitor          | [monitor] SOURCE GROUP HIT | chat_id=-1001176433500 | msg_id=369316
2026-03-06 15:23:37 | INFO     | bot.monitor          | [monitor] SOURCE GROUP HIT | chat_id=-1001749857007 | msg_id=43842
2026-03-06 15:24:04 | INFO     | bot.monitor          | [monitor] SOURCE GROUP HIT | chat_id=-1001659856299 | msg_id=104384
2026-03-06 15:24:06 | INFO     | bot.monitor          | [monitor] SOURCE GROUP HIT | chat_id=-1001146665528 | msg_id=137064
2026-03-06 15:25:02 | INFO     | bot.monitor          | [monitor] SOURCE GROUP HIT | chat_id=-1001857660612 | msg_id=66929
2026-03-06 15:25:02 | INFO     | bot.monitor          | [monitor] SOURCE GROUP HIT | chat_id=-1001857660612 | msg_id=66930
2026-03-06 15:26:00 | INFO     | bot.monitor          | [monitor] SOURCE GROUP HIT | chat_id=-1001490331350 | msg_id=86037
2026-03-06 15:26:04 | INFO     | bot.monitor          | [monitor] SOURCE GROUP HIT | chat_id=-1001490331350 | msg_id=86038
2026-03-06 15:26:17 | INFO     | bot.monitor          | [monitor] SOURCE GROUP HIT | chat_id=-1001671731305 | msg_id=79766
2026-03-06 15:26:17 | INFO     | bot.monitor          | [monitor] SOURCE GROUP HIT | chat_id=-1001671731305 | msg_id=79767
2026-03-06 15:28:43 | INFO     | bot.monitor          | [monitor] SOURCE GROUP HIT | chat_id=-1001749857007 | msg_id=43843
2026-03-06 15:30:41 | INFO     | main                 | ============================================================
2026-03-06 15:30:41 | INFO     | main                 |   Ish E'lonlari — Starting
2026-03-06 15:30:41 | INFO     | main                 | ============================================================
2026-03-06 15:30:41 | INFO     | bot.database         | [DB] Schema initialised at D:\VS Code\telegram_job_bot\data\job_bot.db
2026-03-06 15:30:41 | INFO     | main                 | [main] Connecting Telethon client …
2026-03-06 15:30:43 | INFO     | main                 | [main] Telethon logged in as: quvonchbek (id=2046196282)
2026-03-06 15:30:43 | INFO     | bot.monitor          | [monitor] Connecting to Telegram …
2026-03-06 15:30:44 | INFO     | bot.monitor          | [monitor] Logged in as: quvonchbek (id=2046196282)
2026-03-06 15:30:44 | INFO     | bot.monitor          | [monitor] Monitoring 38 group(s): ['SEOUL TEKPE 🇰🇷🇰🇷🇰🇷 (-1001239333237)', '👨\u200d🏭Daejeon, Guemsan Arbayit! (-1001205456019)', 'Yongindagi Uzbeklar (-1002858032342)', 'Ysu students (-1001858394869)', 'ICHEON CITY (-1001511479567)', 'Anseong_Work🇵🇸 (-1001470356319)', "Mokpo ish e'lon (-1001857660612)", 'Korea_yangiliklari (-1001490331350)', 'KOR-UZB pochta 📦 (-1003050729293)', 'Dejong CJ (-1002466260830)', 'HELP IN KOREA 🇰🇷 (-1001659856299)', 'Chonan Asan Pyonteg (-1002729014093)', 'ASAN ISH GRUPPA. 아산 알바 (-1002000748619)', '🇺🇿🇰🇷GUNSANDAGI MUSOFIRLAR🇰🇷🇺🇿 (-1001387204774)', "Chonanda O'zimiznikilar (-1002666264446)", '(충주시)CHUNGJU (-1002165832122)', 'NMAGAP_KOREYA (-1001463257290)', 'Chonan Asan Pyontek work / arbayt (-1002603723162)', 'Chonan ish (-1002418112272)', 'Poseung Arbayt💰💰 (-1001716701670)', 'Mokpolikilar [Rasmiy Kanal] (-1002628556472)', 'ULSAN ISH EʼLON (-1002567337700)', 'Daegu(대구)ish. Тегу , gyeongsan Ish 알바 (-1001671731305)', 'Daeso arbayt (-1001399984082)', 'Арбайт Инчхон-Кимпо (-1001749857007)', 'Daejon CJ tekpe (-1002956231910)', '🇰🇷 Korea <-> Uzbek Pochta Guruhi 🇺🇿 (-1001539128165)', 'Test Group (-1003833786454)', "Korean jobs! Koreya bo'ylab bo'sh ish o‘rinlari: (Tekpe, qurilish, zavod, arabayt, mehmonxonalar, taxi xizmati, yuridik yordam) (-1001146665528)", 'Daejeon Arbayt Guruhi (-1001304686518)', 'Daeso Deoksan Jincheon Mugeuk Samseong Gwanhewon arbayt tekpe тессо токсан чинчен (-1001799111985)', "BUSAN ISH E'LON (-1001503748476)", 'KIMHE ISH 김해 일 (-1001453574665)', '충남(CHONAN) ARBAIT (-1001212678634)', '영남대학교 🇰🇷 & 🇺🇿 (-1001176433500)', 'CHONAN ASAN ARBAYT (-1002301178007)', 'Group -5173314852 (-5173314852)', 'Group -1002179593933 (-1002179593933)']
2026-03-06 15:30:44 | INFO     | bot.monitor          | [monitor] Target group: Korea Ish E'lonlari (-1003744320676)
2026-03-06 15:30:44 | INFO     | bot.monitor          | [monitor] 👂 Listening for messages …
2026-03-06 15:30:44 | INFO     | main                 | [main] Starting admin bot as background task …
2026-03-06 15:30:44 | INFO     | main                 | [main] System fully operational. Press Ctrl+C to stop.
2026-03-06 15:30:44 | INFO     | bot.database         | [DB] Schema initialised at D:\VS Code\telegram_job_bot\data\job_bot.db
2026-03-06 15:30:44 | INFO     | bot.admin_bot        | [admin_bot] Starting admin bot …
2026-03-06 15:31:14 | WARNING  | bot.database         | [DB] Source group already exists: -1001470356319
2026-03-06 15:31:26 | INFO     | bot.monitor          | [monitor] SOURCE GROUP HIT | chat_id=-1001387204774 | msg_id=69074
2026-03-06 15:31:26 | INFO     | bot.monitor          | [monitor] SOURCE GROUP HIT | chat_id=-1001387204774 | msg_id=69075
2026-03-06 15:32:21 | INFO     | bot.monitor          | [monitor] SOURCE GROUP HIT | chat_id=-1001749857007 | msg_id=43844
2026-03-06 15:33:37 | INFO     | bot.monitor          | [monitor] SOURCE GROUP HIT | chat_id=-1002603723162 | msg_id=21689
2026-03-06 15:33:37 | INFO     | bot.monitor          | [monitor] SOURCE GROUP HIT | chat_id=-1002603723162 | msg_id=21690
2026-03-06 15:33:38 | INFO     | bot.monitor          | [monitor] SOURCE GROUP HIT | chat_id=-1002603723162 | msg_id=21691
2026-03-06 15:33:38 | INFO     | bot.monitor          | [monitor] ✅ JOB DETECTED | chat=-1002603723162 | msg=21691 | lang=uzbek | kw=['kishiga ish']
2026-03-06 15:33:40 | INFO     | bot.monitor          | [monitor] ✅ FORWARDED | chat=-1002603723162 | msg=21691 → target=-1003744320676
2026-03-06 15:33:44 | INFO     | bot.monitor          | [monitor] SOURCE GROUP HIT | chat_id=-1002729014093 | msg_id=12540
2026-03-06 15:33:44 | INFO     | bot.monitor          | [monitor] SOURCE GROUP HIT | chat_id=-1002729014093 | msg_id=12541
2026-03-06 15:33:44 | INFO     | bot.monitor          | [monitor] SOURCE GROUP HIT | chat_id=-1002729014093 | msg_id=12542
2026-03-06 15:33:44 | INFO     | bot.monitor          | [monitor] ✅ JOB DETECTED | chat=-1002729014093 | msg=12542 | lang=uzbek | kw=['kishiga ish']
2026-03-06 15:33:45 | INFO     | bot.monitor          | [monitor] ✅ FORWARDED | chat=-1002729014093 | msg=12542 → target=-1003744320676
2026-03-06 15:33:45 | INFO     | bot.monitor          | [monitor] SOURCE GROUP HIT | chat_id=-1001511479567 | msg_id=10662
2026-03-06 15:33:46 | INFO     | bot.monitor          | [monitor] SOURCE GROUP HIT | chat_id=-1001511479567 | msg_id=10663
2026-03-06 15:33:47 | INFO     | bot.monitor          | [monitor] SOURCE GROUP HIT | chat_id=-1001511479567 | msg_id=10664
2026-03-06 15:33:47 | INFO     | bot.monitor          | [monitor] ✅ JOB DETECTED | chat=-1001511479567 | msg=10664 | lang=uzbek | kw=['kishiga ish']
2026-03-06 15:33:48 | INFO     | bot.monitor          | [monitor] ✅ FORWARDED | chat=-1001511479567 | msg=10664 → target=-1003744320676
2026-03-06 15:34:42 | INFO     | bot.monitor          | [monitor] SOURCE GROUP HIT | chat_id=-1002628556472 | msg_id=14177
2026-03-06 15:34:45 | INFO     | bot.monitor          | [monitor] SOURCE GROUP HIT | chat_id=-1001212678634 | msg_id=166410
2026-03-06 15:34:45 | INFO     | bot.monitor          | [monitor] SOURCE GROUP HIT | chat_id=-1001212678634 | msg_id=166411
2026-03-06 15:34:45 | INFO     | bot.monitor          | [monitor] SOURCE GROUP HIT | chat_id=-1001212678634 | msg_id=166412
2026-03-06 15:34:45 | INFO     | bot.monitor          | [monitor] ✅ JOB DETECTED | chat=-1001212678634 | msg=166412 | lang=uzbek | kw=['kishiga ish']
2026-03-06 15:34:45 | INFO     | bot.monitor          | [monitor] SOURCE GROUP HIT | chat_id=-1001212678634 | msg_id=166413
2026-03-06 15:34:45 | INFO     | bot.monitor          | [monitor] SOURCE GROUP HIT | chat_id=-1001212678634 | msg_id=166414
2026-03-06 15:34:45 | INFO     | bot.monitor          | [monitor] ✅ JOB DETECTED | chat=-1001212678634 | msg=166414 | lang=uzbek | kw=['kishiga ish']
2026-03-06 15:34:46 | INFO     | bot.monitor          | [monitor] ✅ FORWARDED | chat=-1001212678634 | msg=166412 → target=-1003744320676
2026-03-06 15:34:46 | INFO     | bot.monitor          | [monitor] ✅ FORWARDED | chat=-1001212678634 | msg=166414 → target=-1003744320676
2026-03-06 15:34:54 | INFO     | bot.monitor          | [monitor] SOURCE GROUP HIT | chat_id=-1001453574665 | msg_id=297932
2026-03-06 15:34:54 | INFO     | bot.monitor          | [monitor] ✅ JOB DETECTED | chat=-1001453574665 | msg=297932 | lang=uzbek | kw=['kishiga ish']
2026-03-06 15:34:54 | INFO     | bot.monitor          | [monitor] ✅ FORWARDED | chat=-1001453574665 | msg=297932 → target=-1003744320676
2026-03-06 15:37:45 | INFO     | bot.monitor          | [monitor] SOURCE GROUP HIT | chat_id=-1001539128165 | msg_id=171302
2026-03-06 15:38:08 | INFO     | bot.monitor          | [monitor] SOURCE GROUP HIT | chat_id=-1001539128165 | msg_id=171303
2026-03-06 15:38:08 | INFO     | bot.monitor          | [monitor] SOURCE GROUP HIT | chat_id=-1001539128165 | msg_id=171304
2026-03-06 15:38:09 | INFO     | bot.monitor          | [monitor] SOURCE GROUP HIT | chat_id=-1001304686518 | msg_id=124593
2026-03-06 15:38:09 | INFO     | bot.monitor          | [monitor] SOURCE GROUP HIT | chat_id=-1001304686518 | msg_id=124594
2026-03-06 15:38:36 | INFO     | main                 | ============================================================
2026-03-06 15:38:36 | INFO     | main                 |   Ish E'lonlari — Starting
2026-03-06 15:38:36 | INFO     | main                 | ============================================================
2026-03-06 15:38:36 | INFO     | bot.database         | [DB] Schema initialised at D:\VS Code\telegram_job_bot\data\job_bot.db
2026-03-06 15:38:36 | INFO     | main                 | [main] Connecting Telethon client …
2026-03-06 15:38:38 | INFO     | main                 | [main] Telethon logged in as: quvonchbek (id=2046196282)
2026-03-06 15:38:38 | INFO     | bot.monitor          | [monitor] Connecting to Telegram …
2026-03-06 15:38:38 | INFO     | bot.monitor          | [monitor] Logged in as: quvonchbek (id=2046196282)
2026-03-06 15:38:38 | INFO     | bot.monitor          | [monitor] Event handlers registered (messages + chat actions).
2026-03-06 15:38:38 | INFO     | bot.monitor          | [monitor] Monitoring 38 group(s): ['SEOUL TEKPE 🇰🇷🇰🇷🇰🇷 (-1001239333237)', '👨\u200d🏭Daejeon, Guemsan Arbayit! (-1001205456019)', 'Yongindagi Uzbeklar (-1002858032342)', 'Ysu students (-1001858394869)', 'ICHEON CITY (-1001511479567)', 'Anseong_Work🇵🇸 (-1001470356319)', "Mokpo ish e'lon (-1001857660612)", 'Korea_yangiliklari (-1001490331350)', 'KOR-UZB pochta 📦 (-1003050729293)', 'Dejong CJ (-1002466260830)', 'HELP IN KOREA 🇰🇷 (-1001659856299)', 'Chonan Asan Pyonteg (-1002729014093)', 'ASAN ISH GRUPPA. 아산 알바 (-1002000748619)', '🇺🇿🇰🇷GUNSANDAGI MUSOFIRLAR🇰🇷🇺🇿 (-1001387204774)', "Chonanda O'zimiznikilar (-1002666264446)", '(충주시)CHUNGJU (-1002165832122)', 'NMAGAP_KOREYA (-1001463257290)', 'Chonan Asan Pyontek work / arbayt (-1002603723162)', 'Chonan ish (-1002418112272)', 'Poseung Arbayt💰💰 (-1001716701670)', 'Mokpolikilar [Rasmiy Kanal] (-1002628556472)', 'ULSAN ISH EʼLON (-1002567337700)', 'Daegu(대구)ish. Тегу , gyeongsan Ish 알바 (-1001671731305)', 'Daeso arbayt (-1001399984082)', 'Арбайт Инчхон-Кимпо (-1001749857007)', 'Daejon CJ tekpe (-1002956231910)', '🇰🇷 Korea <-> Uzbek Pochta Guruhi 🇺🇿 (-1001539128165)', 'Test Group (-1003833786454)', "Korean jobs! Koreya bo'ylab bo'sh ish o‘rinlari: (Tekpe, qurilish, zavod, arabayt, mehmonxonalar, taxi xizmati, yuridik yordam) (-1001146665528)", 'Daejeon Arbayt Guruhi (-1001304686518)', 'Daeso Deoksan Jincheon Mugeuk Samseong Gwanhewon arbayt tekpe тессо токсан чинчен (-1001799111985)', "BUSAN ISH E'LON (-1001503748476)", 'KIMHE ISH 김해 일 (-1001453574665)', '충남(CHONAN) ARBAIT (-1001212678634)', '영남대학교 🇰🇷 & 🇺🇿 (-1001176433500)', 'CHONAN ASAN ARBAYT (-1002301178007)', 'Group -5173314852 (-5173314852)', 'Group -1002179593933 (-1002179593933)']
2026-03-06 15:38:38 | INFO     | bot.monitor          | [monitor] Target group: Korea Ish E'lonlari (-1003744320676)
2026-03-06 15:38:38 | INFO     | bot.monitor          | [monitor] 👂 Listening for messages and chat actions …
2026-03-06 15:38:38 | INFO     | main                 | [main] Starting admin bot as background task …
2026-03-06 15:38:38 | INFO     | main                 | [main] System fully operational. Press Ctrl+C to stop.
2026-03-06 15:38:38 | INFO     | bot.database         | [DB] Schema initialised at D:\VS Code\telegram_job_bot\data\job_bot.db
2026-03-06 15:38:39 | INFO     | bot.admin_bot        | [admin_bot] Starting admin bot …
2026-03-06 15:39:39 | INFO     | bot.monitor          | [monitor] 🗑️  Deleting service message | user=. | action=joined | msg_id=46
2026-03-06 15:39:39 | INFO     | bot.monitor          | [monitor] ✅ Service message deleted | msg_id=46
2026-03-06 15:41:32 | INFO     | bot.database         | [DB] Source group added: Uijeongbu grupa (-1002069815122)
2026-03-06 15:42:49 | WARNING  | bot.database         | [DB] Source group already exists: -1001239333237
2026-03-06 15:43:08 | WARNING  | bot.database         | [DB] Source group already exists: -1001511479567
2026-03-06 15:43:35 | WARNING  | bot.database         | [DB] Source group already exists: -1001799111985
2026-03-06 15:43:43 | INFO     | bot.monitor          | [monitor] SOURCE GROUP HIT | chat_id=-1001749857007 | msg_id=43845
2026-03-06 15:43:43 | INFO     | bot.monitor          | [monitor] ✅ JOB DETECTED | chat=-1001749857007 | msg=43845 | lang=russian | kw=['вакансия']
2026-03-06 15:43:45 | INFO     | bot.monitor          | [monitor] ✅ FORWARDED | chat=-1001749857007 | msg=43845 → target=-1003744320676
2026-03-06 15:44:02 | WARNING  | bot.database         | [DB] Source group already exists: -1001205456019
2026-03-06 15:44:21 | INFO     | bot.database         | [DB] Source group added: iksan ish (-1001754360080)
2026-03-06 15:44:32 | INFO     | bot.database         | [DB] Source group added: 광주광역시 | Katta Gwangju (-1001686180833)
2026-03-06 15:45:41 | INFO     | bot.monitor          | [monitor] SOURCE GROUP HIT | chat_id=-1001754360080 | msg_id=23589
2026-03-06 15:45:57 | INFO     | bot.monitor          | [monitor] SOURCE GROUP HIT | chat_id=-1002603723162 | msg_id=21692
2026-03-06 15:46:13 | INFO     | bot.monitor          | [monitor] SOURCE GROUP HIT | chat_id=-1002729014093 | msg_id=12543
2026-03-06 15:46:18 | ERROR    | aiogram.event        | Cause exception while process update id=141515707 by bot id=8536661835
TelegramBadRequest: Telegram server says - Bad Request: can't parse entities: Unsupported start tag "-" at byte offset 4013
Traceback (most recent call last):
  File "C:\Users\user\AppData\Local\Programs\Python\Python312\Lib\site-packages\aiogram\dispatcher\dispatcher.py", line 309, in _process_update
    response = await self.feed_update(bot, update, **kwargs)
               ^^^^^^^^^^^^^^^^^^^^^^^^^^^^^^^^^^^^^^^^^^^^^
  File "C:\Users\user\AppData\Local\Programs\Python\Python312\Lib\site-packages\aiogram\dispatcher\dispatcher.py", line 158, in feed_update
    response = await self.update.wrap_outer_middleware(
               ^^^^^^^^^^^^^^^^^^^^^^^^^^^^^^^^^^^^^^^^
  File "C:\Users\user\AppData\Local\Programs\Python\Python312\Lib\site-packages\aiogram\dispatcher\middlewares\error.py", line 25, in __call__
    return await handler(event, data)
           ^^^^^^^^^^^^^^^^^^^^^^^^^^
  File "C:\Users\user\AppData\Local\Programs\Python\Python312\Lib\site-packages\aiogram\dispatcher\middlewares\user_context.py", line 56, in __call__
    return await handler(event, data)
           ^^^^^^^^^^^^^^^^^^^^^^^^^^
  File "C:\Users\user\AppData\Local\Programs\Python\Python312\Lib\site-packages\aiogram\fsm\middleware.py", line 42, in __call__
    return await handler(event, data)
           ^^^^^^^^^^^^^^^^^^^^^^^^^^
  File "C:\Users\user\AppData\Local\Programs\Python\Python312\Lib\site-packages\aiogram\dispatcher\event\telegram.py", line 121, in trigger
    return await wrapped_inner(event, kwargs)
           ^^^^^^^^^^^^^^^^^^^^^^^^^^^^^^^^^^
  File "C:\Users\user\AppData\Local\Programs\Python\Python312\Lib\site-packages\aiogram\dispatcher\event\handler.py", line 43, in call
    return await wrapped()
           ^^^^^^^^^^^^^^^
  File "C:\Users\user\AppData\Local\Programs\Python\Python312\Lib\site-packages\aiogram\dispatcher\dispatcher.py", line 276, in _listen_update
    return await self.propagate_event(update_type=update_type, event=event, **kwargs)
           ^^^^^^^^^^^^^^^^^^^^^^^^^^^^^^^^^^^^^^^^^^^^^^^^^^^^^^^^^^^^^^^^^^^^^^^^^^
  File "C:\Users\user\AppData\Local\Programs\Python\Python312\Lib\site-packages\aiogram\dispatcher\router.py", line 146, in propagate_event
    return await observer.wrap_outer_middleware(_wrapped, event=event, data=kwargs)
           ^^^^^^^^^^^^^^^^^^^^^^^^^^^^^^^^^^^^^^^^^^^^^^^^^^^^^^^^^^^^^^^^^^^^^^^^
  File "C:\Users\user\AppData\Local\Programs\Python\Python312\Lib\site-packages\aiogram\dispatcher\router.py", line 141, in _wrapped
    return await self._propagate_event(
           ^^^^^^^^^^^^^^^^^^^^^^^^^^^^
  File "C:\Users\user\AppData\Local\Programs\Python\Python312\Lib\site-packages\aiogram\dispatcher\router.py", line 174, in _propagate_event
    response = await router.propagate_event(update_type=update_type, event=event, **kwargs)
               ^^^^^^^^^^^^^^^^^^^^^^^^^^^^^^^^^^^^^^^^^^^^^^^^^^^^^^^^^^^^^^^^^^^^^^^^^^^^
  File "C:\Users\user\AppData\Local\Programs\Python\Python312\Lib\site-packages\aiogram\dispatcher\router.py", line 146, in propagate_event
    return await observer.wrap_outer_middleware(_wrapped, event=event, data=kwargs)
           ^^^^^^^^^^^^^^^^^^^^^^^^^^^^^^^^^^^^^^^^^^^^^^^^^^^^^^^^^^^^^^^^^^^^^^^^
  File "C:\Users\user\AppData\Local\Programs\Python\Python312\Lib\site-packages\aiogram\dispatcher\router.py", line 141, in _wrapped
    return await self._propagate_event(
           ^^^^^^^^^^^^^^^^^^^^^^^^^^^^
  File "C:\Users\user\AppData\Local\Programs\Python\Python312\Lib\site-packages\aiogram\dispatcher\router.py", line 166, in _propagate_event
    response = await observer.trigger(event, **kwargs)
               ^^^^^^^^^^^^^^^^^^^^^^^^^^^^^^^^^^^^^^^
  File "C:\Users\user\AppData\Local\Programs\Python\Python312\Lib\site-packages\aiogram\dispatcher\event\telegram.py", line 121, in trigger
    return await wrapped_inner(event, kwargs)
           ^^^^^^^^^^^^^^^^^^^^^^^^^^^^^^^^^^
  File "C:\Users\user\AppData\Local\Programs\Python\Python312\Lib\site-packages\aiogram\dispatcher\event\handler.py", line 43, in call
    return await wrapped()
           ^^^^^^^^^^^^^^^
  File "D:\VS Code\telegram_job_bot\bot\admin_bot.py", line 186, in cmd_list_groups
    await message.answer("\n".join(lines), parse_mode="HTML", reply_markup=_main_keyboard())
  File "C:\Users\user\AppData\Local\Programs\Python\Python312\Lib\site-packages\aiogram\methods\base.py", line 84, in emit
    return await bot(self)
           ^^^^^^^^^^^^^^^
  File "C:\Users\user\AppData\Local\Programs\Python\Python312\Lib\site-packages\aiogram\client\bot.py", line 488, in __call__
    return await self.session(self, method, timeout=request_timeout)
           ^^^^^^^^^^^^^^^^^^^^^^^^^^^^^^^^^^^^^^^^^^^^^^^^^^^^^^^^^
  File "C:\Users\user\AppData\Local\Programs\Python\Python312\Lib\site-packages\aiogram\client\session\base.py", line 254, in __call__
    return cast(TelegramType, await middleware(bot, method))
                              ^^^^^^^^^^^^^^^^^^^^^^^^^^^^^
  File "C:\Users\user\AppData\Local\Programs\Python\Python312\Lib\site-packages\aiogram\client\session\aiohttp.py", line 189, in make_request
    response = self.check_response(
               ^^^^^^^^^^^^^^^^^^^^
  File "C:\Users\user\AppData\Local\Programs\Python\Python312\Lib\site-packages\aiogram\client\session\base.py", line 120, in check_response
    raise TelegramBadRequest(method=method, message=description)
aiogram.exceptions.TelegramBadRequest: Telegram server says - Bad Request: can't parse entities: Unsupported start tag "-" at byte offset 4013
2026-03-06 15:46:20 | INFO     | bot.monitor          | [monitor] SOURCE GROUP HIT | chat_id=-1001511479567 | msg_id=10664
2026-03-06 15:46:20 | INFO     | bot.monitor          | [monitor] SOURCE GROUP HIT | chat_id=-1001511479567 | msg_id=10665
2026-03-06 15:46:39 | ERROR    | aiogram.event        | Cause exception while process update id=141515711 by bot id=8536661835
TelegramBadRequest: Telegram server says - Bad Request: can't parse entities: Unsupported start tag "-" at byte offset 2031
Traceback (most recent call last):
  File "C:\Users\user\AppData\Local\Programs\Python\Python312\Lib\site-packages\aiogram\dispatcher\dispatcher.py", line 309, in _process_update
    response = await self.feed_update(bot, update, **kwargs)
               ^^^^^^^^^^^^^^^^^^^^^^^^^^^^^^^^^^^^^^^^^^^^^
  File "C:\Users\user\AppData\Local\Programs\Python\Python312\Lib\site-packages\aiogram\dispatcher\dispatcher.py", line 158, in feed_update
    response = await self.update.wrap_outer_middleware(
               ^^^^^^^^^^^^^^^^^^^^^^^^^^^^^^^^^^^^^^^^
  File "C:\Users\user\AppData\Local\Programs\Python\Python312\Lib\site-packages\aiogram\dispatcher\middlewares\error.py", line 25, in __call__
    return await handler(event, data)
           ^^^^^^^^^^^^^^^^^^^^^^^^^^
  File "C:\Users\user\AppData\Local\Programs\Python\Python312\Lib\site-packages\aiogram\dispatcher\middlewares\user_context.py", line 56, in __call__
    return await handler(event, data)
           ^^^^^^^^^^^^^^^^^^^^^^^^^^
  File "C:\Users\user\AppData\Local\Programs\Python\Python312\Lib\site-packages\aiogram\fsm\middleware.py", line 42, in __call__
    return await handler(event, data)
           ^^^^^^^^^^^^^^^^^^^^^^^^^^
  File "C:\Users\user\AppData\Local\Programs\Python\Python312\Lib\site-packages\aiogram\dispatcher\event\telegram.py", line 121, in trigger
    return await wrapped_inner(event, kwargs)
           ^^^^^^^^^^^^^^^^^^^^^^^^^^^^^^^^^^
  File "C:\Users\user\AppData\Local\Programs\Python\Python312\Lib\site-packages\aiogram\dispatcher\event\handler.py", line 43, in call
    return await wrapped()
           ^^^^^^^^^^^^^^^
  File "C:\Users\user\AppData\Local\Programs\Python\Python312\Lib\site-packages\aiogram\dispatcher\dispatcher.py", line 276, in _listen_update
    return await self.propagate_event(update_type=update_type, event=event, **kwargs)
           ^^^^^^^^^^^^^^^^^^^^^^^^^^^^^^^^^^^^^^^^^^^^^^^^^^^^^^^^^^^^^^^^^^^^^^^^^^
  File "C:\Users\user\AppData\Local\Programs\Python\Python312\Lib\site-packages\aiogram\dispatcher\router.py", line 146, in propagate_event
    return await observer.wrap_outer_middleware(_wrapped, event=event, data=kwargs)
           ^^^^^^^^^^^^^^^^^^^^^^^^^^^^^^^^^^^^^^^^^^^^^^^^^^^^^^^^^^^^^^^^^^^^^^^^
  File "C:\Users\user\AppData\Local\Programs\Python\Python312\Lib\site-packages\aiogram\dispatcher\router.py", line 141, in _wrapped
    return await self._propagate_event(
           ^^^^^^^^^^^^^^^^^^^^^^^^^^^^
  File "C:\Users\user\AppData\Local\Programs\Python\Python312\Lib\site-packages\aiogram\dispatcher\router.py", line 174, in _propagate_event
    response = await router.propagate_event(update_type=update_type, event=event, **kwargs)
               ^^^^^^^^^^^^^^^^^^^^^^^^^^^^^^^^^^^^^^^^^^^^^^^^^^^^^^^^^^^^^^^^^^^^^^^^^^^^
  File "C:\Users\user\AppData\Local\Programs\Python\Python312\Lib\site-packages\aiogram\dispatcher\router.py", line 146, in propagate_event
    return await observer.wrap_outer_middleware(_wrapped, event=event, data=kwargs)
           ^^^^^^^^^^^^^^^^^^^^^^^^^^^^^^^^^^^^^^^^^^^^^^^^^^^^^^^^^^^^^^^^^^^^^^^^
  File "C:\Users\user\AppData\Local\Programs\Python\Python312\Lib\site-packages\aiogram\dispatcher\router.py", line 141, in _wrapped
    return await self._propagate_event(
           ^^^^^^^^^^^^^^^^^^^^^^^^^^^^
  File "C:\Users\user\AppData\Local\Programs\Python\Python312\Lib\site-packages\aiogram\dispatcher\router.py", line 166, in _propagate_event
    response = await observer.trigger(event, **kwargs)
               ^^^^^^^^^^^^^^^^^^^^^^^^^^^^^^^^^^^^^^^
  File "C:\Users\user\AppData\Local\Programs\Python\Python312\Lib\site-packages\aiogram\dispatcher\event\telegram.py", line 121, in trigger
    return await wrapped_inner(event, kwargs)
           ^^^^^^^^^^^^^^^^^^^^^^^^^^^^^^^^^^
  File "C:\Users\user\AppData\Local\Programs\Python\Python312\Lib\site-packages\aiogram\dispatcher\event\handler.py", line 43, in call
    return await wrapped()
           ^^^^^^^^^^^^^^^
  File "D:\VS Code\telegram_job_bot\bot\admin_bot.py", line 464, in cmd_status
    await message.answer(
  File "C:\Users\user\AppData\Local\Programs\Python\Python312\Lib\site-packages\aiogram\methods\base.py", line 84, in emit
    return await bot(self)
           ^^^^^^^^^^^^^^^
  File "C:\Users\user\AppData\Local\Programs\Python\Python312\Lib\site-packages\aiogram\client\bot.py", line 488, in __call__
    return await self.session(self, method, timeout=request_timeout)
           ^^^^^^^^^^^^^^^^^^^^^^^^^^^^^^^^^^^^^^^^^^^^^^^^^^^^^^^^^
  File "C:\Users\user\AppData\Local\Programs\Python\Python312\Lib\site-packages\aiogram\client\session\base.py", line 254, in __call__
    return cast(TelegramType, await middleware(bot, method))
                              ^^^^^^^^^^^^^^^^^^^^^^^^^^^^^
  File "C:\Users\user\AppData\Local\Programs\Python\Python312\Lib\site-packages\aiogram\client\session\aiohttp.py", line 189, in make_request
    response = self.check_response(
               ^^^^^^^^^^^^^^^^^^^^
  File "C:\Users\user\AppData\Local\Programs\Python\Python312\Lib\site-packages\aiogram\client\session\base.py", line 120, in check_response
    raise TelegramBadRequest(method=method, message=description)
aiogram.exceptions.TelegramBadRequest: Telegram server says - Bad Request: can't parse entities: Unsupported start tag "-" at byte offset 2031
2026-03-06 15:47:20 | INFO     | bot.monitor          | [monitor] SOURCE GROUP HIT | chat_id=-1002301178007 | msg_id=6684
2026-03-06 15:47:56 | ERROR    | aiogram.event        | Cause exception while process update id=141515712 by bot id=8536661835
TelegramBadRequest: Telegram server says - Bad Request: can't parse entities: Unsupported start tag "-" at byte offset 4013
Traceback (most recent call last):
  File "C:\Users\user\AppData\Local\Programs\Python\Python312\Lib\site-packages\aiogram\dispatcher\dispatcher.py", line 309, in _process_update
    response = await self.feed_update(bot, update, **kwargs)
               ^^^^^^^^^^^^^^^^^^^^^^^^^^^^^^^^^^^^^^^^^^^^^
  File "C:\Users\user\AppData\Local\Programs\Python\Python312\Lib\site-packages\aiogram\dispatcher\dispatcher.py", line 158, in feed_update
    response = await self.update.wrap_outer_middleware(
               ^^^^^^^^^^^^^^^^^^^^^^^^^^^^^^^^^^^^^^^^
  File "C:\Users\user\AppData\Local\Programs\Python\Python312\Lib\site-packages\aiogram\dispatcher\middlewares\error.py", line 25, in __call__
    return await handler(event, data)
           ^^^^^^^^^^^^^^^^^^^^^^^^^^
  File "C:\Users\user\AppData\Local\Programs\Python\Python312\Lib\site-packages\aiogram\dispatcher\middlewares\user_context.py", line 56, in __call__
    return await handler(event, data)
           ^^^^^^^^^^^^^^^^^^^^^^^^^^
  File "C:\Users\user\AppData\Local\Programs\Python\Python312\Lib\site-packages\aiogram\fsm\middleware.py", line 42, in __call__
    return await handler(event, data)
           ^^^^^^^^^^^^^^^^^^^^^^^^^^
  File "C:\Users\user\AppData\Local\Programs\Python\Python312\Lib\site-packages\aiogram\dispatcher\event\telegram.py", line 121, in trigger
    return await wrapped_inner(event, kwargs)
           ^^^^^^^^^^^^^^^^^^^^^^^^^^^^^^^^^^
  File "C:\Users\user\AppData\Local\Programs\Python\Python312\Lib\site-packages\aiogram\dispatcher\event\handler.py", line 43, in call
    return await wrapped()
           ^^^^^^^^^^^^^^^
  File "C:\Users\user\AppData\Local\Programs\Python\Python312\Lib\site-packages\aiogram\dispatcher\dispatcher.py", line 276, in _listen_update
    return await self.propagate_event(update_type=update_type, event=event, **kwargs)
           ^^^^^^^^^^^^^^^^^^^^^^^^^^^^^^^^^^^^^^^^^^^^^^^^^^^^^^^^^^^^^^^^^^^^^^^^^^
  File "C:\Users\user\AppData\Local\Programs\Python\Python312\Lib\site-packages\aiogram\dispatcher\router.py", line 146, in propagate_event
    return await observer.wrap_outer_middleware(_wrapped, event=event, data=kwargs)
           ^^^^^^^^^^^^^^^^^^^^^^^^^^^^^^^^^^^^^^^^^^^^^^^^^^^^^^^^^^^^^^^^^^^^^^^^
  File "C:\Users\user\AppData\Local\Programs\Python\Python312\Lib\site-packages\aiogram\dispatcher\router.py", line 141, in _wrapped
    return await self._propagate_event(
           ^^^^^^^^^^^^^^^^^^^^^^^^^^^^
  File "C:\Users\user\AppData\Local\Programs\Python\Python312\Lib\site-packages\aiogram\dispatcher\router.py", line 174, in _propagate_event
    response = await router.propagate_event(update_type=update_type, event=event, **kwargs)
               ^^^^^^^^^^^^^^^^^^^^^^^^^^^^^^^^^^^^^^^^^^^^^^^^^^^^^^^^^^^^^^^^^^^^^^^^^^^^
  File "C:\Users\user\AppData\Local\Programs\Python\Python312\Lib\site-packages\aiogram\dispatcher\router.py", line 146, in propagate_event
    return await observer.wrap_outer_middleware(_wrapped, event=event, data=kwargs)
           ^^^^^^^^^^^^^^^^^^^^^^^^^^^^^^^^^^^^^^^^^^^^^^^^^^^^^^^^^^^^^^^^^^^^^^^^
  File "C:\Users\user\AppData\Local\Programs\Python\Python312\Lib\site-packages\aiogram\dispatcher\router.py", line 141, in _wrapped
    return await self._propagate_event(
           ^^^^^^^^^^^^^^^^^^^^^^^^^^^^
  File "C:\Users\user\AppData\Local\Programs\Python\Python312\Lib\site-packages\aiogram\dispatcher\router.py", line 166, in _propagate_event
    response = await observer.trigger(event, **kwargs)
               ^^^^^^^^^^^^^^^^^^^^^^^^^^^^^^^^^^^^^^^
  File "C:\Users\user\AppData\Local\Programs\Python\Python312\Lib\site-packages\aiogram\dispatcher\event\telegram.py", line 121, in trigger
    return await wrapped_inner(event, kwargs)
           ^^^^^^^^^^^^^^^^^^^^^^^^^^^^^^^^^^
  File "C:\Users\user\AppData\Local\Programs\Python\Python312\Lib\site-packages\aiogram\dispatcher\event\handler.py", line 43, in call
    return await wrapped()
           ^^^^^^^^^^^^^^^
  File "D:\VS Code\telegram_job_bot\bot\admin_bot.py", line 186, in cmd_list_groups
    await message.answer("\n".join(lines), parse_mode="HTML", reply_markup=_main_keyboard())
  File "C:\Users\user\AppData\Local\Programs\Python\Python312\Lib\site-packages\aiogram\methods\base.py", line 84, in emit
    return await bot(self)
           ^^^^^^^^^^^^^^^
  File "C:\Users\user\AppData\Local\Programs\Python\Python312\Lib\site-packages\aiogram\client\bot.py", line 488, in __call__
    return await self.session(self, method, timeout=request_timeout)
           ^^^^^^^^^^^^^^^^^^^^^^^^^^^^^^^^^^^^^^^^^^^^^^^^^^^^^^^^^
  File "C:\Users\user\AppData\Local\Programs\Python\Python312\Lib\site-packages\aiogram\client\session\base.py", line 254, in __call__
    return cast(TelegramType, await middleware(bot, method))
                              ^^^^^^^^^^^^^^^^^^^^^^^^^^^^^
  File "C:\Users\user\AppData\Local\Programs\Python\Python312\Lib\site-packages\aiogram\client\session\aiohttp.py", line 189, in make_request
    response = self.check_response(
               ^^^^^^^^^^^^^^^^^^^^
  File "C:\Users\user\AppData\Local\Programs\Python\Python312\Lib\site-packages\aiogram\client\session\base.py", line 120, in check_response
    raise TelegramBadRequest(method=method, message=description)
aiogram.exceptions.TelegramBadRequest: Telegram server says - Bad Request: can't parse entities: Unsupported start tag "-" at byte offset 4013
2026-03-06 15:49:06 | INFO     | main                 | ============================================================
2026-03-06 15:49:06 | INFO     | main                 |   Ish E'lonlari — Starting
2026-03-06 15:49:06 | INFO     | main                 | ============================================================
2026-03-06 15:49:06 | INFO     | bot.database         | [DB] Schema initialised at D:\VS Code\telegram_job_bot\data\job_bot.db
2026-03-06 15:49:06 | INFO     | main                 | [main] Connecting Telethon client …
2026-03-06 15:49:08 | INFO     | main                 | [main] Telethon logged in as: quvonchbek (id=2046196282)
2026-03-06 15:49:08 | INFO     | bot.monitor          | [monitor] Connecting to Telegram …
2026-03-06 15:49:09 | INFO     | bot.monitor          | [monitor] Logged in as: quvonchbek (id=2046196282)
2026-03-06 15:49:09 | INFO     | bot.monitor          | [monitor] Event handlers registered (messages + chat actions).
2026-03-06 15:49:09 | INFO     | bot.monitor          | [monitor] Monitoring 41 group(s): ['광주광역시 | Katta Gwangju (-1001686180833)', 'iksan ish (-1001754360080)', 'Uijeongbu grupa (-1002069815122)', 'SEOUL TEKPE 🇰🇷🇰🇷🇰🇷 (-1001239333237)', '👨\u200d🏭Daejeon, Guemsan Arbayit! (-1001205456019)', 'Yongindagi Uzbeklar (-1002858032342)', 'Ysu students (-1001858394869)', 'ICHEON CITY (-1001511479567)', 'Anseong_Work🇵🇸 (-1001470356319)', "Mokpo ish e'lon (-1001857660612)", 'Korea_yangiliklari (-1001490331350)', 'KOR-UZB pochta 📦 (-1003050729293)', 'Dejong CJ (-1002466260830)', 'HELP IN KOREA 🇰🇷 (-1001659856299)', 'Chonan Asan Pyonteg (-1002729014093)', 'ASAN ISH GRUPPA. 아산 알바 (-1002000748619)', '🇺🇿🇰🇷GUNSANDAGI MUSOFIRLAR🇰🇷🇺🇿 (-1001387204774)', "Chonanda O'zimiznikilar (-1002666264446)", '(충주시)CHUNGJU (-1002165832122)', 'NMAGAP_KOREYA (-1001463257290)', 'Chonan Asan Pyontek work / arbayt (-1002603723162)', 'Chonan ish (-1002418112272)', 'Poseung Arbayt💰💰 (-1001716701670)', 'Mokpolikilar [Rasmiy Kanal] (-1002628556472)', 'ULSAN ISH EʼLON (-1002567337700)', 'Daegu(대구)ish. Тегу , gyeongsan Ish 알바 (-1001671731305)', 'Daeso arbayt (-1001399984082)', 'Арбайт Инчхон-Кимпо (-1001749857007)', 'Daejon CJ tekpe (-1002956231910)', '🇰🇷 Korea <-> Uzbek Pochta Guruhi 🇺🇿 (-1001539128165)', 'Test Group (-1003833786454)', "Korean jobs! Koreya bo'ylab bo'sh ish o‘rinlari: (Tekpe, qurilish, zavod, arabayt, mehmonxonalar, taxi xizmati, yuridik yordam) (-1001146665528)", 'Daejeon Arbayt Guruhi (-1001304686518)', 'Daeso Deoksan Jincheon Mugeuk Samseong Gwanhewon arbayt tekpe тессо токсан чинчен (-1001799111985)', "BUSAN ISH E'LON (-1001503748476)", 'KIMHE ISH 김해 일 (-1001453574665)', '충남(CHONAN) ARBAIT (-1001212678634)', '영남대학교 🇰🇷 & 🇺🇿 (-1001176433500)', 'CHONAN ASAN ARBAYT (-1002301178007)', 'Group -5173314852 (-5173314852)', 'Group -1002179593933 (-1002179593933)']
2026-03-06 15:49:09 | INFO     | bot.monitor          | [monitor] Target group: Korea Ish E'lonlari (-1003744320676)
2026-03-06 15:49:09 | INFO     | bot.monitor          | [monitor] 👂 Listening for messages and chat actions …
2026-03-06 15:49:09 | INFO     | main                 | [main] Starting admin bot as background task …
2026-03-06 15:49:09 | INFO     | main                 | [main] System fully operational. Press Ctrl+C to stop.
2026-03-06 15:49:09 | INFO     | bot.database         | [DB] Schema initialised at D:\VS Code\telegram_job_bot\data\job_bot.db
2026-03-06 15:49:09 | INFO     | bot.admin_bot        | [admin_bot] Starting admin bot …
2026-03-06 15:51:24 | ERROR    | aiogram.event        | Cause exception while process update id=141515714 by bot id=8536661835
TelegramBadRequest: Telegram server says - Bad Request: can't parse entities: Unsupported start tag "-" at byte offset 4013
Traceback (most recent call last):
  File "C:\Users\user\AppData\Local\Programs\Python\Python312\Lib\site-packages\aiogram\dispatcher\dispatcher.py", line 309, in _process_update
    response = await self.feed_update(bot, update, **kwargs)
               ^^^^^^^^^^^^^^^^^^^^^^^^^^^^^^^^^^^^^^^^^^^^^
  File "C:\Users\user\AppData\Local\Programs\Python\Python312\Lib\site-packages\aiogram\dispatcher\dispatcher.py", line 158, in feed_update
    response = await self.update.wrap_outer_middleware(
               ^^^^^^^^^^^^^^^^^^^^^^^^^^^^^^^^^^^^^^^^
  File "C:\Users\user\AppData\Local\Programs\Python\Python312\Lib\site-packages\aiogram\dispatcher\middlewares\error.py", line 25, in __call__
    return await handler(event, data)
           ^^^^^^^^^^^^^^^^^^^^^^^^^^
  File "C:\Users\user\AppData\Local\Programs\Python\Python312\Lib\site-packages\aiogram\dispatcher\middlewares\user_context.py", line 56, in __call__
    return await handler(event, data)
           ^^^^^^^^^^^^^^^^^^^^^^^^^^
  File "C:\Users\user\AppData\Local\Programs\Python\Python312\Lib\site-packages\aiogram\fsm\middleware.py", line 42, in __call__
    return await handler(event, data)
           ^^^^^^^^^^^^^^^^^^^^^^^^^^
  File "C:\Users\user\AppData\Local\Programs\Python\Python312\Lib\site-packages\aiogram\dispatcher\event\telegram.py", line 121, in trigger
    return await wrapped_inner(event, kwargs)
           ^^^^^^^^^^^^^^^^^^^^^^^^^^^^^^^^^^
  File "C:\Users\user\AppData\Local\Programs\Python\Python312\Lib\site-packages\aiogram\dispatcher\event\handler.py", line 43, in call
    return await wrapped()
           ^^^^^^^^^^^^^^^
  File "C:\Users\user\AppData\Local\Programs\Python\Python312\Lib\site-packages\aiogram\dispatcher\dispatcher.py", line 276, in _listen_update
    return await self.propagate_event(update_type=update_type, event=event, **kwargs)
           ^^^^^^^^^^^^^^^^^^^^^^^^^^^^^^^^^^^^^^^^^^^^^^^^^^^^^^^^^^^^^^^^^^^^^^^^^^
  File "C:\Users\user\AppData\Local\Programs\Python\Python312\Lib\site-packages\aiogram\dispatcher\router.py", line 146, in propagate_event
    return await observer.wrap_outer_middleware(_wrapped, event=event, data=kwargs)
           ^^^^^^^^^^^^^^^^^^^^^^^^^^^^^^^^^^^^^^^^^^^^^^^^^^^^^^^^^^^^^^^^^^^^^^^^
  File "C:\Users\user\AppData\Local\Programs\Python\Python312\Lib\site-packages\aiogram\dispatcher\router.py", line 141, in _wrapped
    return await self._propagate_event(
           ^^^^^^^^^^^^^^^^^^^^^^^^^^^^
  File "C:\Users\user\AppData\Local\Programs\Python\Python312\Lib\site-packages\aiogram\dispatcher\router.py", line 174, in _propagate_event
    response = await router.propagate_event(update_type=update_type, event=event, **kwargs)
               ^^^^^^^^^^^^^^^^^^^^^^^^^^^^^^^^^^^^^^^^^^^^^^^^^^^^^^^^^^^^^^^^^^^^^^^^^^^^
  File "C:\Users\user\AppData\Local\Programs\Python\Python312\Lib\site-packages\aiogram\dispatcher\router.py", line 146, in propagate_event
    return await observer.wrap_outer_middleware(_wrapped, event=event, data=kwargs)
           ^^^^^^^^^^^^^^^^^^^^^^^^^^^^^^^^^^^^^^^^^^^^^^^^^^^^^^^^^^^^^^^^^^^^^^^^
  File "C:\Users\user\AppData\Local\Programs\Python\Python312\Lib\site-packages\aiogram\dispatcher\router.py", line 141, in _wrapped
    return await self._propagate_event(
           ^^^^^^^^^^^^^^^^^^^^^^^^^^^^
  File "C:\Users\user\AppData\Local\Programs\Python\Python312\Lib\site-packages\aiogram\dispatcher\router.py", line 166, in _propagate_event
    response = await observer.trigger(event, **kwargs)
               ^^^^^^^^^^^^^^^^^^^^^^^^^^^^^^^^^^^^^^^
  File "C:\Users\user\AppData\Local\Programs\Python\Python312\Lib\site-packages\aiogram\dispatcher\event\telegram.py", line 121, in trigger
    return await wrapped_inner(event, kwargs)
           ^^^^^^^^^^^^^^^^^^^^^^^^^^^^^^^^^^
  File "C:\Users\user\AppData\Local\Programs\Python\Python312\Lib\site-packages\aiogram\dispatcher\event\handler.py", line 43, in call
    return await wrapped()
           ^^^^^^^^^^^^^^^
  File "D:\VS Code\telegram_job_bot\bot\admin_bot.py", line 186, in cmd_list_groups
    await message.answer("\n".join(lines), parse_mode="HTML", reply_markup=_main_keyboard())
  File "C:\Users\user\AppData\Local\Programs\Python\Python312\Lib\site-packages\aiogram\methods\base.py", line 84, in emit
    return await bot(self)
           ^^^^^^^^^^^^^^^
  File "C:\Users\user\AppData\Local\Programs\Python\Python312\Lib\site-packages\aiogram\client\bot.py", line 488, in __call__
    return await self.session(self, method, timeout=request_timeout)
           ^^^^^^^^^^^^^^^^^^^^^^^^^^^^^^^^^^^^^^^^^^^^^^^^^^^^^^^^^
  File "C:\Users\user\AppData\Local\Programs\Python\Python312\Lib\site-packages\aiogram\client\session\base.py", line 254, in __call__
    return cast(TelegramType, await middleware(bot, method))
                              ^^^^^^^^^^^^^^^^^^^^^^^^^^^^^
  File "C:\Users\user\AppData\Local\Programs\Python\Python312\Lib\site-packages\aiogram\client\session\aiohttp.py", line 189, in make_request
    response = self.check_response(
               ^^^^^^^^^^^^^^^^^^^^
  File "C:\Users\user\AppData\Local\Programs\Python\Python312\Lib\site-packages\aiogram\client\session\base.py", line 120, in check_response
    raise TelegramBadRequest(method=method, message=description)
aiogram.exceptions.TelegramBadRequest: Telegram server says - Bad Request: can't parse entities: Unsupported start tag "-" at byte offset 4013
2026-03-06 15:51:28 | WARNING  | bot.admin_bot        | [admin_bot] Could not resolve entity '/removegroup': Cannot find any entity corresponding to "/removegroup"
2026-03-06 15:51:32 | INFO     | bot.monitor          | [monitor] SOURCE GROUP HIT | chat_id=-1001490331350 | msg_id=86039
2026-03-06 15:51:32 | WARNING  | bot.admin_bot        | [admin_bot] Could not resolve entity '/removegroup': Cannot find any entity corresponding to "/removegroup"
2026-03-06 15:52:05 | ERROR    | aiogram.event        | Cause exception while process update id=141515721 by bot id=8536661835
TelegramBadRequest: Telegram server says - Bad Request: can't parse entities: Unsupported start tag "-" at byte offset 4013
Traceback (most recent call last):
  File "C:\Users\user\AppData\Local\Programs\Python\Python312\Lib\site-packages\aiogram\dispatcher\dispatcher.py", line 309, in _process_update
    response = await self.feed_update(bot, update, **kwargs)
               ^^^^^^^^^^^^^^^^^^^^^^^^^^^^^^^^^^^^^^^^^^^^^
  File "C:\Users\user\AppData\Local\Programs\Python\Python312\Lib\site-packages\aiogram\dispatcher\dispatcher.py", line 158, in feed_update
    response = await self.update.wrap_outer_middleware(
               ^^^^^^^^^^^^^^^^^^^^^^^^^^^^^^^^^^^^^^^^
  File "C:\Users\user\AppData\Local\Programs\Python\Python312\Lib\site-packages\aiogram\dispatcher\middlewares\error.py", line 25, in __call__
    return await handler(event, data)
           ^^^^^^^^^^^^^^^^^^^^^^^^^^
  File "C:\Users\user\AppData\Local\Programs\Python\Python312\Lib\site-packages\aiogram\dispatcher\middlewares\user_context.py", line 56, in __call__
    return await handler(event, data)
           ^^^^^^^^^^^^^^^^^^^^^^^^^^
  File "C:\Users\user\AppData\Local\Programs\Python\Python312\Lib\site-packages\aiogram\fsm\middleware.py", line 42, in __call__
    return await handler(event, data)
           ^^^^^^^^^^^^^^^^^^^^^^^^^^
  File "C:\Users\user\AppData\Local\Programs\Python\Python312\Lib\site-packages\aiogram\dispatcher\event\telegram.py", line 121, in trigger
    return await wrapped_inner(event, kwargs)
           ^^^^^^^^^^^^^^^^^^^^^^^^^^^^^^^^^^
  File "C:\Users\user\AppData\Local\Programs\Python\Python312\Lib\site-packages\aiogram\dispatcher\event\handler.py", line 43, in call
    return await wrapped()
           ^^^^^^^^^^^^^^^
  File "C:\Users\user\AppData\Local\Programs\Python\Python312\Lib\site-packages\aiogram\dispatcher\dispatcher.py", line 276, in _listen_update
    return await self.propagate_event(update_type=update_type, event=event, **kwargs)
           ^^^^^^^^^^^^^^^^^^^^^^^^^^^^^^^^^^^^^^^^^^^^^^^^^^^^^^^^^^^^^^^^^^^^^^^^^^
  File "C:\Users\user\AppData\Local\Programs\Python\Python312\Lib\site-packages\aiogram\dispatcher\router.py", line 146, in propagate_event
    return await observer.wrap_outer_middleware(_wrapped, event=event, data=kwargs)
           ^^^^^^^^^^^^^^^^^^^^^^^^^^^^^^^^^^^^^^^^^^^^^^^^^^^^^^^^^^^^^^^^^^^^^^^^
  File "C:\Users\user\AppData\Local\Programs\Python\Python312\Lib\site-packages\aiogram\dispatcher\router.py", line 141, in _wrapped
    return await self._propagate_event(
           ^^^^^^^^^^^^^^^^^^^^^^^^^^^^
  File "C:\Users\user\AppData\Local\Programs\Python\Python312\Lib\site-packages\aiogram\dispatcher\router.py", line 174, in _propagate_event
    response = await router.propagate_event(update_type=update_type, event=event, **kwargs)
               ^^^^^^^^^^^^^^^^^^^^^^^^^^^^^^^^^^^^^^^^^^^^^^^^^^^^^^^^^^^^^^^^^^^^^^^^^^^^
  File "C:\Users\user\AppData\Local\Programs\Python\Python312\Lib\site-packages\aiogram\dispatcher\router.py", line 146, in propagate_event
    return await observer.wrap_outer_middleware(_wrapped, event=event, data=kwargs)
           ^^^^^^^^^^^^^^^^^^^^^^^^^^^^^^^^^^^^^^^^^^^^^^^^^^^^^^^^^^^^^^^^^^^^^^^^
  File "C:\Users\user\AppData\Local\Programs\Python\Python312\Lib\site-packages\aiogram\dispatcher\router.py", line 141, in _wrapped
    return await self._propagate_event(
           ^^^^^^^^^^^^^^^^^^^^^^^^^^^^
  File "C:\Users\user\AppData\Local\Programs\Python\Python312\Lib\site-packages\aiogram\dispatcher\router.py", line 166, in _propagate_event
    response = await observer.trigger(event, **kwargs)
               ^^^^^^^^^^^^^^^^^^^^^^^^^^^^^^^^^^^^^^^
  File "C:\Users\user\AppData\Local\Programs\Python\Python312\Lib\site-packages\aiogram\dispatcher\event\telegram.py", line 121, in trigger
    return await wrapped_inner(event, kwargs)
           ^^^^^^^^^^^^^^^^^^^^^^^^^^^^^^^^^^
  File "C:\Users\user\AppData\Local\Programs\Python\Python312\Lib\site-packages\aiogram\dispatcher\event\handler.py", line 43, in call
    return await wrapped()
           ^^^^^^^^^^^^^^^
  File "D:\VS Code\telegram_job_bot\bot\admin_bot.py", line 186, in cmd_list_groups
    await message.answer("\n".join(lines), parse_mode="HTML", reply_markup=_main_keyboard())
  File "C:\Users\user\AppData\Local\Programs\Python\Python312\Lib\site-packages\aiogram\methods\base.py", line 84, in emit
    return await bot(self)
           ^^^^^^^^^^^^^^^
  File "C:\Users\user\AppData\Local\Programs\Python\Python312\Lib\site-packages\aiogram\client\bot.py", line 488, in __call__
    return await self.session(self, method, timeout=request_timeout)
           ^^^^^^^^^^^^^^^^^^^^^^^^^^^^^^^^^^^^^^^^^^^^^^^^^^^^^^^^^
  File "C:\Users\user\AppData\Local\Programs\Python\Python312\Lib\site-packages\aiogram\client\session\base.py", line 254, in __call__
    return cast(TelegramType, await middleware(bot, method))
                              ^^^^^^^^^^^^^^^^^^^^^^^^^^^^^
  File "C:\Users\user\AppData\Local\Programs\Python\Python312\Lib\site-packages\aiogram\client\session\aiohttp.py", line 189, in make_request
    response = self.check_response(
               ^^^^^^^^^^^^^^^^^^^^
  File "C:\Users\user\AppData\Local\Programs\Python\Python312\Lib\site-packages\aiogram\client\session\base.py", line 120, in check_response
    raise TelegramBadRequest(method=method, message=description)
aiogram.exceptions.TelegramBadRequest: Telegram server says - Bad Request: can't parse entities: Unsupported start tag "-" at byte offset 4013
2026-03-06 15:52:23 | ERROR    | aiogram.event        | Cause exception while process update id=141515725 by bot id=8536661835
TelegramBadRequest: Telegram server says - Bad Request: can't parse entities: Unsupported start tag "-" at byte offset 4013
Traceback (most recent call last):
  File "C:\Users\user\AppData\Local\Programs\Python\Python312\Lib\site-packages\aiogram\dispatcher\dispatcher.py", line 309, in _process_update
    response = await self.feed_update(bot, update, **kwargs)
               ^^^^^^^^^^^^^^^^^^^^^^^^^^^^^^^^^^^^^^^^^^^^^
  File "C:\Users\user\AppData\Local\Programs\Python\Python312\Lib\site-packages\aiogram\dispatcher\dispatcher.py", line 158, in feed_update
    response = await self.update.wrap_outer_middleware(
               ^^^^^^^^^^^^^^^^^^^^^^^^^^^^^^^^^^^^^^^^
  File "C:\Users\user\AppData\Local\Programs\Python\Python312\Lib\site-packages\aiogram\dispatcher\middlewares\error.py", line 25, in __call__
    return await handler(event, data)
           ^^^^^^^^^^^^^^^^^^^^^^^^^^
  File "C:\Users\user\AppData\Local\Programs\Python\Python312\Lib\site-packages\aiogram\dispatcher\middlewares\user_context.py", line 56, in __call__
    return await handler(event, data)
           ^^^^^^^^^^^^^^^^^^^^^^^^^^
  File "C:\Users\user\AppData\Local\Programs\Python\Python312\Lib\site-packages\aiogram\fsm\middleware.py", line 42, in __call__
    return await handler(event, data)
           ^^^^^^^^^^^^^^^^^^^^^^^^^^
  File "C:\Users\user\AppData\Local\Programs\Python\Python312\Lib\site-packages\aiogram\dispatcher\event\telegram.py", line 121, in trigger
    return await wrapped_inner(event, kwargs)
           ^^^^^^^^^^^^^^^^^^^^^^^^^^^^^^^^^^
  File "C:\Users\user\AppData\Local\Programs\Python\Python312\Lib\site-packages\aiogram\dispatcher\event\handler.py", line 43, in call
    return await wrapped()
           ^^^^^^^^^^^^^^^
  File "C:\Users\user\AppData\Local\Programs\Python\Python312\Lib\site-packages\aiogram\dispatcher\dispatcher.py", line 276, in _listen_update
    return await self.propagate_event(update_type=update_type, event=event, **kwargs)
           ^^^^^^^^^^^^^^^^^^^^^^^^^^^^^^^^^^^^^^^^^^^^^^^^^^^^^^^^^^^^^^^^^^^^^^^^^^
  File "C:\Users\user\AppData\Local\Programs\Python\Python312\Lib\site-packages\aiogram\dispatcher\router.py", line 146, in propagate_event
    return await observer.wrap_outer_middleware(_wrapped, event=event, data=kwargs)
           ^^^^^^^^^^^^^^^^^^^^^^^^^^^^^^^^^^^^^^^^^^^^^^^^^^^^^^^^^^^^^^^^^^^^^^^^
  File "C:\Users\user\AppData\Local\Programs\Python\Python312\Lib\site-packages\aiogram\dispatcher\router.py", line 141, in _wrapped
    return await self._propagate_event(
           ^^^^^^^^^^^^^^^^^^^^^^^^^^^^
  File "C:\Users\user\AppData\Local\Programs\Python\Python312\Lib\site-packages\aiogram\dispatcher\router.py", line 174, in _propagate_event
    response = await router.propagate_event(update_type=update_type, event=event, **kwargs)
               ^^^^^^^^^^^^^^^^^^^^^^^^^^^^^^^^^^^^^^^^^^^^^^^^^^^^^^^^^^^^^^^^^^^^^^^^^^^^
  File "C:\Users\user\AppData\Local\Programs\Python\Python312\Lib\site-packages\aiogram\dispatcher\router.py", line 146, in propagate_event
    return await observer.wrap_outer_middleware(_wrapped, event=event, data=kwargs)
           ^^^^^^^^^^^^^^^^^^^^^^^^^^^^^^^^^^^^^^^^^^^^^^^^^^^^^^^^^^^^^^^^^^^^^^^^
  File "C:\Users\user\AppData\Local\Programs\Python\Python312\Lib\site-packages\aiogram\dispatcher\router.py", line 141, in _wrapped
    return await self._propagate_event(
           ^^^^^^^^^^^^^^^^^^^^^^^^^^^^
  File "C:\Users\user\AppData\Local\Programs\Python\Python312\Lib\site-packages\aiogram\dispatcher\router.py", line 166, in _propagate_event
    response = await observer.trigger(event, **kwargs)
               ^^^^^^^^^^^^^^^^^^^^^^^^^^^^^^^^^^^^^^^
  File "C:\Users\user\AppData\Local\Programs\Python\Python312\Lib\site-packages\aiogram\dispatcher\event\telegram.py", line 121, in trigger
    return await wrapped_inner(event, kwargs)
           ^^^^^^^^^^^^^^^^^^^^^^^^^^^^^^^^^^
  File "C:\Users\user\AppData\Local\Programs\Python\Python312\Lib\site-packages\aiogram\dispatcher\event\handler.py", line 43, in call
    return await wrapped()
           ^^^^^^^^^^^^^^^
  File "D:\VS Code\telegram_job_bot\bot\admin_bot.py", line 186, in cmd_list_groups
    await message.answer("\n".join(lines), parse_mode="HTML", reply_markup=_main_keyboard())
  File "C:\Users\user\AppData\Local\Programs\Python\Python312\Lib\site-packages\aiogram\methods\base.py", line 84, in emit
    return await bot(self)
           ^^^^^^^^^^^^^^^
  File "C:\Users\user\AppData\Local\Programs\Python\Python312\Lib\site-packages\aiogram\client\bot.py", line 488, in __call__
    return await self.session(self, method, timeout=request_timeout)
           ^^^^^^^^^^^^^^^^^^^^^^^^^^^^^^^^^^^^^^^^^^^^^^^^^^^^^^^^^
  File "C:\Users\user\AppData\Local\Programs\Python\Python312\Lib\site-packages\aiogram\client\session\base.py", line 254, in __call__
    return cast(TelegramType, await middleware(bot, method))
                              ^^^^^^^^^^^^^^^^^^^^^^^^^^^^^
  File "C:\Users\user\AppData\Local\Programs\Python\Python312\Lib\site-packages\aiogram\client\session\aiohttp.py", line 189, in make_request
    response = self.check_response(
               ^^^^^^^^^^^^^^^^^^^^
  File "C:\Users\user\AppData\Local\Programs\Python\Python312\Lib\site-packages\aiogram\client\session\base.py", line 120, in check_response
    raise TelegramBadRequest(method=method, message=description)
aiogram.exceptions.TelegramBadRequest: Telegram server says - Bad Request: can't parse entities: Unsupported start tag "-" at byte offset 4013
2026-03-06 15:52:27 | ERROR    | aiogram.event        | Cause exception while process update id=141515726 by bot id=8536661835
TelegramBadRequest: Telegram server says - Bad Request: can't parse entities: Can't find end tag corresponding to start tag "b"
Traceback (most recent call last):
  File "C:\Users\user\AppData\Local\Programs\Python\Python312\Lib\site-packages\aiogram\dispatcher\dispatcher.py", line 309, in _process_update
    response = await self.feed_update(bot, update, **kwargs)
               ^^^^^^^^^^^^^^^^^^^^^^^^^^^^^^^^^^^^^^^^^^^^^
  File "C:\Users\user\AppData\Local\Programs\Python\Python312\Lib\site-packages\aiogram\dispatcher\dispatcher.py", line 158, in feed_update
    response = await self.update.wrap_outer_middleware(
               ^^^^^^^^^^^^^^^^^^^^^^^^^^^^^^^^^^^^^^^^
  File "C:\Users\user\AppData\Local\Programs\Python\Python312\Lib\site-packages\aiogram\dispatcher\middlewares\error.py", line 25, in __call__
    return await handler(event, data)
           ^^^^^^^^^^^^^^^^^^^^^^^^^^
  File "C:\Users\user\AppData\Local\Programs\Python\Python312\Lib\site-packages\aiogram\dispatcher\middlewares\user_context.py", line 56, in __call__
    return await handler(event, data)
           ^^^^^^^^^^^^^^^^^^^^^^^^^^
  File "C:\Users\user\AppData\Local\Programs\Python\Python312\Lib\site-packages\aiogram\fsm\middleware.py", line 42, in __call__
    return await handler(event, data)
           ^^^^^^^^^^^^^^^^^^^^^^^^^^
  File "C:\Users\user\AppData\Local\Programs\Python\Python312\Lib\site-packages\aiogram\dispatcher\event\telegram.py", line 121, in trigger
    return await wrapped_inner(event, kwargs)
           ^^^^^^^^^^^^^^^^^^^^^^^^^^^^^^^^^^
  File "C:\Users\user\AppData\Local\Programs\Python\Python312\Lib\site-packages\aiogram\dispatcher\event\handler.py", line 43, in call
    return await wrapped()
           ^^^^^^^^^^^^^^^
  File "C:\Users\user\AppData\Local\Programs\Python\Python312\Lib\site-packages\aiogram\dispatcher\dispatcher.py", line 276, in _listen_update
    return await self.propagate_event(update_type=update_type, event=event, **kwargs)
           ^^^^^^^^^^^^^^^^^^^^^^^^^^^^^^^^^^^^^^^^^^^^^^^^^^^^^^^^^^^^^^^^^^^^^^^^^^
  File "C:\Users\user\AppData\Local\Programs\Python\Python312\Lib\site-packages\aiogram\dispatcher\router.py", line 146, in propagate_event
    return await observer.wrap_outer_middleware(_wrapped, event=event, data=kwargs)
           ^^^^^^^^^^^^^^^^^^^^^^^^^^^^^^^^^^^^^^^^^^^^^^^^^^^^^^^^^^^^^^^^^^^^^^^^
  File "C:\Users\user\AppData\Local\Programs\Python\Python312\Lib\site-packages\aiogram\dispatcher\router.py", line 141, in _wrapped
    return await self._propagate_event(
           ^^^^^^^^^^^^^^^^^^^^^^^^^^^^
  File "C:\Users\user\AppData\Local\Programs\Python\Python312\Lib\site-packages\aiogram\dispatcher\router.py", line 174, in _propagate_event
    response = await router.propagate_event(update_type=update_type, event=event, **kwargs)
               ^^^^^^^^^^^^^^^^^^^^^^^^^^^^^^^^^^^^^^^^^^^^^^^^^^^^^^^^^^^^^^^^^^^^^^^^^^^^
  File "C:\Users\user\AppData\Local\Programs\Python\Python312\Lib\site-packages\aiogram\dispatcher\router.py", line 146, in propagate_event
    return await observer.wrap_outer_middleware(_wrapped, event=event, data=kwargs)
           ^^^^^^^^^^^^^^^^^^^^^^^^^^^^^^^^^^^^^^^^^^^^^^^^^^^^^^^^^^^^^^^^^^^^^^^^
  File "C:\Users\user\AppData\Local\Programs\Python\Python312\Lib\site-packages\aiogram\dispatcher\router.py", line 141, in _wrapped
    return await self._propagate_event(
           ^^^^^^^^^^^^^^^^^^^^^^^^^^^^
  File "C:\Users\user\AppData\Local\Programs\Python\Python312\Lib\site-packages\aiogram\dispatcher\router.py", line 166, in _propagate_event
    response = await observer.trigger(event, **kwargs)
               ^^^^^^^^^^^^^^^^^^^^^^^^^^^^^^^^^^^^^^^
  File "C:\Users\user\AppData\Local\Programs\Python\Python312\Lib\site-packages\aiogram\dispatcher\event\telegram.py", line 121, in trigger
    return await wrapped_inner(event, kwargs)
           ^^^^^^^^^^^^^^^^^^^^^^^^^^^^^^^^^^
  File "C:\Users\user\AppData\Local\Programs\Python\Python312\Lib\site-packages\aiogram\dispatcher\event\handler.py", line 43, in call
    return await wrapped()
           ^^^^^^^^^^^^^^^
  File "D:\VS Code\telegram_job_bot\bot\admin_bot.py", line 464, in cmd_status
    await message.answer(
  File "C:\Users\user\AppData\Local\Programs\Python\Python312\Lib\site-packages\aiogram\methods\base.py", line 84, in emit
    return await bot(self)
           ^^^^^^^^^^^^^^^
  File "C:\Users\user\AppData\Local\Programs\Python\Python312\Lib\site-packages\aiogram\client\bot.py", line 488, in __call__
    return await self.session(self, method, timeout=request_timeout)
           ^^^^^^^^^^^^^^^^^^^^^^^^^^^^^^^^^^^^^^^^^^^^^^^^^^^^^^^^^
  File "C:\Users\user\AppData\Local\Programs\Python\Python312\Lib\site-packages\aiogram\client\session\base.py", line 254, in __call__
    return cast(TelegramType, await middleware(bot, method))
                              ^^^^^^^^^^^^^^^^^^^^^^^^^^^^^
  File "C:\Users\user\AppData\Local\Programs\Python\Python312\Lib\site-packages\aiogram\client\session\aiohttp.py", line 189, in make_request
    response = self.check_response(
               ^^^^^^^^^^^^^^^^^^^^
  File "C:\Users\user\AppData\Local\Programs\Python\Python312\Lib\site-packages\aiogram\client\session\base.py", line 120, in check_response
    raise TelegramBadRequest(method=method, message=description)
aiogram.exceptions.TelegramBadRequest: Telegram server says - Bad Request: can't parse entities: Can't find end tag corresponding to start tag "b"
2026-03-06 15:53:43 | INFO     | bot.monitor          | [monitor] SOURCE GROUP HIT | chat_id=-1001686180833 | msg_id=84901
2026-03-06 15:53:43 | INFO     | bot.monitor          | [monitor] SOURCE GROUP HIT | chat_id=-1001799111985 | msg_id=180011
2026-03-06 15:53:43 | INFO     | bot.monitor          | [monitor] SOURCE GROUP HIT | chat_id=-1001799111985 | msg_id=180012
2026-03-06 15:53:43 | INFO     | bot.monitor          | [monitor] SOURCE GROUP HIT | chat_id=-1001799111985 | msg_id=180013
2026-03-06 15:53:43 | INFO     | bot.monitor          | [monitor] SOURCE GROUP HIT | chat_id=-1001799111985 | msg_id=180014
2026-03-06 15:53:43 | INFO     | bot.monitor          | [monitor] SOURCE GROUP HIT | chat_id=-1001799111985 | msg_id=180015
2026-03-06 15:53:45 | INFO     | bot.monitor          | [monitor] SOURCE GROUP HIT | chat_id=-1001716701670 | msg_id=32511
2026-03-06 15:54:33 | INFO     | bot.database         | [DB] Source group added: Ish e'lonlari ( Busan ) (-1001161946122)
2026-03-06 15:55:08 | INFO     | bot.monitor          | [monitor] SOURCE GROUP HIT | chat_id=-1001749857007 | msg_id=43846
2026-03-06 15:55:08 | INFO     | bot.monitor          | [monitor] ✅ JOB DETECTED | chat=-1001749857007 | msg=43846 | lang=russian | kw=['зарплата']
2026-03-06 15:55:10 | INFO     | bot.monitor          | [monitor] ✅ FORWARDED | chat=-1001749857007 | msg=43846 → target=-1003744320676
2026-03-06 15:56:03 | INFO     | bot.monitor          | [monitor] SOURCE GROUP HIT | chat_id=-1001453574665 | msg_id=297938
2026-03-06 15:56:03 | INFO     | bot.monitor          | [monitor] SOURCE GROUP HIT | chat_id=-1001453574665 | msg_id=297939
2026-03-06 15:56:11 | WARNING  | bot.database         | [DB] Source group already exists: -1001453574665
2026-03-06 15:57:11 | ERROR    | aiogram.event        | Cause exception while process update id=141515732 by bot id=8536661835
TelegramBadRequest: Telegram server says - Bad Request: can't parse entities: Unsupported start tag "-" at byte offset 4145
Traceback (most recent call last):
  File "C:\Users\user\AppData\Local\Programs\Python\Python312\Lib\site-packages\aiogram\dispatcher\dispatcher.py", line 309, in _process_update
    response = await self.feed_update(bot, update, **kwargs)
               ^^^^^^^^^^^^^^^^^^^^^^^^^^^^^^^^^^^^^^^^^^^^^
  File "C:\Users\user\AppData\Local\Programs\Python\Python312\Lib\site-packages\aiogram\dispatcher\dispatcher.py", line 158, in feed_update
    response = await self.update.wrap_outer_middleware(
               ^^^^^^^^^^^^^^^^^^^^^^^^^^^^^^^^^^^^^^^^
  File "C:\Users\user\AppData\Local\Programs\Python\Python312\Lib\site-packages\aiogram\dispatcher\middlewares\error.py", line 25, in __call__
    return await handler(event, data)
           ^^^^^^^^^^^^^^^^^^^^^^^^^^
  File "C:\Users\user\AppData\Local\Programs\Python\Python312\Lib\site-packages\aiogram\dispatcher\middlewares\user_context.py", line 56, in __call__
    return await handler(event, data)
           ^^^^^^^^^^^^^^^^^^^^^^^^^^
  File "C:\Users\user\AppData\Local\Programs\Python\Python312\Lib\site-packages\aiogram\fsm\middleware.py", line 42, in __call__
    return await handler(event, data)
           ^^^^^^^^^^^^^^^^^^^^^^^^^^
  File "C:\Users\user\AppData\Local\Programs\Python\Python312\Lib\site-packages\aiogram\dispatcher\event\telegram.py", line 121, in trigger
    return await wrapped_inner(event, kwargs)
           ^^^^^^^^^^^^^^^^^^^^^^^^^^^^^^^^^^
  File "C:\Users\user\AppData\Local\Programs\Python\Python312\Lib\site-packages\aiogram\dispatcher\event\handler.py", line 43, in call
    return await wrapped()
           ^^^^^^^^^^^^^^^
  File "C:\Users\user\AppData\Local\Programs\Python\Python312\Lib\site-packages\aiogram\dispatcher\dispatcher.py", line 276, in _listen_update
    return await self.propagate_event(update_type=update_type, event=event, **kwargs)
           ^^^^^^^^^^^^^^^^^^^^^^^^^^^^^^^^^^^^^^^^^^^^^^^^^^^^^^^^^^^^^^^^^^^^^^^^^^
  File "C:\Users\user\AppData\Local\Programs\Python\Python312\Lib\site-packages\aiogram\dispatcher\router.py", line 146, in propagate_event
    return await observer.wrap_outer_middleware(_wrapped, event=event, data=kwargs)
           ^^^^^^^^^^^^^^^^^^^^^^^^^^^^^^^^^^^^^^^^^^^^^^^^^^^^^^^^^^^^^^^^^^^^^^^^
  File "C:\Users\user\AppData\Local\Programs\Python\Python312\Lib\site-packages\aiogram\dispatcher\router.py", line 141, in _wrapped
    return await self._propagate_event(
           ^^^^^^^^^^^^^^^^^^^^^^^^^^^^
  File "C:\Users\user\AppData\Local\Programs\Python\Python312\Lib\site-packages\aiogram\dispatcher\router.py", line 174, in _propagate_event
    response = await router.propagate_event(update_type=update_type, event=event, **kwargs)
               ^^^^^^^^^^^^^^^^^^^^^^^^^^^^^^^^^^^^^^^^^^^^^^^^^^^^^^^^^^^^^^^^^^^^^^^^^^^^
  File "C:\Users\user\AppData\Local\Programs\Python\Python312\Lib\site-packages\aiogram\dispatcher\router.py", line 146, in propagate_event
    return await observer.wrap_outer_middleware(_wrapped, event=event, data=kwargs)
           ^^^^^^^^^^^^^^^^^^^^^^^^^^^^^^^^^^^^^^^^^^^^^^^^^^^^^^^^^^^^^^^^^^^^^^^^
  File "C:\Users\user\AppData\Local\Programs\Python\Python312\Lib\site-packages\aiogram\dispatcher\router.py", line 141, in _wrapped
    return await self._propagate_event(
           ^^^^^^^^^^^^^^^^^^^^^^^^^^^^
  File "C:\Users\user\AppData\Local\Programs\Python\Python312\Lib\site-packages\aiogram\dispatcher\router.py", line 166, in _propagate_event
    response = await observer.trigger(event, **kwargs)
               ^^^^^^^^^^^^^^^^^^^^^^^^^^^^^^^^^^^^^^^
  File "C:\Users\user\AppData\Local\Programs\Python\Python312\Lib\site-packages\aiogram\dispatcher\event\telegram.py", line 121, in trigger
    return await wrapped_inner(event, kwargs)
           ^^^^^^^^^^^^^^^^^^^^^^^^^^^^^^^^^^
  File "C:\Users\user\AppData\Local\Programs\Python\Python312\Lib\site-packages\aiogram\dispatcher\event\handler.py", line 43, in call
    return await wrapped()
           ^^^^^^^^^^^^^^^
  File "D:\VS Code\telegram_job_bot\bot\admin_bot.py", line 186, in cmd_list_groups
    await message.answer("\n".join(lines), parse_mode="HTML", reply_markup=_main_keyboard())
  File "C:\Users\user\AppData\Local\Programs\Python\Python312\Lib\site-packages\aiogram\methods\base.py", line 84, in emit
    return await bot(self)
           ^^^^^^^^^^^^^^^
  File "C:\Users\user\AppData\Local\Programs\Python\Python312\Lib\site-packages\aiogram\client\bot.py", line 488, in __call__
    return await self.session(self, method, timeout=request_timeout)
           ^^^^^^^^^^^^^^^^^^^^^^^^^^^^^^^^^^^^^^^^^^^^^^^^^^^^^^^^^
  File "C:\Users\user\AppData\Local\Programs\Python\Python312\Lib\site-packages\aiogram\client\session\base.py", line 254, in __call__
    return cast(TelegramType, await middleware(bot, method))
                              ^^^^^^^^^^^^^^^^^^^^^^^^^^^^^
  File "C:\Users\user\AppData\Local\Programs\Python\Python312\Lib\site-packages\aiogram\client\session\aiohttp.py", line 189, in make_request
    response = self.check_response(
               ^^^^^^^^^^^^^^^^^^^^
  File "C:\Users\user\AppData\Local\Programs\Python\Python312\Lib\site-packages\aiogram\client\session\base.py", line 120, in check_response
    raise TelegramBadRequest(method=method, message=description)
aiogram.exceptions.TelegramBadRequest: Telegram server says - Bad Request: can't parse entities: Unsupported start tag "-" at byte offset 4145
2026-03-06 15:58:10 | INFO     | main                 | ============================================================
2026-03-06 15:58:10 | INFO     | main                 |   Ish E'lonlari — Starting
2026-03-06 15:58:10 | INFO     | main                 | ============================================================
2026-03-06 15:58:10 | INFO     | bot.database         | [DB] Schema initialised at D:\VS Code\telegram_job_bot\data\job_bot.db
2026-03-06 15:58:10 | INFO     | main                 | [main] Connecting Telethon client …
2026-03-06 15:58:12 | INFO     | main                 | [main] Telethon logged in as: quvonchbek (id=2046196282)
2026-03-06 15:58:12 | INFO     | bot.monitor          | [monitor] Connecting to Telegram …
2026-03-06 15:58:12 | INFO     | bot.monitor          | [monitor] Logged in as: quvonchbek (id=2046196282)
2026-03-06 15:58:12 | INFO     | bot.monitor          | [monitor] Event handlers registered (messages + chat actions).
2026-03-06 15:58:12 | INFO     | bot.monitor          | [monitor] Monitoring 42 group(s): ["Ish e'lonlari ( Busan ) (-1001161946122)", '광주광역시 | Katta Gwangju (-1001686180833)', 'iksan ish (-1001754360080)', 'Uijeongbu grupa (-1002069815122)', 'SEOUL TEKPE 🇰🇷🇰🇷🇰🇷 (-1001239333237)', '👨\u200d🏭Daejeon, Guemsan Arbayit! (-1001205456019)', 'Yongindagi Uzbeklar (-1002858032342)', 'Ysu students (-1001858394869)', 'ICHEON CITY (-1001511479567)', 'Anseong_Work🇵🇸 (-1001470356319)', "Mokpo ish e'lon (-1001857660612)", 'Korea_yangiliklari (-1001490331350)', 'KOR-UZB pochta 📦 (-1003050729293)', 'Dejong CJ (-1002466260830)', 'HELP IN KOREA 🇰🇷 (-1001659856299)', 'Chonan Asan Pyonteg (-1002729014093)', 'ASAN ISH GRUPPA. 아산 알바 (-1002000748619)', '🇺🇿🇰🇷GUNSANDAGI MUSOFIRLAR🇰🇷🇺🇿 (-1001387204774)', "Chonanda O'zimiznikilar (-1002666264446)", '(충주시)CHUNGJU (-1002165832122)', 'NMAGAP_KOREYA (-1001463257290)', 'Chonan Asan Pyontek work / arbayt (-1002603723162)', 'Chonan ish (-1002418112272)', 'Poseung Arbayt💰💰 (-1001716701670)', 'Mokpolikilar [Rasmiy Kanal] (-1002628556472)', 'ULSAN ISH EʼLON (-1002567337700)', 'Daegu(대구)ish. Тегу , gyeongsan Ish 알바 (-1001671731305)', 'Daeso arbayt (-1001399984082)', 'Арбайт Инчхон-Кимпо (-1001749857007)', 'Daejon CJ tekpe (-1002956231910)', '🇰🇷 Korea <-> Uzbek Pochta Guruhi 🇺🇿 (-1001539128165)', 'Test Group (-1003833786454)', "Korean jobs! Koreya bo'ylab bo'sh ish o‘rinlari: (Tekpe, qurilish, zavod, arabayt, mehmonxonalar, taxi xizmati, yuridik yordam) (-1001146665528)", 'Daejeon Arbayt Guruhi (-1001304686518)', 'Daeso Deoksan Jincheon Mugeuk Samseong Gwanhewon arbayt tekpe тессо токсан чинчен (-1001799111985)', "BUSAN ISH E'LON (-1001503748476)", 'KIMHE ISH 김해 일 (-1001453574665)', '충남(CHONAN) ARBAIT (-1001212678634)', '영남대학교 🇰🇷 & 🇺🇿 (-1001176433500)', 'CHONAN ASAN ARBAYT (-1002301178007)', 'Group -5173314852 (-5173314852)', 'Group -1002179593933 (-1002179593933)']
2026-03-06 15:58:12 | INFO     | bot.monitor          | [monitor] Target group: Korea Ish E'lonlari (-1003744320676)
2026-03-06 15:58:12 | INFO     | bot.monitor          | [monitor] 👂 Listening for messages and chat actions …
2026-03-06 15:58:12 | INFO     | main                 | [main] Starting admin bot as background task …
2026-03-06 15:58:12 | INFO     | main                 | [main] System fully operational. Press Ctrl+C to stop.
2026-03-06 15:58:12 | INFO     | bot.database         | [DB] Schema initialised at D:\VS Code\telegram_job_bot\data\job_bot.db
2026-03-06 15:58:12 | INFO     | bot.admin_bot        | [admin_bot] Starting admin bot …
2026-03-06 15:58:27 | ERROR    | aiogram.event        | Cause exception while process update id=141515734 by bot id=8536661835
TelegramBadRequest: Telegram server says - Bad Request: message is too long
Traceback (most recent call last):
  File "C:\Users\user\AppData\Local\Programs\Python\Python312\Lib\site-packages\aiogram\dispatcher\dispatcher.py", line 309, in _process_update
    response = await self.feed_update(bot, update, **kwargs)
               ^^^^^^^^^^^^^^^^^^^^^^^^^^^^^^^^^^^^^^^^^^^^^
  File "C:\Users\user\AppData\Local\Programs\Python\Python312\Lib\site-packages\aiogram\dispatcher\dispatcher.py", line 158, in feed_update
    response = await self.update.wrap_outer_middleware(
               ^^^^^^^^^^^^^^^^^^^^^^^^^^^^^^^^^^^^^^^^
  File "C:\Users\user\AppData\Local\Programs\Python\Python312\Lib\site-packages\aiogram\dispatcher\middlewares\error.py", line 25, in __call__
    return await handler(event, data)
           ^^^^^^^^^^^^^^^^^^^^^^^^^^
  File "C:\Users\user\AppData\Local\Programs\Python\Python312\Lib\site-packages\aiogram\dispatcher\middlewares\user_context.py", line 56, in __call__
    return await handler(event, data)
           ^^^^^^^^^^^^^^^^^^^^^^^^^^
  File "C:\Users\user\AppData\Local\Programs\Python\Python312\Lib\site-packages\aiogram\fsm\middleware.py", line 42, in __call__
    return await handler(event, data)
           ^^^^^^^^^^^^^^^^^^^^^^^^^^
  File "C:\Users\user\AppData\Local\Programs\Python\Python312\Lib\site-packages\aiogram\dispatcher\event\telegram.py", line 121, in trigger
    return await wrapped_inner(event, kwargs)
           ^^^^^^^^^^^^^^^^^^^^^^^^^^^^^^^^^^
  File "C:\Users\user\AppData\Local\Programs\Python\Python312\Lib\site-packages\aiogram\dispatcher\event\handler.py", line 43, in call
    return await wrapped()
           ^^^^^^^^^^^^^^^
  File "C:\Users\user\AppData\Local\Programs\Python\Python312\Lib\site-packages\aiogram\dispatcher\dispatcher.py", line 276, in _listen_update
    return await self.propagate_event(update_type=update_type, event=event, **kwargs)
           ^^^^^^^^^^^^^^^^^^^^^^^^^^^^^^^^^^^^^^^^^^^^^^^^^^^^^^^^^^^^^^^^^^^^^^^^^^
  File "C:\Users\user\AppData\Local\Programs\Python\Python312\Lib\site-packages\aiogram\dispatcher\router.py", line 146, in propagate_event
    return await observer.wrap_outer_middleware(_wrapped, event=event, data=kwargs)
           ^^^^^^^^^^^^^^^^^^^^^^^^^^^^^^^^^^^^^^^^^^^^^^^^^^^^^^^^^^^^^^^^^^^^^^^^
  File "C:\Users\user\AppData\Local\Programs\Python\Python312\Lib\site-packages\aiogram\dispatcher\router.py", line 141, in _wrapped
    return await self._propagate_event(
           ^^^^^^^^^^^^^^^^^^^^^^^^^^^^
  File "C:\Users\user\AppData\Local\Programs\Python\Python312\Lib\site-packages\aiogram\dispatcher\router.py", line 174, in _propagate_event
    response = await router.propagate_event(update_type=update_type, event=event, **kwargs)
               ^^^^^^^^^^^^^^^^^^^^^^^^^^^^^^^^^^^^^^^^^^^^^^^^^^^^^^^^^^^^^^^^^^^^^^^^^^^^
  File "C:\Users\user\AppData\Local\Programs\Python\Python312\Lib\site-packages\aiogram\dispatcher\router.py", line 146, in propagate_event
    return await observer.wrap_outer_middleware(_wrapped, event=event, data=kwargs)
           ^^^^^^^^^^^^^^^^^^^^^^^^^^^^^^^^^^^^^^^^^^^^^^^^^^^^^^^^^^^^^^^^^^^^^^^^
  File "C:\Users\user\AppData\Local\Programs\Python\Python312\Lib\site-packages\aiogram\dispatcher\router.py", line 141, in _wrapped
    return await self._propagate_event(
           ^^^^^^^^^^^^^^^^^^^^^^^^^^^^
  File "C:\Users\user\AppData\Local\Programs\Python\Python312\Lib\site-packages\aiogram\dispatcher\router.py", line 166, in _propagate_event
    response = await observer.trigger(event, **kwargs)
               ^^^^^^^^^^^^^^^^^^^^^^^^^^^^^^^^^^^^^^^
  File "C:\Users\user\AppData\Local\Programs\Python\Python312\Lib\site-packages\aiogram\dispatcher\event\telegram.py", line 121, in trigger
    return await wrapped_inner(event, kwargs)
           ^^^^^^^^^^^^^^^^^^^^^^^^^^^^^^^^^^
  File "C:\Users\user\AppData\Local\Programs\Python\Python312\Lib\site-packages\aiogram\dispatcher\event\handler.py", line 43, in call
    return await wrapped()
           ^^^^^^^^^^^^^^^
  File "D:\VS Code\telegram_job_bot\bot\admin_bot.py", line 187, in cmd_list_groups
    await message.answer("\n".join(lines), parse_mode="HTML", reply_markup=_main_keyboard())
  File "C:\Users\user\AppData\Local\Programs\Python\Python312\Lib\site-packages\aiogram\methods\base.py", line 84, in emit
    return await bot(self)
           ^^^^^^^^^^^^^^^
  File "C:\Users\user\AppData\Local\Programs\Python\Python312\Lib\site-packages\aiogram\client\bot.py", line 488, in __call__
    return await self.session(self, method, timeout=request_timeout)
           ^^^^^^^^^^^^^^^^^^^^^^^^^^^^^^^^^^^^^^^^^^^^^^^^^^^^^^^^^
  File "C:\Users\user\AppData\Local\Programs\Python\Python312\Lib\site-packages\aiogram\client\session\base.py", line 254, in __call__
    return cast(TelegramType, await middleware(bot, method))
                              ^^^^^^^^^^^^^^^^^^^^^^^^^^^^^
  File "C:\Users\user\AppData\Local\Programs\Python\Python312\Lib\site-packages\aiogram\client\session\aiohttp.py", line 189, in make_request
    response = self.check_response(
               ^^^^^^^^^^^^^^^^^^^^
  File "C:\Users\user\AppData\Local\Programs\Python\Python312\Lib\site-packages\aiogram\client\session\base.py", line 120, in check_response
    raise TelegramBadRequest(method=method, message=description)
aiogram.exceptions.TelegramBadRequest: Telegram server says - Bad Request: message is too long
2026-03-06 16:00:32 | INFO     | main                 | [main] Telethon disconnected. Shutting down admin bot …
2026-03-06 16:00:33 | INFO     | main                 | [main] Shutdown complete.
2026-03-06 16:00:47 | INFO     | main                 | ============================================================
2026-03-06 16:00:47 | INFO     | main                 |   Ish E'lonlari — Starting
2026-03-06 16:00:47 | INFO     | main                 | ============================================================
2026-03-06 16:00:47 | INFO     | bot.database         | [DB] Schema initialised at D:\VS Code\telegram_job_bot\data\job_bot.db
2026-03-06 16:00:47 | INFO     | main                 | [main] Connecting Telethon client …
2026-03-06 16:00:49 | INFO     | main                 | [main] Telethon logged in as: quvonchbek (id=2046196282)
2026-03-06 16:00:49 | INFO     | bot.monitor          | [monitor] Connecting to Telegram …
2026-03-06 16:00:50 | INFO     | bot.monitor          | [monitor] Logged in as: quvonchbek (id=2046196282)
2026-03-06 16:00:50 | INFO     | bot.monitor          | [monitor] Event handlers registered (messages + chat actions).
2026-03-06 16:00:50 | INFO     | bot.monitor          | [monitor] Monitoring 42 group(s): ["Ish e'lonlari ( Busan ) (-1001161946122)", '광주광역시 | Katta Gwangju (-1001686180833)', 'iksan ish (-1001754360080)', 'Uijeongbu grupa (-1002069815122)', 'SEOUL TEKPE 🇰🇷🇰🇷🇰🇷 (-1001239333237)', '👨\u200d🏭Daejeon, Guemsan Arbayit! (-1001205456019)', 'Yongindagi Uzbeklar (-1002858032342)', 'Ysu students (-1001858394869)', 'ICHEON CITY (-1001511479567)', 'Anseong_Work🇵🇸 (-1001470356319)', "Mokpo ish e'lon (-1001857660612)", 'Korea_yangiliklari (-1001490331350)', 'KOR-UZB pochta 📦 (-1003050729293)', 'Dejong CJ (-1002466260830)', 'HELP IN KOREA 🇰🇷 (-1001659856299)', 'Chonan Asan Pyonteg (-1002729014093)', 'ASAN ISH GRUPPA. 아산 알바 (-1002000748619)', '🇺🇿🇰🇷GUNSANDAGI MUSOFIRLAR🇰🇷🇺🇿 (-1001387204774)', "Chonanda O'zimiznikilar (-1002666264446)", '(충주시)CHUNGJU (-1002165832122)', 'NMAGAP_KOREYA (-1001463257290)', 'Chonan Asan Pyontek work / arbayt (-1002603723162)', 'Chonan ish (-1002418112272)', 'Poseung Arbayt💰💰 (-1001716701670)', 'Mokpolikilar [Rasmiy Kanal] (-1002628556472)', 'ULSAN ISH EʼLON (-1002567337700)', 'Daegu(대구)ish. Тегу , gyeongsan Ish 알바 (-1001671731305)', 'Daeso arbayt (-1001399984082)', 'Арбайт Инчхон-Кимпо (-1001749857007)', 'Daejon CJ tekpe (-1002956231910)', '🇰🇷 Korea <-> Uzbek Pochta Guruhi 🇺🇿 (-1001539128165)', 'Test Group (-1003833786454)', "Korean jobs! Koreya bo'ylab bo'sh ish o‘rinlari: (Tekpe, qurilish, zavod, arabayt, mehmonxonalar, taxi xizmati, yuridik yordam) (-1001146665528)", 'Daejeon Arbayt Guruhi (-1001304686518)', 'Daeso Deoksan Jincheon Mugeuk Samseong Gwanhewon arbayt tekpe тессо токсан чинчен (-1001799111985)', "BUSAN ISH E'LON (-1001503748476)", 'KIMHE ISH 김해 일 (-1001453574665)', '충남(CHONAN) ARBAIT (-1001212678634)', '영남대학교 🇰🇷 & 🇺🇿 (-1001176433500)', 'CHONAN ASAN ARBAYT (-1002301178007)', 'Group -5173314852 (-5173314852)', 'Group -1002179593933 (-1002179593933)']
2026-03-06 16:00:50 | INFO     | bot.monitor          | [monitor] Target group: Korea Ish E'lonlari (-1003744320676)
2026-03-06 16:00:50 | INFO     | bot.monitor          | [monitor] 👂 Listening for messages and chat actions …
2026-03-06 16:00:50 | INFO     | main                 | [main] Starting admin bot as background task …
2026-03-06 16:00:50 | INFO     | main                 | [main] System fully operational. Press Ctrl+C to stop.
2026-03-06 16:00:50 | INFO     | bot.database         | [DB] Schema initialised at D:\VS Code\telegram_job_bot\data\job_bot.db
2026-03-06 16:00:50 | INFO     | bot.admin_bot        | [admin_bot] Starting admin bot …
2026-03-06 16:00:56 | ERROR    | aiogram.event        | Cause exception while process update id=141515735 by bot id=8536661835
TelegramBadRequest: Telegram server says - Bad Request: message is too long
Traceback (most recent call last):
  File "C:\Users\user\AppData\Local\Programs\Python\Python312\Lib\site-packages\aiogram\dispatcher\dispatcher.py", line 309, in _process_update
    response = await self.feed_update(bot, update, **kwargs)
               ^^^^^^^^^^^^^^^^^^^^^^^^^^^^^^^^^^^^^^^^^^^^^
  File "C:\Users\user\AppData\Local\Programs\Python\Python312\Lib\site-packages\aiogram\dispatcher\dispatcher.py", line 158, in feed_update
    response = await self.update.wrap_outer_middleware(
               ^^^^^^^^^^^^^^^^^^^^^^^^^^^^^^^^^^^^^^^^
  File "C:\Users\user\AppData\Local\Programs\Python\Python312\Lib\site-packages\aiogram\dispatcher\middlewares\error.py", line 25, in __call__
    return await handler(event, data)
           ^^^^^^^^^^^^^^^^^^^^^^^^^^
  File "C:\Users\user\AppData\Local\Programs\Python\Python312\Lib\site-packages\aiogram\dispatcher\middlewares\user_context.py", line 56, in __call__
    return await handler(event, data)
           ^^^^^^^^^^^^^^^^^^^^^^^^^^
  File "C:\Users\user\AppData\Local\Programs\Python\Python312\Lib\site-packages\aiogram\fsm\middleware.py", line 42, in __call__
    return await handler(event, data)
           ^^^^^^^^^^^^^^^^^^^^^^^^^^
  File "C:\Users\user\AppData\Local\Programs\Python\Python312\Lib\site-packages\aiogram\dispatcher\event\telegram.py", line 121, in trigger
    return await wrapped_inner(event, kwargs)
           ^^^^^^^^^^^^^^^^^^^^^^^^^^^^^^^^^^
  File "C:\Users\user\AppData\Local\Programs\Python\Python312\Lib\site-packages\aiogram\dispatcher\event\handler.py", line 43, in call
    return await wrapped()
           ^^^^^^^^^^^^^^^
  File "C:\Users\user\AppData\Local\Programs\Python\Python312\Lib\site-packages\aiogram\dispatcher\dispatcher.py", line 276, in _listen_update
    return await self.propagate_event(update_type=update_type, event=event, **kwargs)
           ^^^^^^^^^^^^^^^^^^^^^^^^^^^^^^^^^^^^^^^^^^^^^^^^^^^^^^^^^^^^^^^^^^^^^^^^^^
  File "C:\Users\user\AppData\Local\Programs\Python\Python312\Lib\site-packages\aiogram\dispatcher\router.py", line 146, in propagate_event
    return await observer.wrap_outer_middleware(_wrapped, event=event, data=kwargs)
           ^^^^^^^^^^^^^^^^^^^^^^^^^^^^^^^^^^^^^^^^^^^^^^^^^^^^^^^^^^^^^^^^^^^^^^^^
  File "C:\Users\user\AppData\Local\Programs\Python\Python312\Lib\site-packages\aiogram\dispatcher\router.py", line 141, in _wrapped
    return await self._propagate_event(
           ^^^^^^^^^^^^^^^^^^^^^^^^^^^^
  File "C:\Users\user\AppData\Local\Programs\Python\Python312\Lib\site-packages\aiogram\dispatcher\router.py", line 174, in _propagate_event
    response = await router.propagate_event(update_type=update_type, event=event, **kwargs)
               ^^^^^^^^^^^^^^^^^^^^^^^^^^^^^^^^^^^^^^^^^^^^^^^^^^^^^^^^^^^^^^^^^^^^^^^^^^^^
  File "C:\Users\user\AppData\Local\Programs\Python\Python312\Lib\site-packages\aiogram\dispatcher\router.py", line 146, in propagate_event
    return await observer.wrap_outer_middleware(_wrapped, event=event, data=kwargs)
           ^^^^^^^^^^^^^^^^^^^^^^^^^^^^^^^^^^^^^^^^^^^^^^^^^^^^^^^^^^^^^^^^^^^^^^^^
  File "C:\Users\user\AppData\Local\Programs\Python\Python312\Lib\site-packages\aiogram\dispatcher\router.py", line 141, in _wrapped
    return await self._propagate_event(
           ^^^^^^^^^^^^^^^^^^^^^^^^^^^^
  File "C:\Users\user\AppData\Local\Programs\Python\Python312\Lib\site-packages\aiogram\dispatcher\router.py", line 166, in _propagate_event
    response = await observer.trigger(event, **kwargs)
               ^^^^^^^^^^^^^^^^^^^^^^^^^^^^^^^^^^^^^^^
  File "C:\Users\user\AppData\Local\Programs\Python\Python312\Lib\site-packages\aiogram\dispatcher\event\telegram.py", line 121, in trigger
    return await wrapped_inner(event, kwargs)
           ^^^^^^^^^^^^^^^^^^^^^^^^^^^^^^^^^^
  File "C:\Users\user\AppData\Local\Programs\Python\Python312\Lib\site-packages\aiogram\dispatcher\event\handler.py", line 43, in call
    return await wrapped()
           ^^^^^^^^^^^^^^^
  File "D:\VS Code\telegram_job_bot\bot\admin_bot.py", line 187, in cmd_list_groups
    await message.answer("\n".join(lines), parse_mode="HTML", reply_markup=_main_keyboard())
  File "C:\Users\user\AppData\Local\Programs\Python\Python312\Lib\site-packages\aiogram\methods\base.py", line 84, in emit
    return await bot(self)
           ^^^^^^^^^^^^^^^
  File "C:\Users\user\AppData\Local\Programs\Python\Python312\Lib\site-packages\aiogram\client\bot.py", line 488, in __call__
    return await self.session(self, method, timeout=request_timeout)
           ^^^^^^^^^^^^^^^^^^^^^^^^^^^^^^^^^^^^^^^^^^^^^^^^^^^^^^^^^
  File "C:\Users\user\AppData\Local\Programs\Python\Python312\Lib\site-packages\aiogram\client\session\base.py", line 254, in __call__
    return cast(TelegramType, await middleware(bot, method))
                              ^^^^^^^^^^^^^^^^^^^^^^^^^^^^^
  File "C:\Users\user\AppData\Local\Programs\Python\Python312\Lib\site-packages\aiogram\client\session\aiohttp.py", line 189, in make_request
    response = self.check_response(
               ^^^^^^^^^^^^^^^^^^^^
  File "C:\Users\user\AppData\Local\Programs\Python\Python312\Lib\site-packages\aiogram\client\session\base.py", line 120, in check_response
    raise TelegramBadRequest(method=method, message=description)
aiogram.exceptions.TelegramBadRequest: Telegram server says - Bad Request: message is too long
2026-03-06 16:01:24 | INFO     | main                 | ============================================================
2026-03-06 16:01:24 | INFO     | main                 |   Ish E'lonlari — Starting
2026-03-06 16:01:24 | INFO     | main                 | ============================================================
2026-03-06 16:01:24 | INFO     | bot.database         | [DB] Schema initialised at D:\VS Code\telegram_job_bot\data\job_bot.db
2026-03-06 16:01:24 | INFO     | main                 | [main] Connecting Telethon client …
2026-03-06 16:01:26 | INFO     | main                 | [main] Telethon logged in as: quvonchbek (id=2046196282)
2026-03-06 16:01:26 | INFO     | bot.monitor          | [monitor] Connecting to Telegram …
2026-03-06 16:01:27 | INFO     | bot.monitor          | [monitor] Logged in as: quvonchbek (id=2046196282)
2026-03-06 16:01:27 | INFO     | bot.monitor          | [monitor] Event handlers registered (messages + chat actions).
2026-03-06 16:01:27 | INFO     | bot.monitor          | [monitor] Monitoring 42 group(s): ["Ish e'lonlari ( Busan ) (-1001161946122)", '광주광역시 | Katta Gwangju (-1001686180833)', 'iksan ish (-1001754360080)', 'Uijeongbu grupa (-1002069815122)', 'SEOUL TEKPE 🇰🇷🇰🇷🇰🇷 (-1001239333237)', '👨\u200d🏭Daejeon, Guemsan Arbayit! (-1001205456019)', 'Yongindagi Uzbeklar (-1002858032342)', 'Ysu students (-1001858394869)', 'ICHEON CITY (-1001511479567)', 'Anseong_Work🇵🇸 (-1001470356319)', "Mokpo ish e'lon (-1001857660612)", 'Korea_yangiliklari (-1001490331350)', 'KOR-UZB pochta 📦 (-1003050729293)', 'Dejong CJ (-1002466260830)', 'HELP IN KOREA 🇰🇷 (-1001659856299)', 'Chonan Asan Pyonteg (-1002729014093)', 'ASAN ISH GRUPPA. 아산 알바 (-1002000748619)', '🇺🇿🇰🇷GUNSANDAGI MUSOFIRLAR🇰🇷🇺🇿 (-1001387204774)', "Chonanda O'zimiznikilar (-1002666264446)", '(충주시)CHUNGJU (-1002165832122)', 'NMAGAP_KOREYA (-1001463257290)', 'Chonan Asan Pyontek work / arbayt (-1002603723162)', 'Chonan ish (-1002418112272)', 'Poseung Arbayt💰💰 (-1001716701670)', 'Mokpolikilar [Rasmiy Kanal] (-1002628556472)', 'ULSAN ISH EʼLON (-1002567337700)', 'Daegu(대구)ish. Тегу , gyeongsan Ish 알바 (-1001671731305)', 'Daeso arbayt (-1001399984082)', 'Арбайт Инчхон-Кимпо (-1001749857007)', 'Daejon CJ tekpe (-1002956231910)', '🇰🇷 Korea <-> Uzbek Pochta Guruhi 🇺🇿 (-1001539128165)', 'Test Group (-1003833786454)', "Korean jobs! Koreya bo'ylab bo'sh ish o‘rinlari: (Tekpe, qurilish, zavod, arabayt, mehmonxonalar, taxi xizmati, yuridik yordam) (-1001146665528)", 'Daejeon Arbayt Guruhi (-1001304686518)', 'Daeso Deoksan Jincheon Mugeuk Samseong Gwanhewon arbayt tekpe тессо токсан чинчен (-1001799111985)', "BUSAN ISH E'LON (-1001503748476)", 'KIMHE ISH 김해 일 (-1001453574665)', '충남(CHONAN) ARBAIT (-1001212678634)', '영남대학교 🇰🇷 & 🇺🇿 (-1001176433500)', 'CHONAN ASAN ARBAYT (-1002301178007)', 'Group -5173314852 (-5173314852)', 'Group -1002179593933 (-1002179593933)']
2026-03-06 16:01:27 | INFO     | bot.monitor          | [monitor] Target group: Korea Ish E'lonlari (-1003744320676)
2026-03-06 16:01:27 | INFO     | bot.monitor          | [monitor] 👂 Listening for messages and chat actions …
2026-03-06 16:01:27 | INFO     | main                 | [main] Starting admin bot as background task …
2026-03-06 16:01:27 | INFO     | main                 | [main] System fully operational. Press Ctrl+C to stop.
2026-03-06 16:01:27 | INFO     | bot.database         | [DB] Schema initialised at D:\VS Code\telegram_job_bot\data\job_bot.db
2026-03-06 16:01:27 | INFO     | bot.admin_bot        | [admin_bot] Starting admin bot …
2026-03-06 16:01:45 | INFO     | bot.monitor          | [monitor] SOURCE GROUP HIT | chat_id=-1001511479567 | msg_id=10666
2026-03-06 16:01:52 | INFO     | bot.monitor          | [monitor] SOURCE GROUP HIT | chat_id=-1002729014093 | msg_id=12544
2026-03-06 16:02:01 | INFO     | bot.monitor          | [monitor] SOURCE GROUP HIT | chat_id=-1002603723162 | msg_id=21693
2026-03-06 16:02:58 | INFO     | bot.monitor          | [monitor] SOURCE GROUP HIT | chat_id=-1002628556472 | msg_id=14178
2026-03-06 16:03:15 | INFO     | main                 | [main] Telethon disconnected. Shutting down admin bot …
2026-03-06 16:03:15 | INFO     | main                 | [main] Shutdown complete.
2026-03-06 16:03:27 | INFO     | main                 | ============================================================
2026-03-06 16:03:27 | INFO     | main                 |   Ish E'lonlari — Starting
2026-03-06 16:03:27 | INFO     | main                 | ============================================================
2026-03-06 16:03:27 | INFO     | bot.database         | [DB] Schema initialised at D:\VS Code\telegram_job_bot\data\job_bot.db
2026-03-06 16:03:27 | INFO     | main                 | [main] Connecting Telethon client …
2026-03-06 16:03:29 | INFO     | main                 | [main] Telethon logged in as: quvonchbek (id=2046196282)
2026-03-06 16:03:29 | INFO     | bot.monitor          | [monitor] Connecting to Telegram …
2026-03-06 16:03:30 | INFO     | bot.monitor          | [monitor] Logged in as: quvonchbek (id=2046196282)
2026-03-06 16:03:30 | INFO     | bot.monitor          | [monitor] Event handlers registered (messages + chat actions).
2026-03-06 16:03:30 | INFO     | bot.monitor          | [monitor] Monitoring 42 group(s): ["Ish e'lonlari ( Busan ) (-1001161946122)", '광주광역시 | Katta Gwangju (-1001686180833)', 'iksan ish (-1001754360080)', 'Uijeongbu grupa (-1002069815122)', 'SEOUL TEKPE 🇰🇷🇰🇷🇰🇷 (-1001239333237)', '👨\u200d🏭Daejeon, Guemsan Arbayit! (-1001205456019)', 'Yongindagi Uzbeklar (-1002858032342)', 'Ysu students (-1001858394869)', 'ICHEON CITY (-1001511479567)', 'Anseong_Work🇵🇸 (-1001470356319)', "Mokpo ish e'lon (-1001857660612)", 'Korea_yangiliklari (-1001490331350)', 'KOR-UZB pochta 📦 (-1003050729293)', 'Dejong CJ (-1002466260830)', 'HELP IN KOREA 🇰🇷 (-1001659856299)', 'Chonan Asan Pyonteg (-1002729014093)', 'ASAN ISH GRUPPA. 아산 알바 (-1002000748619)', '🇺🇿🇰🇷GUNSANDAGI MUSOFIRLAR🇰🇷🇺🇿 (-1001387204774)', "Chonanda O'zimiznikilar (-1002666264446)", '(충주시)CHUNGJU (-1002165832122)', 'NMAGAP_KOREYA (-1001463257290)', 'Chonan Asan Pyontek work / arbayt (-1002603723162)', 'Chonan ish (-1002418112272)', 'Poseung Arbayt💰💰 (-1001716701670)', 'Mokpolikilar [Rasmiy Kanal] (-1002628556472)', 'ULSAN ISH EʼLON (-1002567337700)', 'Daegu(대구)ish. Тегу , gyeongsan Ish 알바 (-1001671731305)', 'Daeso arbayt (-1001399984082)', 'Арбайт Инчхон-Кимпо (-1001749857007)', 'Daejon CJ tekpe (-1002956231910)', '🇰🇷 Korea <-> Uzbek Pochta Guruhi 🇺🇿 (-1001539128165)', 'Test Group (-1003833786454)', "Korean jobs! Koreya bo'ylab bo'sh ish o‘rinlari: (Tekpe, qurilish, zavod, arabayt, mehmonxonalar, taxi xizmati, yuridik yordam) (-1001146665528)", 'Daejeon Arbayt Guruhi (-1001304686518)', 'Daeso Deoksan Jincheon Mugeuk Samseong Gwanhewon arbayt tekpe тессо токсан чинчен (-1001799111985)', "BUSAN ISH E'LON (-1001503748476)", 'KIMHE ISH 김해 일 (-1001453574665)', '충남(CHONAN) ARBAIT (-1001212678634)', '영남대학교 🇰🇷 & 🇺🇿 (-1001176433500)', 'CHONAN ASAN ARBAYT (-1002301178007)', 'Group -5173314852 (-5173314852)', 'Group -1002179593933 (-1002179593933)']
2026-03-06 16:03:30 | INFO     | bot.monitor          | [monitor] Target group: Korea Ish E'lonlari (-1003744320676)
2026-03-06 16:03:30 | INFO     | bot.monitor          | [monitor] 👂 Listening for messages and chat actions …
2026-03-06 16:03:30 | INFO     | main                 | [main] Starting admin bot as background task …
2026-03-06 16:03:30 | INFO     | main                 | [main] System fully operational. Press Ctrl+C to stop.
2026-03-06 16:03:30 | INFO     | bot.database         | [DB] Schema initialised at D:\VS Code\telegram_job_bot\data\job_bot.db
2026-03-06 16:03:30 | INFO     | bot.admin_bot        | [admin_bot] Starting admin bot …
2026-03-06 16:03:51 | INFO     | bot.monitor          | [monitor] SOURCE GROUP HIT | chat_id=-1001749857007 | msg_id=43848
2026-03-06 16:03:51 | INFO     | bot.monitor          | [monitor] SOURCE GROUP HIT | chat_id=-1001749857007 | msg_id=43849
2026-03-06 16:03:51 | INFO     | bot.monitor          | [monitor] SOURCE GROUP HIT | chat_id=-1001749857007 | msg_id=43850
2026-03-06 16:03:51 | INFO     | bot.monitor          | [monitor] SOURCE GROUP HIT | chat_id=-1001749857007 | msg_id=43851
2026-03-06 16:04:26 | INFO     | main                 | ============================================================
2026-03-06 16:04:26 | INFO     | main                 |   Ish E'lonlari — Starting
2026-03-06 16:04:26 | INFO     | main                 | ============================================================
2026-03-06 16:04:26 | INFO     | bot.database         | [DB] Schema initialised at D:\VS Code\telegram_job_bot\data\job_bot.db
2026-03-06 16:04:26 | INFO     | main                 | [main] Connecting Telethon client …
2026-03-06 16:04:28 | INFO     | main                 | [main] Telethon logged in as: quvonchbek (id=2046196282)
2026-03-06 16:04:28 | INFO     | bot.monitor          | [monitor] Connecting to Telegram …
2026-03-06 16:04:28 | INFO     | bot.monitor          | [monitor] Logged in as: quvonchbek (id=2046196282)
2026-03-06 16:04:28 | INFO     | bot.monitor          | [monitor] Event handlers registered (messages + chat actions).
2026-03-06 16:04:28 | INFO     | bot.monitor          | [monitor] Monitoring 42 group(s): ["Ish e'lonlari ( Busan ) (-1001161946122)", '광주광역시 | Katta Gwangju (-1001686180833)', 'iksan ish (-1001754360080)', 'Uijeongbu grupa (-1002069815122)', 'SEOUL TEKPE 🇰🇷🇰🇷🇰🇷 (-1001239333237)', '👨\u200d🏭Daejeon, Guemsan Arbayit! (-1001205456019)', 'Yongindagi Uzbeklar (-1002858032342)', 'Ysu students (-1001858394869)', 'ICHEON CITY (-1001511479567)', 'Anseong_Work🇵🇸 (-1001470356319)', "Mokpo ish e'lon (-1001857660612)", 'Korea_yangiliklari (-1001490331350)', 'KOR-UZB pochta 📦 (-1003050729293)', 'Dejong CJ (-1002466260830)', 'HELP IN KOREA 🇰🇷 (-1001659856299)', 'Chonan Asan Pyonteg (-1002729014093)', 'ASAN ISH GRUPPA. 아산 알바 (-1002000748619)', '🇺🇿🇰🇷GUNSANDAGI MUSOFIRLAR🇰🇷🇺🇿 (-1001387204774)', "Chonanda O'zimiznikilar (-1002666264446)", '(충주시)CHUNGJU (-1002165832122)', 'NMAGAP_KOREYA (-1001463257290)', 'Chonan Asan Pyontek work / arbayt (-1002603723162)', 'Chonan ish (-1002418112272)', 'Poseung Arbayt💰💰 (-1001716701670)', 'Mokpolikilar [Rasmiy Kanal] (-1002628556472)', 'ULSAN ISH EʼLON (-1002567337700)', 'Daegu(대구)ish. Тегу , gyeongsan Ish 알바 (-1001671731305)', 'Daeso arbayt (-1001399984082)', 'Арбайт Инчхон-Кимпо (-1001749857007)', 'Daejon CJ tekpe (-1002956231910)', '🇰🇷 Korea <-> Uzbek Pochta Guruhi 🇺🇿 (-1001539128165)', 'Test Group (-1003833786454)', "Korean jobs! Koreya bo'ylab bo'sh ish o‘rinlari: (Tekpe, qurilish, zavod, arabayt, mehmonxonalar, taxi xizmati, yuridik yordam) (-1001146665528)", 'Daejeon Arbayt Guruhi (-1001304686518)', 'Daeso Deoksan Jincheon Mugeuk Samseong Gwanhewon arbayt tekpe тессо токсан чинчен (-1001799111985)', "BUSAN ISH E'LON (-1001503748476)", 'KIMHE ISH 김해 일 (-1001453574665)', '충남(CHONAN) ARBAIT (-1001212678634)', '영남대학교 🇰🇷 & 🇺🇿 (-1001176433500)', 'CHONAN ASAN ARBAYT (-1002301178007)', 'Group -5173314852 (-5173314852)', 'Group -1002179593933 (-1002179593933)']
2026-03-06 16:04:28 | INFO     | bot.monitor          | [monitor] Target group: Korea Ish E'lonlari (-1003744320676)
2026-03-06 16:04:28 | INFO     | bot.monitor          | [monitor] 👂 Listening for messages and chat actions …
2026-03-06 16:04:28 | INFO     | main                 | [main] Starting admin bot as background task …
2026-03-06 16:04:28 | INFO     | main                 | [main] System fully operational. Press Ctrl+C to stop.
2026-03-06 16:04:28 | INFO     | bot.database         | [DB] Schema initialised at D:\VS Code\telegram_job_bot\data\job_bot.db
2026-03-06 16:04:29 | INFO     | bot.admin_bot        | [admin_bot] Starting admin bot …
2026-03-06 16:04:37 | INFO     | bot.monitor          | [monitor] SOURCE GROUP HIT | chat_id=-1002165832122 | msg_id=15676
2026-03-06 16:04:43 | INFO     | bot.monitor          | [monitor] SOURCE GROUP HIT | chat_id=-1001749857007 | msg_id=43852
2026-03-06 16:04:43 | INFO     | bot.monitor          | [monitor] ✅ JOB DETECTED | chat=-1001749857007 | msg=43852 | lang=russian | kw=['зарплата']
2026-03-06 16:04:44 | INFO     | bot.monitor          | [monitor] ✅ FORWARDED | chat=-1001749857007 | msg=43852 → target=-1003744320676
2026-03-06 16:05:08 | INFO     | bot.monitor          | [monitor] SOURCE GROUP HIT | chat_id=-1001754360080 | msg_id=23590
2026-03-06 16:05:13 | INFO     | bot.monitor          | [monitor] SOURCE GROUP HIT | chat_id=-1001754360080 | msg_id=23591
2026-03-06 16:05:16 | INFO     | bot.monitor          | [monitor] SOURCE GROUP HIT | chat_id=-1001749857007 | msg_id=43853
2026-03-06 16:07:10 | INFO     | bot.monitor          | [monitor] SOURCE GROUP HIT | chat_id=-1002628556472 | msg_id=14179
2026-03-06 16:08:19 | WARNING  | bot.database         | [DB] Source group already exists: -1002628556472
2026-03-06 16:08:41 | INFO     | bot.monitor          | [monitor] SOURCE GROUP HIT | chat_id=-1002628556472 | msg_id=14180
2026-03-06 16:09:15 | INFO     | bot.monitor          | [monitor] SOURCE GROUP HIT | chat_id=-1002603723162 | msg_id=21694
2026-03-06 16:09:18 | INFO     | bot.monitor          | [monitor] SOURCE GROUP HIT | chat_id=-1001490331350 | msg_id=86040
2026-03-06 16:10:07 | INFO     | bot.monitor          | [monitor] SOURCE GROUP HIT | chat_id=-1001176433500 | msg_id=369329
2026-03-06 16:10:07 | INFO     | bot.monitor          | [monitor] SOURCE GROUP HIT | chat_id=-1001453574665 | msg_id=297944
2026-03-06 16:10:52 | INFO     | bot.monitor          | [monitor] SOURCE GROUP HIT | chat_id=-1001754360080 | msg_id=23592
2026-03-06 16:14:38 | INFO     | bot.monitor          | [monitor] SOURCE GROUP HIT | chat_id=-1002418112272 | msg_id=7762
2026-03-06 16:18:04 | INFO     | bot.monitor          | [monitor] SOURCE GROUP HIT | chat_id=-1001799111985 | msg_id=180017
2026-03-06 16:18:04 | INFO     | bot.monitor          | [monitor] SOURCE GROUP HIT | chat_id=-1001539128165 | msg_id=171306
2026-03-06 16:18:04 | INFO     | bot.monitor          | [monitor] SOURCE GROUP HIT | chat_id=-1001399984082 | msg_id=347705
2026-03-06 16:18:04 | INFO     | bot.monitor          | [monitor] SOURCE GROUP HIT | chat_id=-1001176433500 | msg_id=369330
2026-03-06 16:18:04 | INFO     | bot.monitor          | [monitor] SOURCE GROUP HIT | chat_id=-1001176433500 | msg_id=369331
2026-03-06 16:18:05 | INFO     | bot.monitor          | [monitor] SOURCE GROUP HIT | chat_id=-1001453574665 | msg_id=297945
2026-03-06 16:18:05 | INFO     | bot.monitor          | [monitor] SOURCE GROUP HIT | chat_id=-1001453574665 | msg_id=297946
2026-03-06 16:18:05 | INFO     | bot.monitor          | [monitor] SOURCE GROUP HIT | chat_id=-1001470356319 | msg_id=115501
2026-03-06 16:18:21 | WARNING  | bot.database         | [DB] Source group already exists: -1001539128165
2026-03-06 16:18:21 | ERROR    | aiogram.event        | Cause exception while process update id=141515754 by bot id=8536661835
TelegramBadRequest: Telegram server says - Bad Request: can't parse entities: Unsupported start tag "-" at byte offset 25
Traceback (most recent call last):
  File "C:\Users\user\AppData\Local\Programs\Python\Python312\Lib\site-packages\aiogram\dispatcher\dispatcher.py", line 309, in _process_update
    response = await self.feed_update(bot, update, **kwargs)
               ^^^^^^^^^^^^^^^^^^^^^^^^^^^^^^^^^^^^^^^^^^^^^
  File "C:\Users\user\AppData\Local\Programs\Python\Python312\Lib\site-packages\aiogram\dispatcher\dispatcher.py", line 158, in feed_update
    response = await self.update.wrap_outer_middleware(
               ^^^^^^^^^^^^^^^^^^^^^^^^^^^^^^^^^^^^^^^^
  File "C:\Users\user\AppData\Local\Programs\Python\Python312\Lib\site-packages\aiogram\dispatcher\middlewares\error.py", line 25, in __call__
    return await handler(event, data)
           ^^^^^^^^^^^^^^^^^^^^^^^^^^
  File "C:\Users\user\AppData\Local\Programs\Python\Python312\Lib\site-packages\aiogram\dispatcher\middlewares\user_context.py", line 56, in __call__
    return await handler(event, data)
           ^^^^^^^^^^^^^^^^^^^^^^^^^^
  File "C:\Users\user\AppData\Local\Programs\Python\Python312\Lib\site-packages\aiogram\fsm\middleware.py", line 42, in __call__
    return await handler(event, data)
           ^^^^^^^^^^^^^^^^^^^^^^^^^^
  File "C:\Users\user\AppData\Local\Programs\Python\Python312\Lib\site-packages\aiogram\dispatcher\event\telegram.py", line 121, in trigger
    return await wrapped_inner(event, kwargs)
           ^^^^^^^^^^^^^^^^^^^^^^^^^^^^^^^^^^
  File "C:\Users\user\AppData\Local\Programs\Python\Python312\Lib\site-packages\aiogram\dispatcher\event\handler.py", line 43, in call
    return await wrapped()
           ^^^^^^^^^^^^^^^
  File "C:\Users\user\AppData\Local\Programs\Python\Python312\Lib\site-packages\aiogram\dispatcher\dispatcher.py", line 276, in _listen_update
    return await self.propagate_event(update_type=update_type, event=event, **kwargs)
           ^^^^^^^^^^^^^^^^^^^^^^^^^^^^^^^^^^^^^^^^^^^^^^^^^^^^^^^^^^^^^^^^^^^^^^^^^^
  File "C:\Users\user\AppData\Local\Programs\Python\Python312\Lib\site-packages\aiogram\dispatcher\router.py", line 146, in propagate_event
    return await observer.wrap_outer_middleware(_wrapped, event=event, data=kwargs)
           ^^^^^^^^^^^^^^^^^^^^^^^^^^^^^^^^^^^^^^^^^^^^^^^^^^^^^^^^^^^^^^^^^^^^^^^^
  File "C:\Users\user\AppData\Local\Programs\Python\Python312\Lib\site-packages\aiogram\dispatcher\router.py", line 141, in _wrapped
    return await self._propagate_event(
           ^^^^^^^^^^^^^^^^^^^^^^^^^^^^
  File "C:\Users\user\AppData\Local\Programs\Python\Python312\Lib\site-packages\aiogram\dispatcher\router.py", line 174, in _propagate_event
    response = await router.propagate_event(update_type=update_type, event=event, **kwargs)
               ^^^^^^^^^^^^^^^^^^^^^^^^^^^^^^^^^^^^^^^^^^^^^^^^^^^^^^^^^^^^^^^^^^^^^^^^^^^^
  File "C:\Users\user\AppData\Local\Programs\Python\Python312\Lib\site-packages\aiogram\dispatcher\router.py", line 146, in propagate_event
    return await observer.wrap_outer_middleware(_wrapped, event=event, data=kwargs)
           ^^^^^^^^^^^^^^^^^^^^^^^^^^^^^^^^^^^^^^^^^^^^^^^^^^^^^^^^^^^^^^^^^^^^^^^^
  File "C:\Users\user\AppData\Local\Programs\Python\Python312\Lib\site-packages\aiogram\dispatcher\router.py", line 141, in _wrapped
    return await self._propagate_event(
           ^^^^^^^^^^^^^^^^^^^^^^^^^^^^
  File "C:\Users\user\AppData\Local\Programs\Python\Python312\Lib\site-packages\aiogram\dispatcher\router.py", line 166, in _propagate_event
    response = await observer.trigger(event, **kwargs)
               ^^^^^^^^^^^^^^^^^^^^^^^^^^^^^^^^^^^^^^^
  File "C:\Users\user\AppData\Local\Programs\Python\Python312\Lib\site-packages\aiogram\dispatcher\event\telegram.py", line 121, in trigger
    return await wrapped_inner(event, kwargs)
           ^^^^^^^^^^^^^^^^^^^^^^^^^^^^^^^^^^
  File "C:\Users\user\AppData\Local\Programs\Python\Python312\Lib\site-packages\aiogram\dispatcher\event\handler.py", line 43, in call
    return await wrapped()
           ^^^^^^^^^^^^^^^
  File "D:\VS Code\telegram_job_bot\bot\admin_bot.py", line 281, in cmd_add_group_receive
    await message.answer(
  File "C:\Users\user\AppData\Local\Programs\Python\Python312\Lib\site-packages\aiogram\methods\base.py", line 84, in emit
    return await bot(self)
           ^^^^^^^^^^^^^^^
  File "C:\Users\user\AppData\Local\Programs\Python\Python312\Lib\site-packages\aiogram\client\bot.py", line 488, in __call__
    return await self.session(self, method, timeout=request_timeout)
           ^^^^^^^^^^^^^^^^^^^^^^^^^^^^^^^^^^^^^^^^^^^^^^^^^^^^^^^^^
  File "C:\Users\user\AppData\Local\Programs\Python\Python312\Lib\site-packages\aiogram\client\session\base.py", line 254, in __call__
    return cast(TelegramType, await middleware(bot, method))
                              ^^^^^^^^^^^^^^^^^^^^^^^^^^^^^
  File "C:\Users\user\AppData\Local\Programs\Python\Python312\Lib\site-packages\aiogram\client\session\aiohttp.py", line 189, in make_request
    response = self.check_response(
               ^^^^^^^^^^^^^^^^^^^^
  File "C:\Users\user\AppData\Local\Programs\Python\Python312\Lib\site-packages\aiogram\client\session\base.py", line 120, in check_response
    raise TelegramBadRequest(method=method, message=description)
aiogram.exceptions.TelegramBadRequest: Telegram server says - Bad Request: can't parse entities: Unsupported start tag "-" at byte offset 25
2026-03-06 16:20:46 | INFO     | bot.monitor          | [monitor] SOURCE GROUP HIT | chat_id=-1002729014093 | msg_id=12545
2026-03-06 16:20:46 | INFO     | bot.monitor          | [monitor] SOURCE GROUP HIT | chat_id=-1002729014093 | msg_id=12546
2026-03-06 16:20:46 | INFO     | bot.monitor          | [monitor] SOURCE GROUP HIT | chat_id=-1002729014093 | msg_id=12547
2026-03-06 16:20:46 | INFO     | bot.monitor          | [monitor] SOURCE GROUP HIT | chat_id=-1002729014093 | msg_id=12548
2026-03-06 16:21:09 | INFO     | bot.database         | [DB] Source group added: KOREYA ISHLARI 🇰🇷 (-1002442704231)
2026-03-06 16:23:01 | INFO     | bot.monitor          | [monitor] SOURCE GROUP HIT | chat_id=-1001511479567 | msg_id=10667
2026-03-06 16:24:35 | INFO     | bot.monitor          | [monitor] SOURCE GROUP HIT | chat_id=-1001749857007 | msg_id=43854
2026-03-06 16:24:35 | INFO     | bot.monitor          | [monitor] SOURCE GROUP HIT | chat_id=-1002729014093 | msg_id=12549
2026-03-06 16:24:49 | INFO     | bot.monitor          | [monitor] SOURCE GROUP HIT | chat_id=-1001749857007 | msg_id=43855
2026-03-06 16:25:31 | INFO     | main                 | ============================================================
2026-03-06 16:25:31 | INFO     | main                 |   Korea Ish E'lonlari — Starting
2026-03-06 16:25:31 | INFO     | main                 | ============================================================
2026-03-06 16:25:31 | INFO     | bot.database         | [DB] Schema initialised at D:\VS Code\telegram_job_bot\data\job_bot.db
2026-03-06 16:25:31 | INFO     | main                 | [main] Connecting Telethon …
2026-03-06 16:25:32 | INFO     | main                 | [main] Logged in as: quvonchbek (id=2046196282)
2026-03-06 16:25:32 | INFO     | bot.monitor          | [monitor] Connecting to Telegram …
2026-03-06 16:25:33 | INFO     | bot.monitor          | [monitor] Logged in as: quvonchbek (id=2046196282)
2026-03-06 16:25:33 | INFO     | bot.monitor          | [monitor] Event handlers registered.
2026-03-06 16:25:33 | INFO     | bot.monitor          | [monitor] Monitoring 43 group(s): ['KOREYA ISHLARI 🇰🇷 (-1002442704231)', "Ish e'lonlari ( Busan ) (-1001161946122)", '광주광역시 | Katta Gwangju (-1001686180833)', 'iksan ish (-1001754360080)', 'Uijeongbu grupa (-1002069815122)', 'SEOUL TEKPE 🇰🇷🇰🇷🇰🇷 (-1001239333237)', '👨\u200d🏭Daejeon, Guemsan Arbayit! (-1001205456019)', 'Yongindagi Uzbeklar (-1002858032342)', 'Ysu students (-1001858394869)', 'ICHEON CITY (-1001511479567)', 'Anseong_Work🇵🇸 (-1001470356319)', "Mokpo ish e'lon (-1001857660612)", 'Korea_yangiliklari (-1001490331350)', 'KOR-UZB pochta 📦 (-1003050729293)', 'Dejong CJ (-1002466260830)', 'HELP IN KOREA 🇰🇷 (-1001659856299)', 'Chonan Asan Pyonteg (-1002729014093)', 'ASAN ISH GRUPPA. 아산 알바 (-1002000748619)', '🇺🇿🇰🇷GUNSANDAGI MUSOFIRLAR🇰🇷🇺🇿 (-1001387204774)', "Chonanda O'zimiznikilar (-1002666264446)", '(충주시)CHUNGJU (-1002165832122)', 'NMAGAP_KOREYA (-1001463257290)', 'Chonan Asan Pyontek work / arbayt (-1002603723162)', 'Chonan ish (-1002418112272)', 'Poseung Arbayt💰💰 (-1001716701670)', 'Mokpolikilar [Rasmiy Kanal] (-1002628556472)', 'ULSAN ISH EʼLON (-1002567337700)', 'Daegu(대구)ish. Тегу , gyeongsan Ish 알바 (-1001671731305)', 'Daeso arbayt (-1001399984082)', 'Арбайт Инчхон-Кимпо (-1001749857007)', 'Daejon CJ tekpe (-1002956231910)', '🇰🇷 Korea <-> Uzbek Pochta Guruhi 🇺🇿 (-1001539128165)', 'Test Group (-1003833786454)', "Korean jobs! Koreya bo'ylab bo'sh ish o‘rinlari: (Tekpe, qurilish, zavod, arabayt, mehmonxonalar, taxi xizmati, yuridik yordam) (-1001146665528)", 'Daejeon Arbayt Guruhi (-1001304686518)', 'Daeso Deoksan Jincheon Mugeuk Samseong Gwanhewon arbayt tekpe тессо токсан чинчен (-1001799111985)', "BUSAN ISH E'LON (-1001503748476)", 'KIMHE ISH 김해 일 (-1001453574665)', '충남(CHONAN) ARBAIT (-1001212678634)', '영남대학교 🇰🇷 & 🇺🇿 (-1001176433500)', 'CHONAN ASAN ARBAYT (-1002301178007)', 'Group -5173314852 (-5173314852)', 'Group -1002179593933 (-1002179593933)']
2026-03-06 16:25:33 | INFO     | bot.monitor          | [monitor] Target: Korea Ish E'lonlari (-1003744320676)
2026-03-06 16:25:33 | INFO     | bot.monitor          | [monitor] 👂 Listening …
2026-03-06 16:25:33 | INFO     | main                 | [main] Starting admin bot …
2026-03-06 16:25:33 | INFO     | main                 | [main] ✅ All systems running. Press Ctrl+C to stop.
2026-03-06 16:25:33 | INFO     | bot.database         | [DB] Schema initialised at D:\VS Code\telegram_job_bot\data\job_bot.db
2026-03-06 16:25:33 | INFO     | bot.admin_bot        | [admin_bot] Starting admin bot …
2026-03-06 16:25:33 | INFO     | bot.scheduler        | [scheduler] Daily summary scheduler started (fires at 21:00 KST).
2026-03-06 16:25:33 | INFO     | bot.scheduler        | [scheduler] Next daily summary in 16466 seconds (at 2026-03-06 21:00 KST).
2026-03-06 16:26:00 | INFO     | bot.monitor          | [monitor] SOURCE GROUP HIT | chat_id=-1001490331350 | msg_id=86041
2026-03-06 16:28:25 | INFO     | bot.monitor          | [monitor] SOURCE GROUP HIT | chat_id=-1001399984082 | msg_id=347706
2026-03-06 16:28:25 | INFO     | bot.monitor          | [monitor] SOURCE GROUP HIT | chat_id=-1001399984082 | msg_id=347707
2026-03-06 16:28:25 | INFO     | bot.monitor          | [monitor] SOURCE GROUP HIT | chat_id=-1001176433500 | msg_id=369332
2026-03-06 16:29:03 | INFO     | bot.monitor          | [monitor] SOURCE GROUP HIT | chat_id=-1001749857007 | msg_id=43856
2026-03-06 16:29:03 | INFO     | bot.monitor          | [monitor] ✅ JOB DETECTED | chat=-1001749857007 | msg=43856 | lang=russian | tier=2 | kw=['работы', 'работа', 'завод']
2026-03-06 16:29:05 | INFO     | bot.monitor          | [monitor] ✅ FORWARDED | chat=-1001749857007 | msg=43856 → target=-1003744320676
2026-03-06 16:30:17 | INFO     | bot.monitor          | [monitor] SOURCE GROUP HIT | chat_id=-1001453574665 | msg_id=297948
2026-03-06 16:30:17 | INFO     | bot.monitor          | [monitor] SOURCE GROUP HIT | chat_id=-1001453574665 | msg_id=297949
2026-03-06 16:30:57 | INFO     | main                 | ============================================================
2026-03-06 16:30:57 | INFO     | main                 |   Korea Ish E'lonlari — Starting
2026-03-06 16:30:57 | INFO     | main                 | ============================================================
2026-03-06 16:30:57 | INFO     | bot.database         | [DB] Schema initialised at D:\VS Code\telegram_job_bot\data\job_bot.db
2026-03-06 16:30:57 | INFO     | main                 | [main] Connecting Telethon …
2026-03-06 16:30:59 | INFO     | main                 | [main] Logged in as: quvonchbek (id=2046196282)
2026-03-06 16:30:59 | INFO     | bot.monitor          | [monitor] Connecting to Telegram …
2026-03-06 16:31:00 | INFO     | bot.monitor          | [monitor] Logged in as: quvonchbek (id=2046196282)
2026-03-06 16:31:00 | INFO     | bot.monitor          | [monitor] Event handlers registered.
2026-03-06 16:31:00 | INFO     | bot.monitor          | [monitor] Monitoring 43 group(s): ['KOREYA ISHLARI 🇰🇷 (-1002442704231)', "Ish e'lonlari ( Busan ) (-1001161946122)", '광주광역시 | Katta Gwangju (-1001686180833)', 'iksan ish (-1001754360080)', 'Uijeongbu grupa (-1002069815122)', 'SEOUL TEKPE 🇰🇷🇰🇷🇰🇷 (-1001239333237)', '👨\u200d🏭Daejeon, Guemsan Arbayit! (-1001205456019)', 'Yongindagi Uzbeklar (-1002858032342)', 'Ysu students (-1001858394869)', 'ICHEON CITY (-1001511479567)', 'Anseong_Work🇵🇸 (-1001470356319)', "Mokpo ish e'lon (-1001857660612)", 'Korea_yangiliklari (-1001490331350)', 'KOR-UZB pochta 📦 (-1003050729293)', 'Dejong CJ (-1002466260830)', 'HELP IN KOREA 🇰🇷 (-1001659856299)', 'Chonan Asan Pyonteg (-1002729014093)', 'ASAN ISH GRUPPA. 아산 알바 (-1002000748619)', '🇺🇿🇰🇷GUNSANDAGI MUSOFIRLAR🇰🇷🇺🇿 (-1001387204774)', "Chonanda O'zimiznikilar (-1002666264446)", '(충주시)CHUNGJU (-1002165832122)', 'NMAGAP_KOREYA (-1001463257290)', 'Chonan Asan Pyontek work / arbayt (-1002603723162)', 'Chonan ish (-1002418112272)', 'Poseung Arbayt💰💰 (-1001716701670)', 'Mokpolikilar [Rasmiy Kanal] (-1002628556472)', 'ULSAN ISH EʼLON (-1002567337700)', 'Daegu(대구)ish. Тегу , gyeongsan Ish 알바 (-1001671731305)', 'Daeso arbayt (-1001399984082)', 'Арбайт Инчхон-Кимпо (-1001749857007)', 'Daejon CJ tekpe (-1002956231910)', '🇰🇷 Korea <-> Uzbek Pochta Guruhi 🇺🇿 (-1001539128165)', 'Test Group (-1003833786454)', "Korean jobs! Koreya bo'ylab bo'sh ish o‘rinlari: (Tekpe, qurilish, zavod, arabayt, mehmonxonalar, taxi xizmati, yuridik yordam) (-1001146665528)", 'Daejeon Arbayt Guruhi (-1001304686518)', 'Daeso Deoksan Jincheon Mugeuk Samseong Gwanhewon arbayt tekpe тессо токсан чинчен (-1001799111985)', "BUSAN ISH E'LON (-1001503748476)", 'KIMHE ISH 김해 일 (-1001453574665)', '충남(CHONAN) ARBAIT (-1001212678634)', '영남대학교 🇰🇷 & 🇺🇿 (-1001176433500)', 'CHONAN ASAN ARBAYT (-1002301178007)', 'Group -5173314852 (-5173314852)', 'Group -1002179593933 (-1002179593933)']
2026-03-06 16:31:00 | INFO     | bot.monitor          | [monitor] Target: Korea Ish E'lonlari (-1003744320676)
2026-03-06 16:31:00 | INFO     | bot.monitor          | [monitor] 👂 Listening …
2026-03-06 16:31:00 | INFO     | main                 | [main] Starting admin bot …
2026-03-06 16:31:00 | INFO     | main                 | [main] ✅ All systems running. Press Ctrl+C to stop.
2026-03-06 16:31:00 | INFO     | bot.database         | [DB] Schema initialised at D:\VS Code\telegram_job_bot\data\job_bot.db
2026-03-06 16:31:00 | INFO     | bot.admin_bot        | [admin_bot] Starting admin bot …
2026-03-06 16:31:00 | INFO     | bot.scheduler        | [scheduler] Daily summary scheduler started (fires at 21:00 KST).
2026-03-06 16:31:00 | INFO     | bot.scheduler        | [scheduler] Next daily summary in 16140 seconds (at 2026-03-06 21:00 KST).
2026-03-06 16:31:31 | INFO     | bot.monitor          | [monitor] SOURCE GROUP HIT | chat_id=-1002956231910 | msg_id=966
2026-03-06 16:32:08 | INFO     | bot.monitor          | [monitor] SOURCE GROUP HIT | chat_id=-1001176433500 | msg_id=369334
2026-03-06 16:33:03 | INFO     | bot.monitor          | [monitor] SOURCE GROUP HIT | chat_id=-1001799111985 | msg_id=180019
2026-03-06 16:33:03 | INFO     | bot.monitor          | [monitor] SOURCE GROUP HIT | chat_id=-1001399984082 | msg_id=347709
2026-03-06 16:33:23 | WARNING  | bot.database         | [DB] Source group already exists: -1001399984082
2026-03-06 16:35:56 | INFO     | bot.monitor          | [monitor] SOURCE GROUP HIT | chat_id=-1001799111985 | msg_id=180020
2026-03-06 16:35:56 | INFO     | bot.monitor          | [monitor] ✅ JOB DETECTED | chat=-1001799111985 | msg=180020 | lang=russian | tier=1 | kw=['зарплата']
2026-03-06 16:35:56 | INFO     | bot.monitor          | [monitor] ✅ FORWARDED | chat=-1001799111985 | msg=180020 → target=-1003744320676
2026-03-06 16:36:35 | INFO     | bot.monitor          | [monitor] SOURCE GROUP HIT | chat_id=-1001749857007 | msg_id=43857
2026-03-06 16:36:35 | INFO     | bot.monitor          | [monitor] ✅ JOB DETECTED | chat=-1001749857007 | msg=43857 | lang=uzbek | tier=2 | kw=['ish', 'bor', 'zavod']
2026-03-06 16:36:35 | INFO     | bot.monitor          | [monitor] SOURCE GROUP HIT | chat_id=-1002301178007 | msg_id=6686
2026-03-06 16:36:35 | INFO     | bot.monitor          | [monitor] ✅ JOB DETECTED | chat=-1002301178007 | msg=6686 | lang=uzbek | tier=2 | kw=['ish', 'bor', 'zavod']
2026-03-06 16:36:35 | INFO     | bot.monitor          | [monitor] SOURCE GROUP HIT | chat_id=-1001749857007 | msg_id=43858
2026-03-06 16:36:35 | INFO     | bot.monitor          | [monitor] ✅ JOB DETECTED | chat=-1001749857007 | msg=43858 | lang=uzbek | tier=2 | kw=['kerak', 'qiz']
2026-03-06 16:36:36 | INFO     | bot.monitor          | [monitor] SOURCE GROUP HIT | chat_id=-1002301178007 | msg_id=6687
2026-03-06 16:36:36 | INFO     | bot.monitor          | [monitor] ✅ JOB DETECTED | chat=-1002301178007 | msg=6687 | lang=uzbek | tier=2 | kw=['kerak', 'qiz']
2026-03-06 16:36:37 | INFO     | bot.monitor          | [monitor] ✅ FORWARDED | chat=-1001749857007 | msg=43857 → target=-1003744320676
2026-03-06 16:36:37 | INFO     | bot.monitor          | [monitor] ✅ FORWARDED | chat=-1002301178007 | msg=6686 → target=-1003744320676
2026-03-06 16:36:37 | INFO     | bot.monitor          | [monitor] ✅ FORWARDED | chat=-1001749857007 | msg=43858 → target=-1003744320676
2026-03-06 16:36:37 | INFO     | bot.monitor          | [monitor] ✅ FORWARDED | chat=-1002301178007 | msg=6687 → target=-1003744320676
2026-03-06 16:37:37 | INFO     | bot.monitor          | [monitor] SOURCE GROUP HIT | chat_id=-1001749857007 | msg_id=43859
2026-03-06 16:37:37 | INFO     | bot.monitor          | [monitor] ✅ JOB DETECTED | chat=-1001749857007 | msg=43859 | lang=uzbek | tier=1 | kw=['kishiga ish']
2026-03-06 16:37:38 | INFO     | bot.monitor          | [monitor] SOURCE GROUP HIT | chat_id=-1002301178007 | msg_id=6688
2026-03-06 16:37:38 | INFO     | bot.monitor          | [monitor] ✅ JOB DETECTED | chat=-1002301178007 | msg=6688 | lang=uzbek | tier=1 | kw=['kishiga ish']
2026-03-06 16:37:38 | INFO     | bot.monitor          | [monitor] ✅ FORWARDED | chat=-1001749857007 | msg=43859 → target=-1003744320676
2026-03-06 16:37:38 | INFO     | bot.monitor          | [monitor] ✅ FORWARDED | chat=-1002301178007 | msg=6688 → target=-1003744320676
2026-03-06 16:42:34 | INFO     | bot.monitor          | [monitor] SOURCE GROUP HIT | chat_id=-1001490331350 | msg_id=86043
2026-03-06 16:45:06 | INFO     | bot.monitor          | [monitor] SOURCE GROUP HIT | chat_id=-1001146665528 | msg_id=137066
2026-03-06 16:45:07 | INFO     | bot.monitor          | [monitor] SOURCE GROUP HIT | chat_id=-1001453574665 | msg_id=297955
2026-03-06 16:47:08 | INFO     | bot.monitor          | [monitor] SOURCE GROUP HIT | chat_id=-1001176433500 | msg_id=369336
2026-03-06 16:47:08 | INFO     | bot.monitor          | [monitor] SOURCE GROUP HIT | chat_id=-1001176433500 | msg_id=369337
2026-03-06 16:47:08 | INFO     | bot.monitor          | [monitor] SOURCE GROUP HIT | chat_id=-1001176433500 | msg_id=369338
2026-03-06 16:47:08 | INFO     | bot.monitor          | [monitor] SOURCE GROUP HIT | chat_id=-1001176433500 | msg_id=369339
2026-03-06 16:47:08 | INFO     | bot.monitor          | [monitor] SOURCE GROUP HIT | chat_id=-1001176433500 | msg_id=369341
2026-03-06 16:47:08 | INFO     | bot.monitor          | [monitor] SOURCE GROUP HIT | chat_id=-1001176433500 | msg_id=369342
2026-03-06 16:47:08 | INFO     | bot.monitor          | [monitor] SOURCE GROUP HIT | chat_id=-1001176433500 | msg_id=369343
2026-03-06 16:47:08 | INFO     | bot.monitor          | [monitor] SOURCE GROUP HIT | chat_id=-1001176433500 | msg_id=369344
2026-03-06 16:47:08 | INFO     | bot.monitor          | [monitor] SOURCE GROUP HIT | chat_id=-1001176433500 | msg_id=369345
2026-03-06 16:47:08 | INFO     | bot.monitor          | [monitor] SOURCE GROUP HIT | chat_id=-1001176433500 | msg_id=369346
2026-03-06 16:48:03 | INFO     | bot.monitor          | [monitor] SOURCE GROUP HIT | chat_id=-1001399984082 | msg_id=347710
2026-03-06 16:48:03 | INFO     | bot.monitor          | [monitor] SOURCE GROUP HIT | chat_id=-1001399984082 | msg_id=347711
2026-03-06 16:48:03 | INFO     | bot.monitor          | [monitor] SOURCE GROUP HIT | chat_id=-1001399984082 | msg_id=347712
2026-03-06 16:48:23 | INFO     | bot.monitor          | [monitor] SOURCE GROUP HIT | chat_id=-1002301178007 | msg_id=6689
2026-03-06 16:49:48 | INFO     | bot.monitor          | [monitor] SOURCE GROUP HIT | chat_id=-1001857660612 | msg_id=66933
2026-03-06 16:50:02 | WARNING  | bot.database         | [DB] Source group already exists: -1001857660612
2026-03-06 16:51:37 | INFO     | bot.monitor          | [monitor] SOURCE GROUP HIT | chat_id=-1001161946122 | msg_id=69953
2026-03-06 16:51:47 | INFO     | bot.monitor          | [monitor] SOURCE GROUP HIT | chat_id=-1001503748476 | msg_id=78214
2026-03-06 16:51:47 | INFO     | bot.monitor          | [monitor] ✅ JOB DETECTED | chat=-1001503748476 | msg=78214 | lang=uzbek | tier=2 | kw=['ish', 'bor', 'zavod']
2026-03-06 16:51:47 | INFO     | bot.monitor          | [monitor] SOURCE GROUP HIT | chat_id=-1001503748476 | msg_id=78215
2026-03-06 16:51:47 | INFO     | bot.monitor          | [monitor] ✅ JOB DETECTED | chat=-1001503748476 | msg=78215 | lang=uzbek | tier=2 | kw=['kerak', 'qiz']
2026-03-06 16:51:47 | INFO     | bot.monitor          | [monitor] SOURCE GROUP HIT | chat_id=-1001503748476 | msg_id=78216
2026-03-06 16:51:47 | INFO     | bot.monitor          | [monitor] ✅ FORWARDED | chat=-1001503748476 | msg=78215 → target=-1003744320676
2026-03-06 16:51:47 | INFO     | bot.monitor          | [monitor] ✅ FORWARDED | chat=-1001503748476 | msg=78214 → target=-1003744320676
2026-03-06 16:51:49 | INFO     | bot.monitor          | [monitor] SOURCE GROUP HIT | chat_id=-1001304686518 | msg_id=124601
2026-03-06 16:51:54 | INFO     | bot.monitor          | [monitor] SOURCE GROUP HIT | chat_id=-1001686180833 | msg_id=84905
2026-03-06 16:51:54 | INFO     | bot.monitor          | [monitor] SOURCE GROUP HIT | chat_id=-1001686180833 | msg_id=84906
2026-03-06 16:51:56 | INFO     | bot.monitor          | [monitor] SOURCE GROUP HIT | chat_id=-1001212678634 | msg_id=166419
2026-03-06 16:51:56 | INFO     | bot.monitor          | [monitor] ✅ JOB DETECTED | chat=-1001212678634 | msg=166419 | lang=uzbek | tier=2 | kw=['ish', 'bor', 'zavod']
2026-03-06 16:51:56 | INFO     | bot.monitor          | [monitor] SOURCE GROUP HIT | chat_id=-1001212678634 | msg_id=166420
2026-03-06 16:51:56 | INFO     | bot.monitor          | [monitor] ✅ JOB DETECTED | chat=-1001212678634 | msg=166420 | lang=uzbek | tier=2 | kw=['kerak', 'qiz']
2026-03-06 16:51:56 | INFO     | bot.monitor          | [monitor] SOURCE GROUP HIT | chat_id=-1001212678634 | msg_id=166421
2026-03-06 16:51:56 | INFO     | bot.monitor          | [monitor] ✅ FORWARDED | chat=-1001212678634 | msg=166420 → target=-1003744320676
2026-03-06 16:51:56 | INFO     | bot.monitor          | [monitor] ✅ FORWARDED | chat=-1001212678634 | msg=166419 → target=-1003744320676
2026-03-06 16:52:04 | INFO     | bot.monitor          | [monitor] 🗑️  Deleting service message | user=무로도프 | msg_id=63
2026-03-06 16:52:33 | INFO     | bot.monitor          | [monitor] 🗑️  Deleting service message | user=무로도프 | msg_id=64
2026-03-06 16:53:41 | INFO     | bot.monitor          | [monitor] SOURCE GROUP HIT | chat_id=-1001453574665 | msg_id=297956
2026-03-06 16:53:41 | INFO     | bot.monitor          | [monitor] SOURCE GROUP HIT | chat_id=-1001176433500 | msg_id=369347
2026-03-06 16:53:41 | INFO     | bot.monitor          | [monitor] SOURCE GROUP HIT | chat_id=-1001176433500 | msg_id=369348
2026-03-06 16:53:41 | INFO     | bot.monitor          | [monitor] SOURCE GROUP HIT | chat_id=-1001176433500 | msg_id=369349
2026-03-06 16:53:41 | INFO     | bot.monitor          | [monitor] SOURCE GROUP HIT | chat_id=-1001176433500 | msg_id=369350
2026-03-06 16:56:28 | INFO     | bot.monitor          | [monitor] SOURCE GROUP HIT | chat_id=-1001453574665 | msg_id=297957
2026-03-06 16:56:28 | INFO     | bot.monitor          | [monitor] SOURCE GROUP HIT | chat_id=-1001453574665 | msg_id=297958
2026-03-06 16:56:28 | INFO     | bot.monitor          | [monitor] SOURCE GROUP HIT | chat_id=-1001453574665 | msg_id=297959
2026-03-06 17:00:12 | INFO     | bot.monitor          | [monitor] SOURCE GROUP HIT | chat_id=-1002567337700 | msg_id=26521
2026-03-06 17:00:12 | INFO     | bot.monitor          | [monitor] SOURCE GROUP HIT | chat_id=-1001503748476 | msg_id=78217
2026-03-06 17:00:12 | INFO     | bot.monitor          | [monitor] SOURCE GROUP HIT | chat_id=-1001659856299 | msg_id=104390
2026-03-06 17:00:12 | INFO     | bot.monitor          | [monitor] ✅ JOB DETECTED | chat=-1001659856299 | msg=104390 | lang=russian | tier=1 | kw=['зарплата']
2026-03-06 17:00:12 | INFO     | bot.monitor          | [monitor] SOURCE GROUP HIT | chat_id=-1001470356319 | msg_id=115502
2026-03-06 17:00:12 | INFO     | bot.monitor          | [monitor] SOURCE GROUP HIT | chat_id=-1001799111985 | msg_id=180021
2026-03-06 17:00:12 | INFO     | bot.monitor          | [monitor] SOURCE GROUP HIT | chat_id=-1001453574665 | msg_id=297960
2026-03-06 17:00:12 | INFO     | bot.monitor          | [monitor] ✅ FORWARDED | chat=-1001659856299 | msg=104390 → target=-1003744320676
2026-03-06 17:00:13 | INFO     | bot.monitor          | [monitor] SOURCE GROUP HIT | chat_id=-1001399984082 | msg_id=347713
2026-03-06 17:00:13 | INFO     | bot.monitor          | [monitor] SOURCE GROUP HIT | chat_id=-1001399984082 | msg_id=347714
2026-03-06 17:00:13 | INFO     | bot.monitor          | [monitor] SOURCE GROUP HIT | chat_id=-1001399984082 | msg_id=347715
2026-03-06 17:00:13 | INFO     | bot.monitor          | [monitor] SOURCE GROUP HIT | chat_id=-1001399984082 | msg_id=347716
2026-03-06 17:00:13 | INFO     | bot.monitor          | [monitor] SOURCE GROUP HIT | chat_id=-1001399984082 | msg_id=347717
2026-03-06 17:00:13 | INFO     | bot.monitor          | [monitor] SOURCE GROUP HIT | chat_id=-1001399984082 | msg_id=347718
2026-03-06 17:00:13 | INFO     | bot.monitor          | [monitor] SOURCE GROUP HIT | chat_id=-1001399984082 | msg_id=347719
2026-03-06 17:00:13 | INFO     | bot.monitor          | [monitor] SOURCE GROUP HIT | chat_id=-1001399984082 | msg_id=347720
2026-03-06 17:00:13 | INFO     | bot.monitor          | [monitor] SOURCE GROUP HIT | chat_id=-1001399984082 | msg_id=347721
2026-03-06 17:00:13 | INFO     | bot.monitor          | [monitor] SOURCE GROUP HIT | chat_id=-1001399984082 | msg_id=347722
2026-03-06 17:00:13 | INFO     | bot.monitor          | [monitor] SOURCE GROUP HIT | chat_id=-1001399984082 | msg_id=347723
2026-03-06 17:00:31 | INFO     | bot.monitor          | [monitor] SOURCE GROUP HIT | chat_id=-1001749857007 | msg_id=43860
2026-03-06 17:00:31 | INFO     | bot.monitor          | [monitor] ✅ JOB DETECTED | chat=-1001749857007 | msg=43860 | lang=russian | tier=1 | kw=['зарплата']
2026-03-06 17:00:32 | INFO     | bot.monitor          | [monitor] ✅ FORWARDED | chat=-1001749857007 | msg=43860 → target=-1003744320676
2026-03-06 17:39:09 | INFO     | main                 | ============================================================
2026-03-06 17:39:09 | INFO     | main                 |   Korea Ish E'lonlari — Starting
2026-03-06 17:39:09 | INFO     | main                 | ============================================================
2026-03-06 17:39:09 | INFO     | bot.database         | [DB] Schema initialised at D:\VS Code\telegram_job_bot\data\job_bot.db
2026-03-06 17:39:09 | INFO     | main                 | [main] Connecting Telethon …
2026-03-06 17:39:11 | INFO     | main                 | [main] Logged in as: quvonchbek (id=2046196282)
2026-03-06 17:39:11 | INFO     | bot.monitor          | [monitor] Connecting to Telegram …
2026-03-06 17:39:11 | INFO     | bot.monitor          | [monitor] Logged in as: quvonchbek (id=2046196282)
2026-03-06 17:39:11 | INFO     | bot.monitor          | [monitor] Event handlers registered.
2026-03-06 17:39:11 | INFO     | bot.monitor          | [monitor] Monitoring 43 group(s): ['KOREYA ISHLARI 🇰🇷 (-1002442704231)', "Ish e'lonlari ( Busan ) (-1001161946122)", '광주광역시 | Katta Gwangju (-1001686180833)', 'iksan ish (-1001754360080)', 'Uijeongbu grupa (-1002069815122)', 'SEOUL TEKPE 🇰🇷🇰🇷🇰🇷 (-1001239333237)', '👨\u200d🏭Daejeon, Guemsan Arbayit! (-1001205456019)', 'Yongindagi Uzbeklar (-1002858032342)', 'Ysu students (-1001858394869)', 'ICHEON CITY (-1001511479567)', 'Anseong_Work🇵🇸 (-1001470356319)', "Mokpo ish e'lon (-1001857660612)", 'Korea_yangiliklari (-1001490331350)', 'KOR-UZB pochta 📦 (-1003050729293)', 'Dejong CJ (-1002466260830)', 'HELP IN KOREA 🇰🇷 (-1001659856299)', 'Chonan Asan Pyonteg (-1002729014093)', 'ASAN ISH GRUPPA. 아산 알바 (-1002000748619)', '🇺🇿🇰🇷GUNSANDAGI MUSOFIRLAR🇰🇷🇺🇿 (-1001387204774)', "Chonanda O'zimiznikilar (-1002666264446)", '(충주시)CHUNGJU (-1002165832122)', 'NMAGAP_KOREYA (-1001463257290)', 'Chonan Asan Pyontek work / arbayt (-1002603723162)', 'Chonan ish (-1002418112272)', 'Poseung Arbayt💰💰 (-1001716701670)', 'Mokpolikilar [Rasmiy Kanal] (-1002628556472)', 'ULSAN ISH EʼLON (-1002567337700)', 'Daegu(대구)ish. Тегу , gyeongsan Ish 알바 (-1001671731305)', 'Daeso arbayt (-1001399984082)', 'Арбайт Инчхон-Кимпо (-1001749857007)', 'Daejon CJ tekpe (-1002956231910)', '🇰🇷 Korea <-> Uzbek Pochta Guruhi 🇺🇿 (-1001539128165)', 'Test Group (-1003833786454)', "Korean jobs! Koreya bo'ylab bo'sh ish o‘rinlari: (Tekpe, qurilish, zavod, arabayt, mehmonxonalar, taxi xizmati, yuridik yordam) (-1001146665528)", 'Daejeon Arbayt Guruhi (-1001304686518)', 'Daeso Deoksan Jincheon Mugeuk Samseong Gwanhewon arbayt tekpe тессо токсан чинчен (-1001799111985)', "BUSAN ISH E'LON (-1001503748476)", 'KIMHE ISH 김해 일 (-1001453574665)', '충남(CHONAN) ARBAIT (-1001212678634)', '영남대학교 🇰🇷 & 🇺🇿 (-1001176433500)', 'CHONAN ASAN ARBAYT (-1002301178007)', 'Group -5173314852 (-5173314852)', 'Group -1002179593933 (-1002179593933)']
2026-03-06 17:39:11 | INFO     | bot.monitor          | [monitor] Target: Korea Ish E'lonlari (-1003744320676)
2026-03-06 17:39:11 | INFO     | bot.monitor          | [monitor] 👂 Listening …
2026-03-06 17:39:11 | INFO     | main                 | [main] Starting admin bot …
2026-03-06 17:39:11 | INFO     | main                 | [main] ✅ All systems running. Press Ctrl+C to stop.
2026-03-06 17:39:11 | INFO     | bot.database         | [DB] Schema initialised at D:\VS Code\telegram_job_bot\data\job_bot.db
2026-03-06 17:39:11 | INFO     | bot.admin_bot        | [admin_bot] Starting admin bot …
2026-03-06 17:39:11 | INFO     | bot.scheduler        | [scheduler] Daily summary scheduler started (fires at 21:00 KST).
2026-03-06 17:39:11 | INFO     | bot.scheduler        | [scheduler] Next daily summary in 12048 seconds (at 2026-03-06 21:00 KST).
2026-03-06 17:39:44 | INFO     | bot.monitor          | [monitor] SOURCE GROUP HIT | chat_id=-1001490331350 | msg_id=86049
2026-03-06 17:39:57 | INFO     | bot.monitor          | [monitor] SOURCE GROUP HIT | chat_id=-1002418112272 | msg_id=7765
2026-03-06 17:40:15 | INFO     | bot.monitor          | [monitor] SOURCE GROUP HIT | chat_id=-1001212678634 | msg_id=166429
2026-03-06 17:40:15 | INFO     | bot.monitor          | [monitor] SOURCE GROUP HIT | chat_id=-1001176433500 | msg_id=369359
2026-03-06 17:40:37 | INFO     | bot.monitor          | [monitor] SOURCE GROUP HIT | chat_id=-1002603723162 | msg_id=21698
2026-03-06 17:40:43 | INFO     | bot.monitor          | [monitor] SOURCE GROUP HIT | chat_id=-1002301178007 | msg_id=6690
2026-03-06 17:40:53 | INFO     | bot.monitor          | [monitor] SOURCE GROUP HIT | chat_id=-1001212678634 | msg_id=166430
2026-03-06 17:40:53 | INFO     | bot.monitor          | [monitor] ✅ JOB DETECTED | chat=-1001212678634 | msg=166430 | lang=uzbek | tier=2 | kw=['kerak', 'odam']
2026-03-06 17:40:53 | INFO     | bot.monitor          | [monitor] ✅ FORWARDED | chat=-1001212678634 | msg=166430 → target=-1003744320676
2026-03-06 17:40:59 | INFO     | bot.monitor          | [monitor] SOURCE GROUP HIT | chat_id=-1002729014093 | msg_id=12551
2026-03-06 17:41:07 | INFO     | bot.monitor          | [monitor] SOURCE GROUP HIT | chat_id=-1002628556472 | msg_id=14181
2026-03-06 17:41:47 | INFO     | bot.monitor          | [monitor] SOURCE GROUP HIT | chat_id=-1002000748619 | msg_id=24565
2026-03-06 17:41:56 | INFO     | bot.monitor          | [monitor] 🗑️  Deleting service message | user=. | msg_id=69
2026-03-06 17:42:25 | INFO     | bot.monitor          | [monitor] SOURCE GROUP HIT | chat_id=-1001749857007 | msg_id=43866
2026-03-06 17:43:39 | INFO     | bot.monitor          | [monitor] SOURCE GROUP HIT | chat_id=-1001399984082 | msg_id=347743
2026-03-06 17:43:39 | INFO     | bot.monitor          | [monitor] SOURCE GROUP HIT | chat_id=-1001453574665 | msg_id=297971
2026-03-06 17:43:39 | INFO     | bot.monitor          | [monitor] SOURCE GROUP HIT | chat_id=-1001453574665 | msg_id=297972
2026-03-06 17:43:44 | INFO     | bot.monitor          | [monitor] SOURCE GROUP HIT | chat_id=-1001212678634 | msg_id=166431
2026-03-06 17:44:17 | INFO     | bot.monitor          | [monitor] SOURCE GROUP HIT | chat_id=-1002165832122 | msg_id=15677
2026-03-06 17:44:31 | INFO     | bot.monitor          | [monitor] SOURCE GROUP HIT | chat_id=-1002603723162 | msg_id=21699
2026-03-06 17:47:01 | INFO     | bot.monitor          | [monitor] SOURCE GROUP HIT | chat_id=-1002000748619 | msg_id=24566
2026-03-06 17:47:54 | INFO     | bot.monitor          | [monitor] SOURCE GROUP HIT | chat_id=-1002858032342 | msg_id=6200
2026-03-06 17:48:05 | INFO     | bot.monitor          | [monitor] SOURCE GROUP HIT | chat_id=-1001387204774 | msg_id=69080
2026-03-06 17:48:05 | INFO     | bot.monitor          | [monitor] SOURCE GROUP HIT | chat_id=-1001387204774 | msg_id=69081
2026-03-06 17:48:05 | INFO     | bot.monitor          | [monitor] SOURCE GROUP HIT | chat_id=-1001470356319 | msg_id=115507
2026-03-06 17:48:34 | INFO     | bot.monitor          | [monitor] SOURCE GROUP HIT | chat_id=-1001659856299 | msg_id=104399
2026-03-06 17:48:34 | INFO     | bot.monitor          | [monitor] ✅ JOB DETECTED | chat=-1001659856299 | msg=104399 | lang=russian | tier=1 | kw=['зарплата']
2026-03-06 17:48:35 | INFO     | bot.monitor          | [monitor] ✅ FORWARDED | chat=-1001659856299 | msg=104399 → target=-1003744320676
2026-03-06 17:49:01 | INFO     | bot.monitor          | [monitor] SOURCE GROUP HIT | chat_id=-1001387204774 | msg_id=69082
2026-03-06 17:49:01 | INFO     | bot.monitor          | [monitor] SOURCE GROUP HIT | chat_id=-1001387204774 | msg_id=69083
2026-03-06 17:49:15 | INFO     | main                 | [main] Shutting down …
2026-03-06 17:49:15 | INFO     | main                 | [main] Stopped.
2026-03-06 17:49:44 | INFO     | main                 | ============================================================
2026-03-06 17:49:44 | INFO     | main                 |   Korea Ish E'lonlari — Starting
2026-03-06 17:49:44 | INFO     | main                 | ============================================================
2026-03-06 17:49:44 | INFO     | bot.database         | [DB] Schema initialised at D:\VS Code\telegram_job_bot\data\job_bot.db
2026-03-06 17:49:44 | INFO     | main                 | [main] Connecting Telethon …
2026-03-06 17:50:00 | INFO     | main                 | [main] Logged in as: quvonchbek (id=2046196282)
2026-03-06 17:50:00 | INFO     | bot.monitor          | [monitor] Connecting to Telegram …
2026-03-06 17:50:00 | INFO     | bot.monitor          | [monitor] Logged in as: quvonchbek (id=2046196282)
2026-03-06 17:50:00 | INFO     | bot.monitor          | [monitor] Event handlers registered.
2026-03-06 17:50:00 | INFO     | bot.monitor          | [monitor] Monitoring 43 group(s): ['KOREYA ISHLARI 🇰🇷 (-1002442704231)', "Ish e'lonlari ( Busan ) (-1001161946122)", '광주광역시 | Katta Gwangju (-1001686180833)', 'iksan ish (-1001754360080)', 'Uijeongbu grupa (-1002069815122)', 'SEOUL TEKPE 🇰🇷🇰🇷🇰🇷 (-1001239333237)', '👨\u200d🏭Daejeon, Guemsan Arbayit! (-1001205456019)', 'Yongindagi Uzbeklar (-1002858032342)', 'Ysu students (-1001858394869)', 'ICHEON CITY (-1001511479567)', 'Anseong_Work🇵🇸 (-1001470356319)', "Mokpo ish e'lon (-1001857660612)", 'Korea_yangiliklari (-1001490331350)', 'KOR-UZB pochta 📦 (-1003050729293)', 'Dejong CJ (-1002466260830)', 'HELP IN KOREA 🇰🇷 (-1001659856299)', 'Chonan Asan Pyonteg (-1002729014093)', 'ASAN ISH GRUPPA. 아산 알바 (-1002000748619)', '🇺🇿🇰🇷GUNSANDAGI MUSOFIRLAR🇰🇷🇺🇿 (-1001387204774)', "Chonanda O'zimiznikilar (-1002666264446)", '(충주시)CHUNGJU (-1002165832122)', 'NMAGAP_KOREYA (-1001463257290)', 'Chonan Asan Pyontek work / arbayt (-1002603723162)', 'Chonan ish (-1002418112272)', 'Poseung Arbayt💰💰 (-1001716701670)', 'Mokpolikilar [Rasmiy Kanal] (-1002628556472)', 'ULSAN ISH EʼLON (-1002567337700)', 'Daegu(대구)ish. Тегу , gyeongsan Ish 알바 (-1001671731305)', 'Daeso arbayt (-1001399984082)', 'Арбайт Инчхон-Кимпо (-1001749857007)', 'Daejon CJ tekpe (-1002956231910)', '🇰🇷 Korea <-> Uzbek Pochta Guruhi 🇺🇿 (-1001539128165)', 'Test Group (-1003833786454)', "Korean jobs! Koreya bo'ylab bo'sh ish o‘rinlari: (Tekpe, qurilish, zavod, arabayt, mehmonxonalar, taxi xizmati, yuridik yordam) (-1001146665528)", 'Daejeon Arbayt Guruhi (-1001304686518)', 'Daeso Deoksan Jincheon Mugeuk Samseong Gwanhewon arbayt tekpe тессо токсан чинчен (-1001799111985)', "BUSAN ISH E'LON (-1001503748476)", 'KIMHE ISH 김해 일 (-1001453574665)', '충남(CHONAN) ARBAIT (-1001212678634)', '영남대학교 🇰🇷 & 🇺🇿 (-1001176433500)', 'CHONAN ASAN ARBAYT (-1002301178007)', 'Group -5173314852 (-5173314852)', 'Group -1002179593933 (-1002179593933)']
2026-03-06 17:50:00 | INFO     | bot.monitor          | [monitor] Target: Korea Ish E'lonlari (-1003744320676)
2026-03-06 17:50:00 | INFO     | bot.monitor          | [monitor] 👂 Listening …
2026-03-06 17:50:00 | INFO     | main                 | [main] Starting admin bot …
2026-03-06 17:50:00 | INFO     | main                 | [main] ✅ All systems running. Press Ctrl+C to stop.
2026-03-06 17:50:00 | INFO     | bot.database         | [DB] Schema initialised at D:\VS Code\telegram_job_bot\data\job_bot.db
2026-03-06 17:50:01 | INFO     | bot.admin_bot        | [admin_bot] Starting admin bot …
2026-03-06 17:50:01 | INFO     | bot.scheduler        | [scheduler] Daily summary scheduler started (fires at 21:00 KST).
2026-03-06 17:50:01 | INFO     | bot.scheduler        | [scheduler] Next daily summary in 11399 seconds (at 2026-03-06 21:00 KST).
2026-03-06 17:51:48 | INFO     | bot.monitor          | [monitor] SOURCE GROUP HIT | chat_id=-1001671731305 | msg_id=79773
2026-03-06 17:51:48 | INFO     | bot.monitor          | [monitor] SOURCE GROUP HIT | chat_id=-1001304686518 | msg_id=124602
2026-03-06 17:51:48 | INFO     | bot.monitor          | [monitor] SOURCE GROUP HIT | chat_id=-1001304686518 | msg_id=124603
2026-03-06 17:51:48 | INFO     | bot.monitor          | [monitor] SOURCE GROUP HIT | chat_id=-1001799111985 | msg_id=180024
2026-03-06 17:51:48 | INFO     | bot.monitor          | [monitor] SOURCE GROUP HIT | chat_id=-1001799111985 | msg_id=180025
2026-03-06 17:51:48 | INFO     | bot.monitor          | [monitor] SOURCE GROUP HIT | chat_id=-1001453574665 | msg_id=297976
2026-03-06 17:52:55 | INFO     | bot.monitor          | [monitor] SOURCE GROUP HIT | chat_id=-1002301178007 | msg_id=6691
2026-03-06 17:53:33 | INFO     | bot.monitor          | [monitor] SOURCE GROUP HIT | chat_id=-1001716701670 | msg_id=32513
2026-03-06 17:53:37 | INFO     | bot.monitor          | [monitor] SOURCE GROUP HIT | chat_id=-1002301178007 | msg_id=6696
2026-03-06 17:53:39 | INFO     | bot.monitor          | [monitor] SOURCE GROUP HIT | chat_id=-1001176433500 | msg_id=369361
2026-03-06 17:55:57 | INFO     | bot.monitor          | [monitor] SOURCE GROUP HIT | chat_id=-1001463257290 | msg_id=273771
2026-03-06 17:55:57 | INFO     | bot.monitor          | [monitor] SOURCE GROUP HIT | chat_id=-1001463257290 | msg_id=273772
2026-03-06 17:55:57 | INFO     | bot.monitor          | [monitor] SOURCE GROUP HIT | chat_id=-1001463257290 | msg_id=273773
2026-03-06 17:55:57 | INFO     | bot.monitor          | [monitor] SOURCE GROUP HIT | chat_id=-1001463257290 | msg_id=273774
2026-03-06 17:55:57 | INFO     | bot.monitor          | [monitor] SOURCE GROUP HIT | chat_id=-1001176433500 | msg_id=369362
2026-03-06 17:55:57 | INFO     | bot.monitor          | [monitor] SOURCE GROUP HIT | chat_id=-1001176433500 | msg_id=369363
2026-03-06 17:57:43 | INFO     | bot.monitor          | [monitor] SOURCE GROUP HIT | chat_id=-1002858032342 | msg_id=6201
2026-03-06 17:57:48 | INFO     | bot.monitor          | [monitor] SOURCE GROUP HIT | chat_id=-1001387204774 | msg_id=69084
2026-03-06 17:57:48 | INFO     | bot.monitor          | [monitor] SOURCE GROUP HIT | chat_id=-1001387204774 | msg_id=69085
2026-03-06 17:57:48 | INFO     | bot.monitor          | [monitor] SOURCE GROUP HIT | chat_id=-1001387204774 | msg_id=69086
2026-03-06 17:57:48 | INFO     | bot.monitor          | [monitor] SOURCE GROUP HIT | chat_id=-1001387204774 | msg_id=69087
2026-03-06 17:57:48 | INFO     | bot.monitor          | [monitor] SOURCE GROUP HIT | chat_id=-1001387204774 | msg_id=69088
2026-03-06 17:57:48 | INFO     | bot.monitor          | [monitor] SOURCE GROUP HIT | chat_id=-1001176433500 | msg_id=369364
2026-03-06 17:57:48 | INFO     | bot.monitor          | [monitor] SOURCE GROUP HIT | chat_id=-1001176433500 | msg_id=369365
2026-03-06 17:57:49 | INFO     | bot.monitor          | [monitor] SOURCE GROUP HIT | chat_id=-1001453574665 | msg_id=297977
2026-03-06 17:57:49 | INFO     | bot.monitor          | [monitor] SOURCE GROUP HIT | chat_id=-1001453574665 | msg_id=297978
2026-03-06 17:57:49 | INFO     | bot.monitor          | [monitor] SOURCE GROUP HIT | chat_id=-1001453574665 | msg_id=297979
2026-03-06 17:57:49 | INFO     | bot.monitor          | [monitor] SOURCE GROUP HIT | chat_id=-1001453574665 | msg_id=297980
2026-03-06 17:57:49 | INFO     | bot.monitor          | [monitor] SOURCE GROUP HIT | chat_id=-1001686180833 | msg_id=84927
2026-03-06 17:58:22 | INFO     | bot.monitor          | [monitor] SOURCE GROUP HIT | chat_id=-1002858032342 | msg_id=6202
2026-03-06 17:58:27 | INFO     | bot.monitor          | [monitor] SOURCE GROUP HIT | chat_id=-1002858032342 | msg_id=6203
2026-03-06 17:58:32 | INFO     | bot.monitor          | [monitor] SOURCE GROUP HIT | chat_id=-1001754360080 | msg_id=23596
2026-03-06 17:58:44 | INFO     | bot.monitor          | [monitor] SOURCE GROUP HIT | chat_id=-1001503748476 | msg_id=78227
2026-03-06 17:58:44 | INFO     | bot.monitor          | [monitor] SOURCE GROUP HIT | chat_id=-1001539128165 | msg_id=171313
2026-03-06 17:59:30 | INFO     | bot.monitor          | [monitor] SOURCE GROUP HIT | chat_id=-1001749857007 | msg_id=43867
2026-03-06 17:59:30 | INFO     | bot.monitor          | [monitor] ✅ JOB DETECTED | chat=-1001749857007 | msg=43867 | lang=russian | tier=1 | kw=['зарплата']
2026-03-06 17:59:32 | INFO     | bot.monitor          | [monitor] ✅ FORWARDED | chat=-1001749857007 | msg=43867 → target=-1003744320676
2026-03-06 17:59:55 | INFO     | bot.monitor          | [monitor] SOURCE GROUP HIT | chat_id=-1001749857007 | msg_id=43868
2026-03-06 17:59:55 | INFO     | bot.monitor          | [monitor] ✅ JOB DETECTED | chat=-1001749857007 | msg=43868 | lang=russian | tier=1 | kw=['на работу', 'зарплата']
2026-03-06 17:59:55 | INFO     | bot.monitor          | [monitor] ✅ FORWARDED | chat=-1001749857007 | msg=43868 → target=-1003744320676
2026-03-06 18:00:10 | INFO     | bot.monitor          | [monitor] SOURCE GROUP HIT | chat_id=-1001754360080 | msg_id=23597
2026-03-06 18:00:14 | INFO     | bot.monitor          | [monitor] SOURCE GROUP HIT | chat_id=-1001754360080 | msg_id=23598
2026-03-06 18:00:14 | INFO     | bot.monitor          | [monitor] SOURCE GROUP HIT | chat_id=-1001754360080 | msg_id=23599
2026-03-06 18:00:14 | INFO     | bot.monitor          | [monitor] SOURCE GROUP HIT | chat_id=-1001754360080 | msg_id=23600
2026-03-06 18:00:14 | INFO     | bot.monitor          | [monitor] SOURCE GROUP HIT | chat_id=-1001754360080 | msg_id=23601
2026-03-06 18:01:58 | INFO     | bot.monitor          | [monitor] SOURCE GROUP HIT | chat_id=-1001749857007 | msg_id=43869
2026-03-06 18:03:03 | INFO     | bot.monitor          | [monitor] SOURCE GROUP HIT | chat_id=-1001686180833 | msg_id=84928
2026-03-06 18:03:03 | INFO     | bot.monitor          | [monitor] ✅ JOB DETECTED | chat=-1001686180833 | msg=84928 | lang=uzbek | tier=2 | kw=['ish', 'bor']
2026-03-06 18:03:03 | INFO     | bot.monitor          | [monitor] ✅ FORWARDED | chat=-1001686180833 | msg=84928 → target=-1003744320676
2026-03-06 18:04:25 | INFO     | bot.monitor          | [monitor] SOURCE GROUP HIT | chat_id=-1001749857007 | msg_id=43870
2026-03-06 18:04:25 | INFO     | bot.monitor          | [monitor] ✅ JOB DETECTED | chat=-1001749857007 | msg=43870 | lang=russian | tier=2 | kw=['работа', 'срочно', 'завод']
2026-03-06 18:04:25 | INFO     | bot.monitor          | [monitor] ✅ FORWARDED | chat=-1001749857007 | msg=43870 → target=-1003744320676
2026-03-06 18:06:48 | INFO     | bot.monitor          | [monitor] SOURCE GROUP HIT | chat_id=-1001671731305 | msg_id=79774
2026-03-06 18:06:48 | INFO     | bot.monitor          | [monitor] SOURCE GROUP HIT | chat_id=-1001671731305 | msg_id=79775
2026-03-06 18:06:48 | INFO     | bot.monitor          | [monitor] SOURCE GROUP HIT | chat_id=-1001304686518 | msg_id=124604
2026-03-06 18:06:48 | INFO     | bot.monitor          | [monitor] SOURCE GROUP HIT | chat_id=-1001304686518 | msg_id=124605
2026-03-06 18:06:48 | INFO     | bot.monitor          | [monitor] SOURCE GROUP HIT | chat_id=-1001304686518 | msg_id=124606
2026-03-06 18:08:15 | INFO     | bot.monitor          | [monitor] SOURCE GROUP HIT | chat_id=-1001749857007 | msg_id=43871
2026-03-06 18:08:15 | INFO     | bot.monitor          | [monitor] ✅ JOB DETECTED | chat=-1001749857007 | msg=43871 | lang=russian | tier=1 | kw=['зарплата']
2026-03-06 18:08:16 | INFO     | bot.monitor          | [monitor] ✅ FORWARDED | chat=-1001749857007 | msg=43871 → target=-1003744320676
2026-03-06 18:09:33 | INFO     | bot.monitor          | [monitor] SOURCE GROUP HIT | chat_id=-1002628556472 | msg_id=14182
2026-03-06 18:10:15 | INFO     | bot.monitor          | [monitor] SOURCE GROUP HIT | chat_id=-1002628556472 | msg_id=14184
2026-03-06 18:10:55 | INFO     | bot.monitor          | [monitor] SOURCE GROUP HIT | chat_id=-1001799111985 | msg_id=180026
2026-03-06 18:10:56 | INFO     | bot.monitor          | [monitor] SOURCE GROUP HIT | chat_id=-1001176433500 | msg_id=369366
2026-03-06 18:10:56 | INFO     | bot.monitor          | [monitor] SOURCE GROUP HIT | chat_id=-1001176433500 | msg_id=369367
2026-03-06 18:10:56 | INFO     | bot.monitor          | [monitor] SOURCE GROUP HIT | chat_id=-1001176433500 | msg_id=369368
2026-03-06 18:10:56 | INFO     | bot.monitor          | [monitor] SOURCE GROUP HIT | chat_id=-1001176433500 | msg_id=369369
2026-03-06 18:10:56 | INFO     | bot.monitor          | [monitor] SOURCE GROUP HIT | chat_id=-1001176433500 | msg_id=369370
2026-03-06 18:10:56 | INFO     | bot.monitor          | [monitor] ✅ JOB DETECTED | chat=-1001176433500 | msg=369370 | lang=uzbek | tier=2 | kw=['ish', 'bor']
2026-03-06 18:10:56 | INFO     | bot.monitor          | [monitor] SOURCE GROUP HIT | chat_id=-1001176433500 | msg_id=369371
2026-03-06 18:10:56 | INFO     | bot.monitor          | [monitor] SOURCE GROUP HIT | chat_id=-1001176433500 | msg_id=369372
2026-03-06 18:10:56 | INFO     | bot.monitor          | [monitor] SOURCE GROUP HIT | chat_id=-1001176433500 | msg_id=369373
2026-03-06 18:10:56 | INFO     | bot.monitor          | [monitor] SOURCE GROUP HIT | chat_id=-1001176433500 | msg_id=369374
2026-03-06 18:10:56 | INFO     | bot.monitor          | [monitor] SOURCE GROUP HIT | chat_id=-1001176433500 | msg_id=369375
2026-03-06 18:10:56 | INFO     | bot.monitor          | [monitor] SOURCE GROUP HIT | chat_id=-1001176433500 | msg_id=369376
2026-03-06 18:10:56 | INFO     | bot.monitor          | [monitor] SOURCE GROUP HIT | chat_id=-1001176433500 | msg_id=369377
2026-03-06 18:10:56 | INFO     | bot.monitor          | [monitor] SOURCE GROUP HIT | chat_id=-1001176433500 | msg_id=369378
2026-03-06 18:10:56 | INFO     | bot.monitor          | [monitor] SOURCE GROUP HIT | chat_id=-1001176433500 | msg_id=369379
2026-03-06 18:10:56 | INFO     | bot.monitor          | [monitor] SOURCE GROUP HIT | chat_id=-1001176433500 | msg_id=369380
2026-03-06 18:10:56 | INFO     | bot.monitor          | [monitor] ✅ FORWARDED | chat=-1001176433500 | msg=369370 → target=-1003744320676
2026-03-06 18:10:57 | INFO     | bot.monitor          | [monitor] SOURCE GROUP HIT | chat_id=-1001463257290 | msg_id=273775
2026-03-06 18:13:12 | INFO     | bot.monitor          | [monitor] SOURCE GROUP HIT | chat_id=-1001176433500 | msg_id=369381
2026-03-06 18:13:12 | INFO     | bot.monitor          | [monitor] SOURCE GROUP HIT | chat_id=-1001176433500 | msg_id=369382
2026-03-06 18:13:12 | INFO     | bot.monitor          | [monitor] SOURCE GROUP HIT | chat_id=-1001176433500 | msg_id=369383
2026-03-06 18:13:12 | INFO     | bot.monitor          | [monitor] SOURCE GROUP HIT | chat_id=-1001176433500 | msg_id=369384
2026-03-06 18:13:36 | INFO     | bot.monitor          | [monitor] SOURCE GROUP HIT | chat_id=-1002628556472 | msg_id=14185
2026-03-06 18:13:44 | INFO     | bot.monitor          | [monitor] SOURCE GROUP HIT | chat_id=-1001539128165 | msg_id=171314
2026-03-06 18:13:44 | INFO     | bot.monitor          | [monitor] SOURCE GROUP HIT | chat_id=-1001503748476 | msg_id=78228
2026-03-06 18:13:44 | INFO     | bot.monitor          | [monitor] ✅ JOB DETECTED | chat=-1001503748476 | msg=78228 | lang=russian | tier=1 | kw=['на работу', 'зарплата']
2026-03-06 18:13:44 | INFO     | bot.monitor          | [monitor] ✅ FORWARDED | chat=-1001503748476 | msg=78228 → target=-1003744320676
2026-03-06 18:13:58 | INFO     | bot.monitor          | [monitor] SOURCE GROUP HIT | chat_id=-1001716701670 | msg_id=32514
2026-03-06 18:14:32 | INFO     | bot.monitor          | [monitor] SOURCE GROUP HIT | chat_id=-1001161946122 | msg_id=69956
2026-03-06 18:14:32 | INFO     | bot.monitor          | [monitor] SOURCE GROUP HIT | chat_id=-1001161946122 | msg_id=69957
2026-03-06 18:14:32 | INFO     | bot.monitor          | [monitor] SOURCE GROUP HIT | chat_id=-1001161946122 | msg_id=69958
2026-03-06 18:14:32 | INFO     | bot.monitor          | [monitor] SOURCE GROUP HIT | chat_id=-1001161946122 | msg_id=69959
2026-03-06 18:14:32 | INFO     | bot.monitor          | [monitor] SOURCE GROUP HIT | chat_id=-1001161946122 | msg_id=69960
2026-03-06 18:14:32 | INFO     | bot.monitor          | [monitor] SOURCE GROUP HIT | chat_id=-1001161946122 | msg_id=69961
2026-03-06 18:14:36 | INFO     | bot.monitor          | [monitor] SOURCE GROUP HIT | chat_id=-1001659856299 | msg_id=104403
2026-03-06 18:14:38 | INFO     | bot.monitor          | [monitor] SOURCE GROUP HIT | chat_id=-1001146665528 | msg_id=137069
2026-03-06 18:14:38 | INFO     | bot.monitor          | [monitor] SOURCE GROUP HIT | chat_id=-1001146665528 | msg_id=137070
2026-03-06 18:14:40 | INFO     | bot.monitor          | [monitor] SOURCE GROUP HIT | chat_id=-1001857660612 | msg_id=66939
2026-03-06 18:14:43 | INFO     | bot.monitor          | [monitor] SOURCE GROUP HIT | chat_id=-1001399984082 | msg_id=347750
2026-03-06 18:14:43 | INFO     | bot.monitor          | [monitor] SOURCE GROUP HIT | chat_id=-1001399984082 | msg_id=347751
2026-03-06 18:14:44 | INFO     | bot.monitor          | [monitor] SOURCE GROUP HIT | chat_id=-1001490331350 | msg_id=86050
2026-03-06 18:14:47 | INFO     | bot.monitor          | [monitor] SOURCE GROUP HIT | chat_id=-1001212678634 | msg_id=166440
2026-03-06 18:15:42 | INFO     | bot.monitor          | [monitor] SOURCE GROUP HIT | chat_id=-1002729014093 | msg_id=12552
2026-03-06 18:16:00 | INFO     | bot.monitor          | [monitor] SOURCE GROUP HIT | chat_id=-1002729014093 | msg_id=12553
2026-03-06 18:16:04 | INFO     | bot.monitor          | [monitor] SOURCE GROUP HIT | chat_id=-1002729014093 | msg_id=12554
2026-03-06 18:16:04 | INFO     | bot.monitor          | [monitor] SOURCE GROUP HIT | chat_id=-1002729014093 | msg_id=12555
2026-03-06 18:16:04 | INFO     | bot.monitor          | [monitor] SOURCE GROUP HIT | chat_id=-1002729014093 | msg_id=12556
2026-03-06 18:16:04 | INFO     | bot.monitor          | [monitor] SOURCE GROUP HIT | chat_id=-1002729014093 | msg_id=12557
2026-03-06 18:18:03 | INFO     | bot.monitor          | [monitor] SOURCE GROUP HIT | chat_id=-1001686180833 | msg_id=84929
2026-03-06 18:18:03 | INFO     | bot.monitor          | [monitor] ✅ JOB DETECTED | chat=-1001686180833 | msg=84929 | lang=uzbek | tier=1 | kw=['ish bor']
2026-03-06 18:18:04 | INFO     | bot.monitor          | [monitor] ✅ FORWARDED | chat=-1001686180833 | msg=84929 → target=-1003744320676
2026-03-06 18:19:26 | INFO     | bot.monitor          | [monitor] SOURCE GROUP HIT | chat_id=-1001749857007 | msg_id=43872
2026-03-06 18:19:26 | INFO     | bot.monitor          | [monitor] ✅ JOB DETECTED | chat=-1001749857007 | msg=43872 | lang=russian | tier=2 | kw=['работа', 'завод']
2026-03-06 18:19:27 | INFO     | bot.monitor          | [monitor] ✅ FORWARDED | chat=-1001749857007 | msg=43872 → target=-1003744320676
2026-03-06 18:20:28 | INFO     | bot.monitor          | [monitor] SOURCE GROUP HIT | chat_id=-1002858032342 | msg_id=6204
2026-03-07 10:08:47 | INFO     | main                 | ============================================================
2026-03-07 10:08:47 | INFO     | main                 |   Korea Ish E'lonlari — Starting
2026-03-07 10:08:47 | INFO     | main                 |   Accounts active: 2
2026-03-07 10:08:47 | INFO     | main                 | ============================================================
2026-03-07 10:08:47 | INFO     | bot.database         | [DB] Migrated: added assigned_account column
2026-03-07 10:08:47 | INFO     | bot.database         | [DB] Schema initialised at D:\VS Code\telegram_job_bot\data\job_bot.db
2026-03-07 10:08:47 | INFO     | bot.monitor          | [monitor] Connecting account 1 …
2026-03-07 10:08:49 | INFO     | bot.monitor          | [monitor] Account 1 logged in as: quvonchbek (id=2046196282)
2026-03-07 10:08:49 | INFO     | bot.monitor          | [monitor] Account 1 monitoring 43 group(s)
2026-03-07 10:08:49 | INFO     | bot.monitor          | [monitor] Connecting account 2 …
2026-03-07 10:08:49 | INFO     | bot.monitor          | [monitor] Account 2 logged in as: 무로도프 (id=8513750744)
2026-03-07 10:08:49 | INFO     | bot.monitor          | [monitor] Account 2 monitoring 0 group(s)
2026-03-07 10:08:49 | INFO     | bot.monitor          | [monitor] Target: Korea Ish E'lonlari (-1003744320676)
2026-03-07 10:08:49 | INFO     | bot.monitor          | [monitor] 👂 Listening on 2 account(s) …
2026-03-07 10:08:49 | INFO     | main                 | [main] Starting admin bot and scheduler …
2026-03-07 10:08:49 | INFO     | main                 | [main] ✅ All systems running. Press Ctrl+C to stop.
2026-03-07 10:08:49 | INFO     | bot.database         | [DB] Schema initialised at D:\VS Code\telegram_job_bot\data\job_bot.db
2026-03-07 10:08:50 | INFO     | bot.admin_bot        | [admin_bot] Starting admin bot …
2026-03-07 10:08:50 | INFO     | bot.scheduler        | [scheduler] Daily summary scheduler started (fires at 21:00 KST).
2026-03-07 10:08:50 | INFO     | bot.scheduler        | [scheduler] Next daily summary in 39069 seconds (at 2026-03-07 21:00 KST).
2026-03-07 10:09:09 | WARNING  | bot.admin_bot        | [admin_bot] Cannot resolve '-1002000748619': Cannot find any entity corresponding to "-1002000748619"
2026-03-07 10:09:19 | WARNING  | bot.database         | [DB] Source group already exists: -1001453574665
2026-03-07 10:09:51 | INFO     | bot.monitor          | [monitor/acct1] SOURCE GROUP HIT | chat_id=-1001490331350 | msg_id=86130
2026-03-07 10:09:51 | INFO     | bot.monitor          | [monitor/acct1] SKIPPED (no keywords) | chat_id=-1001490331350 | msg_id=86130 | preview='✈️\xa0 ✈️✈️✈️✈️✈️✈️✈️✈️✈️\n\n✈️\xa0 ✈️✈️✈️✈️✈️✈️✈️✈️✈️\n\n✈️\xa0 ✈️✈️✈️✈️✈️✈️✈️✈️✈️\n\n🇰🇷\xa0 Seul'
2026-03-07 10:10:22 | INFO     | bot.monitor          | [monitor/acct1] SOURCE GROUP HIT | chat_id=-1001749857007 | msg_id=43923
2026-03-07 10:10:22 | INFO     | bot.monitor          | [monitor/acct1] SKIPPED (no keywords) | chat_id=-1001749857007 | msg_id=43923 | preview='✈️\xa0 ✈️✈️✈️✈️✈️✈️✈️✈️✈️\n\n✈️\xa0 ✈️✈️✈️✈️✈️✈️✈️✈️✈️\n\n✈️\xa0 ✈️✈️✈️✈️✈️✈️✈️✈️✈️\n\n🇰🇷\xa0 Seul'
2026-03-07 10:11:22 | WARNING  | bot.database         | [DB] Source group already exists: -1001686180833
2026-03-07 10:11:29 | INFO     | bot.monitor          | [monitor] 🗑️  Deleting service message | user=Mr Beshimov | msg_id=430
2026-03-07 10:11:42 | INFO     | bot.monitor          | [monitor/acct1] SOURCE GROUP HIT | chat_id=-1001511479567 | msg_id=10690
2026-03-07 10:11:42 | INFO     | bot.monitor          | [monitor/acct1] SKIPPED (no keywords) | chat_id=-1001511479567 | msg_id=10690 | preview='Bank wot qberamiz 01082765444'
2026-03-07 10:12:16 | INFO     | main                 | ============================================================
2026-03-07 10:12:16 | INFO     | main                 |   Korea Ish E'lonlari — Starting
2026-03-07 10:12:16 | INFO     | main                 |   Accounts active: 2
2026-03-07 10:12:16 | INFO     | main                 | ============================================================
2026-03-07 10:12:16 | INFO     | bot.database         | [DB] Schema initialised at D:\VS Code\telegram_job_bot\data\job_bot.db
2026-03-07 10:12:16 | INFO     | bot.monitor          | [monitor] Connecting account 1 …
2026-03-07 10:12:18 | INFO     | bot.monitor          | [monitor] Account 1 logged in as: quvonchbek (id=2046196282)
2026-03-07 10:12:18 | INFO     | bot.monitor          | [monitor] Account 1 monitoring 43 group(s)
2026-03-07 10:12:18 | INFO     | bot.monitor          | [monitor] Connecting account 2 …
2026-03-07 10:12:19 | INFO     | bot.monitor          | [monitor] Account 2 logged in as: 무로도프 (id=8513750744)
2026-03-07 10:12:19 | INFO     | bot.monitor          | [monitor] Account 2 monitoring 0 group(s)
2026-03-07 10:12:19 | INFO     | bot.monitor          | [monitor] Target: Korea Ish E'lonlari (-1003744320676)
2026-03-07 10:12:19 | INFO     | bot.monitor          | [monitor] 👂 Listening on 2 account(s) …
2026-03-07 10:12:19 | INFO     | main                 | [main] Starting admin bot and scheduler …
2026-03-07 10:12:19 | INFO     | main                 | [main] ✅ All systems running. Press Ctrl+C to stop.
2026-03-07 10:12:19 | INFO     | bot.database         | [DB] Schema initialised at D:\VS Code\telegram_job_bot\data\job_bot.db
2026-03-07 10:12:19 | INFO     | bot.admin_bot        | [admin_bot] Starting admin bot …
2026-03-07 10:12:19 | INFO     | bot.scheduler        | [scheduler] Daily summary scheduler started (fires at 21:00 KST).
2026-03-07 10:12:19 | INFO     | bot.scheduler        | [scheduler] Next daily summary in 38861 seconds (at 2026-03-07 21:00 KST).
2026-03-07 10:12:30 | INFO     | bot.monitor          | [monitor/acct1] SOURCE GROUP HIT | chat_id=-1002603723162 | msg_id=21768
2026-03-07 10:12:30 | INFO     | bot.monitor          | [monitor/acct1] SKIPPED (no keywords) | chat_id=-1002603723162 | msg_id=21768 | preview='Готов купить USDT (TRC20). сделка сегодня. выгодно и честно.'
2026-03-07 10:12:51 | INFO     | bot.database         | [DB] Source group added: 광주광역시 | Katta Gwangju (1686180833) → account 2
2026-03-07 10:13:14 | WARNING  | bot.database         | [DB] Source group already exists: 1686180833
2026-03-07 10:14:13 | INFO     | bot.monitor          | [monitor] 🗑️  Deleting service message | user=(Orzular orzuligicha qolmaydi yurak urib tursa bas) .🇰🇷🇰🇷🇰🇷🇰🇷 | msg_id=431
2026-03-07 10:15:17 | INFO     | bot.monitor          | [monitor/acct1] SOURCE GROUP HIT | chat_id=-1001212678634 | msg_id=166625
2026-03-07 10:15:17 | INFO     | bot.monitor          | [monitor/acct1] SKIPPED (no keywords) | chat_id=-1001212678634 | msg_id=166625 | preview='Assaloma alekum akala inchonda mashinali akala bormi'
2026-03-07 10:15:17 | INFO     | bot.monitor          | [monitor/acct1] SOURCE GROUP HIT | chat_id=-1001239333237 | msg_id=189052
2026-03-07 10:15:17 | INFO     | bot.monitor          | [monitor/acct1] SKIPPED (no keywords) | chat_id=-1001239333237 | msg_id=189052 | preview='Bank wot qberamiz 01082765444'
2026-03-07 10:15:17 | INFO     | bot.monitor          | [monitor/acct1] SOURCE GROUP HIT | chat_id=-1001176433500 | msg_id=369566
2026-03-07 10:15:17 | INFO     | bot.monitor          | [monitor/acct1] SKIPPED (no keywords) | chat_id=-1001176433500 | msg_id=369566 | preview='Kavsar oshxona togrisidagi  avia kargo nomeri kmda bolsa aytib yuborila'
2026-03-07 10:16:10 | ERROR    | aiogram.dispatcher   | Failed to fetch updates - TelegramConflictError: Telegram server says - Conflict: terminated by other getUpdates request; make sure that only one bot instance is running
2026-03-07 10:16:10 | WARNING  | aiogram.dispatcher   | Sleep for 1.000000 seconds and try again... (tryings = 0, bot id = 8536661835)
2026-03-07 10:16:15 | ERROR    | aiogram.dispatcher   | Failed to fetch updates - TelegramConflictError: Telegram server says - Conflict: terminated by other getUpdates request; make sure that only one bot instance is running
2026-03-07 10:16:15 | WARNING  | aiogram.dispatcher   | Sleep for 1.226932 seconds and try again... (tryings = 1, bot id = 8536661835)
2026-03-07 10:16:21 | ERROR    | aiogram.dispatcher   | Failed to fetch updates - TelegramConflictError: Telegram server says - Conflict: terminated by other getUpdates request; make sure that only one bot instance is running
2026-03-07 10:16:21 | WARNING  | aiogram.dispatcher   | Sleep for 1.484705 seconds and try again... (tryings = 2, bot id = 8536661835)
2026-03-07 10:16:28 | ERROR    | aiogram.dispatcher   | Failed to fetch updates - TelegramConflictError: Telegram server says - Conflict: terminated by other getUpdates request; make sure that only one bot instance is running
2026-03-07 10:16:28 | WARNING  | aiogram.dispatcher   | Sleep for 2.063342 seconds and try again... (tryings = 3, bot id = 8536661835)
2026-03-07 10:16:35 | ERROR    | aiogram.dispatcher   | Failed to fetch updates - TelegramConflictError: Telegram server says - Conflict: terminated by other getUpdates request; make sure that only one bot instance is running
2026-03-07 10:16:35 | WARNING  | aiogram.dispatcher   | Sleep for 2.536280 seconds and try again... (tryings = 4, bot id = 8536661835)
2026-03-07 10:16:44 | ERROR    | aiogram.dispatcher   | Failed to fetch updates - TelegramConflictError: Telegram server says - Conflict: terminated by other getUpdates request; make sure that only one bot instance is running
2026-03-07 10:16:44 | WARNING  | aiogram.dispatcher   | Sleep for 3.349723 seconds and try again... (tryings = 5, bot id = 8536661835)
2026-03-07 10:16:52 | ERROR    | aiogram.dispatcher   | Failed to fetch updates - TelegramConflictError: Telegram server says - Conflict: terminated by other getUpdates request; make sure that only one bot instance is running
2026-03-07 10:16:52 | WARNING  | aiogram.dispatcher   | Sleep for 4.164553 seconds and try again... (tryings = 6, bot id = 8536661835)
2026-03-07 10:17:00 | ERROR    | aiogram.dispatcher   | Failed to fetch updates - TelegramConflictError: Telegram server says - Conflict: terminated by other getUpdates request; make sure that only one bot instance is running
2026-03-07 10:17:00 | WARNING  | aiogram.dispatcher   | Sleep for 5.104076 seconds and try again... (tryings = 7, bot id = 8536661835)
2026-03-07 10:17:10 | ERROR    | aiogram.dispatcher   | Failed to fetch updates - TelegramConflictError: Telegram server says - Conflict: terminated by other getUpdates request; make sure that only one bot instance is running
2026-03-07 10:17:10 | WARNING  | aiogram.dispatcher   | Sleep for 4.920951 seconds and try again... (tryings = 8, bot id = 8536661835)
2026-03-07 10:17:19 | ERROR    | aiogram.dispatcher   | Failed to fetch updates - TelegramConflictError: Telegram server says - Conflict: terminated by other getUpdates request; make sure that only one bot instance is running
2026-03-07 10:17:19 | WARNING  | aiogram.dispatcher   | Sleep for 4.945562 seconds and try again... (tryings = 9, bot id = 8536661835)
2026-03-07 10:17:29 | ERROR    | aiogram.dispatcher   | Failed to fetch updates - TelegramConflictError: Telegram server says - Conflict: terminated by other getUpdates request; make sure that only one bot instance is running
2026-03-07 10:17:29 | WARNING  | aiogram.dispatcher   | Sleep for 5.206950 seconds and try again... (tryings = 10, bot id = 8536661835)
2026-03-07 10:17:40 | ERROR    | aiogram.dispatcher   | Failed to fetch updates - TelegramConflictError: Telegram server says - Conflict: terminated by other getUpdates request; make sure that only one bot instance is running
2026-03-07 10:17:40 | WARNING  | aiogram.dispatcher   | Sleep for 4.914791 seconds and try again... (tryings = 11, bot id = 8536661835)
2026-03-07 10:17:48 | ERROR    | aiogram.dispatcher   | Failed to fetch updates - TelegramConflictError: Telegram server says - Conflict: terminated by other getUpdates request; make sure that only one bot instance is running
2026-03-07 10:17:48 | WARNING  | aiogram.dispatcher   | Sleep for 4.792429 seconds and try again... (tryings = 12, bot id = 8536661835)
2026-03-07 10:17:57 | ERROR    | aiogram.dispatcher   | Failed to fetch updates - TelegramConflictError: Telegram server says - Conflict: terminated by other getUpdates request; make sure that only one bot instance is running
2026-03-07 10:17:57 | WARNING  | aiogram.dispatcher   | Sleep for 5.003689 seconds and try again... (tryings = 13, bot id = 8536661835)
2026-03-07 10:18:08 | ERROR    | aiogram.dispatcher   | Failed to fetch updates - TelegramConflictError: Telegram server says - Conflict: terminated by other getUpdates request; make sure that only one bot instance is running
2026-03-07 10:18:08 | WARNING  | aiogram.dispatcher   | Sleep for 5.007397 seconds and try again... (tryings = 14, bot id = 8536661835)
2026-03-07 10:18:18 | ERROR    | aiogram.dispatcher   | Failed to fetch updates - TelegramConflictError: Telegram server says - Conflict: terminated by other getUpdates request; make sure that only one bot instance is running
2026-03-07 10:18:18 | WARNING  | aiogram.dispatcher   | Sleep for 4.851111 seconds and try again... (tryings = 15, bot id = 8536661835)
2026-03-08 15:56:29 | INFO     | main                 | ============================================================
2026-03-08 15:56:29 | INFO     | main                 |   Korea Ish E'lonlari — Starting
2026-03-08 15:56:29 | INFO     | main                 |   Accounts active: 2
2026-03-08 15:56:29 | INFO     | main                 | ============================================================
2026-03-08 15:56:29 | INFO     | bot.database         | [DB] Schema initialised at D:\VS Code\telegram_job_bot\data\job_bot.db
2026-03-08 15:56:29 | INFO     | bot.monitor          | [monitor] Connecting account 1 …
2026-03-08 15:56:31 | INFO     | bot.monitor          | [monitor] Account 1 logged in as: quvonchbek (id=2046196282)
2026-03-08 15:56:31 | INFO     | bot.monitor          | [monitor] Account 1 monitoring 43 group(s)
2026-03-08 15:56:31 | INFO     | bot.monitor          | [monitor] Connecting account 2 …
2026-03-08 15:56:31 | INFO     | bot.monitor          | [monitor] Account 2 logged in as: 무로도프 (id=8513750744)
2026-03-08 15:56:31 | INFO     | bot.monitor          | [monitor] Account 2 monitoring 0 group(s)
2026-03-08 15:56:31 | INFO     | bot.monitor          | [monitor] Target: Korea Ish E'lonlari (-1003744320676)
2026-03-08 15:56:31 | INFO     | bot.monitor          | [monitor] 👂 Listening on 2 account(s) …
2026-03-08 15:56:31 | INFO     | main                 | [main] Starting admin bot and scheduler …
2026-03-08 15:56:31 | INFO     | main                 | [main] ✅ All systems running. Press Ctrl+C to stop.
2026-03-08 15:56:31 | INFO     | bot.database         | [DB] Schema initialised at D:\VS Code\telegram_job_bot\data\job_bot.db
2026-03-08 15:56:32 | INFO     | bot.admin_bot        | [admin_bot] Starting admin bot …
2026-03-08 15:56:32 | INFO     | bot.scheduler        | [scheduler] Daily summary scheduler started (fires at 21:00 KST).
2026-03-08 15:56:32 | INFO     | bot.scheduler        | [scheduler] Next daily summary in 18208 seconds (at 2026-03-08 21:00 KST).
2026-03-08 15:56:57 | INFO     | bot.database         | [DB] Source group removed: -1002179593933
2026-03-08 15:57:33 | INFO     | bot.monitor          | [monitor/acct1] SOURCE GROUP HIT | chat_id=-1002729014093 | msg_id=12726
2026-03-08 15:57:33 | INFO     | bot.monitor          | [monitor/acct1] SKIPPED (no keywords) | chat_id=-1002729014093 | msg_id=12726 | preview='Tik tok.lite ochmaganlar bòlsa 60 won Beraman'
2026-03-08 15:57:49 | INFO     | bot.monitor          | [monitor/acct1] SOURCE GROUP HIT | chat_id=-1002466260830 | msg_id=2413
2026-03-08 15:57:49 | INFO     | bot.monitor          | [monitor/acct1] SKIPPED (no keywords) | chat_id=-1002466260830 | msg_id=2413 | preview='Soat 17:00 gacha keloledigon 1 kishiga joy bor ❗️❗️❗️'
2026-03-08 15:58:02 | INFO     | bot.monitor          | [monitor/acct1] SOURCE GROUP HIT | chat_id=-1001754360080 | msg_id=23756
2026-03-08 15:58:02 | INFO     | bot.monitor          | [monitor/acct1] SKIPPED (no keywords) | chat_id=-1001754360080 | msg_id=23756 | preview='Tik tok.lite ochmaganlar bòlsa 60 won Beraman'
2026-03-08 15:59:10 | INFO     | bot.monitor          | [monitor/acct1] SOURCE GROUP HIT | chat_id=-1001239333237 | msg_id=189134
2026-03-08 15:59:10 | INFO     | bot.monitor          | [monitor/acct1] SKIPPED (no keywords) | chat_id=-1001239333237 | msg_id=189134 | preview="Bank shchot hizmatlari bor \nMurojat uchun \n01051537755\n경상남도 hududi bo'yicha \nChe"
2026-03-08 15:59:14 | INFO     | bot.database         | [DB] Source group removed: -5173314852
2026-03-08 15:59:58 | INFO     | bot.monitor          | [monitor/acct1] SOURCE GROUP HIT | chat_id=-1002628556472 | msg_id=14287
2026-03-08 15:59:58 | INFO     | bot.monitor          | [monitor/acct1] SKIPPED (no keywords) | chat_id=-1002628556472 | msg_id=14287 | preview='Tik tok.lite ochmaganlar bòlsa 60 won Beraman'
2026-03-08 16:00:21 | INFO     | bot.monitor          | [monitor] 🗑️  Deleting service message | user=🪐 | msg_id=918
2026-03-08 16:00:28 | INFO     | bot.monitor          | [monitor/acct1] SOURCE GROUP HIT | chat_id=-1001511479567 | msg_id=10769
2026-03-08 16:00:28 | INFO     | bot.monitor          | [monitor/acct1] SKIPPED (no keywords) | chat_id=-1001511479567 | msg_id=10769 | preview='Aboy yopish turishni biladigan 1ta bola lichkaga yossin'
2026-03-08 16:00:36 | INFO     | bot.database         | [DB] Source group added: CHONAN ASAN UZBEKLAR ISH VA FAOLIYAT UCHUN (-1002179593933) → account 1
2026-03-08 16:00:56 | INFO     | bot.database         | [DB] Source group added: Seongnam ish elon (-1002525696680) → account 1
2026-03-08 16:01:11 | INFO     | bot.database         | [DB] Source group added: SONGHWANDA ISH BOR (-1001617766928) → account 1
2026-03-08 16:01:26 | WARNING  | bot.database         | [DB] Source group already exists: -1001617766928
2026-03-08 16:01:43 | INFO     | bot.database         | [DB] Source group added: Tegu Kyongsan Zavod 📦 Arbayt gruppa (-1001742386027) → account 1
2026-03-08 16:02:01 | INFO     | bot.database         | [DB] Source group added: Kimpodagi uzbeklar (-1002044373140) → account 1
2026-03-08 16:02:14 | INFO     | bot.database         | [DB] Source group added: Ansongda_ish guruhi🗡 (-1001937821109) → account 1
2026-03-08 16:02:25 | INFO     | bot.database         | [DB] Source group added: Ansanda ish🇰🇷🇺🇿 (-1001507058507) → account 1
2026-03-08 16:02:43 | INFO     | bot.monitor          | [monitor/acct1] SOURCE GROUP HIT | chat_id=-1001470356319 | msg_id=115731
2026-03-08 16:02:43 | INFO     | bot.monitor          | [monitor/acct1] ✅ JOB DETECTED | chat=-1001470356319 | msg=115731 | lang=uzbek | kw=['ish bor', 'f4', 'f5']
2026-03-08 16:02:44 | INFO     | bot.monitor          | [monitor/acct1] ✅ FORWARDED | chat=-1001470356319 | msg=115731 → target=-1003744320676
2026-03-08 16:02:45 | WARNING  | bot.database         | [DB] Source group already exists: -1002044373140
2026-03-08 16:02:48 | INFO     | bot.monitor          | [monitor/acct1] SOURCE GROUP HIT | chat_id=-1002603723162 | msg_id=21915
2026-03-08 16:02:48 | INFO     | bot.monitor          | [monitor/acct1] ✅ JOB DETECTED | chat=-1002603723162 | msg=21915 | lang=uzbek | kw=['ish bor', 'f4', 'f5']
2026-03-08 16:02:50 | INFO     | bot.monitor          | [monitor/acct1] ✅ FORWARDED | chat=-1002603723162 | msg=21915 → target=-1003744320676
2026-03-08 16:03:04 | WARNING  | bot.database         | [DB] Source group already exists: -1001239333237
2026-03-08 16:03:26 | WARNING  | bot.database         | [DB] Source group already exists: -1001686180833
2026-03-08 16:03:37 | INFO     | bot.monitor          | [monitor/acct1] SOURCE GROUP HIT | chat_id=-1002729014093 | msg_id=12727
2026-03-08 16:03:37 | INFO     | bot.monitor          | [monitor/acct1] SKIPPED (no keywords) | chat_id=-1002729014093 | msg_id=12727 | preview='Ansanga yaqin joyga bankshot kerak 8 milyon 2 kishimiz payshanba kuni kerak'
2026-03-08 16:03:45 | WARNING  | bot.database         | [DB] Source group already exists: -1001799111985
2026-03-08 16:04:06 | WARNING  | bot.database         | [DB] Source group already exists: -1001742386027
2026-03-08 16:04:21 | INFO     | bot.database         | [DB] Source group added: Work in Daegu (-1001381770202) → account 1
2026-03-08 16:04:37 | WARNING  | bot.database         | [DB] Source group already exists: -1002165832122
2026-03-08 16:04:50 | WARNING  | bot.database         | [DB] Source group already exists: -1001617766928
2026-03-08 16:05:06 | WARNING  | bot.database         | [DB] Source group already exists: -1001490331350
2026-03-08 16:05:19 | WARNING  | bot.database         | [DB] Source group already exists: -1001161946122
2026-03-08 16:05:36 | WARNING  | bot.database         | [DB] Source group already exists: -1001937821109
2026-03-08 16:05:51 | WARNING  | bot.database         | [DB] Source group already exists: -1001716701670
2026-03-08 16:06:25 | INFO     | bot.database         | [DB] Source group added: WORKING KOREA 🇺🇿🇰🇷 (-1002177489901) → account 1
2026-03-08 16:06:42 | INFO     | bot.monitor          | [monitor/acct1] SOURCE GROUP HIT | chat_id=-1001399984082 | msg_id=348376
2026-03-08 16:06:42 | INFO     | bot.monitor          | [monitor/acct1] SKIPPED (no keywords) | chat_id=-1001399984082 | msg_id=348376 | preview="Assalomu alaykum. Bugun kechga futbol yo'qmi 2ta odam bor o'ynaydigan. Futbol bo"
2026-03-08 16:06:42 | INFO     | bot.monitor          | [monitor/acct1] SOURCE GROUP HIT | chat_id=-1001399984082 | msg_id=348377
2026-03-08 16:06:42 | INFO     | bot.monitor          | [monitor/acct1] SKIPPED (no keywords) | chat_id=-1001399984082 | msg_id=348377 | preview='8 Martga tabiy gullar bor chiroyli qilib terib beramiz'
2026-03-08 16:06:42 | INFO     | bot.monitor          | [monitor/acct1] SOURCE GROUP HIT | chat_id=-1001399984082 | msg_id=348378
2026-03-08 16:06:42 | INFO     | bot.monitor          | [monitor/acct1] SKIPPED (no keywords) | chat_id=-1001399984082 | msg_id=348378 | preview='💇🏻\u200d♂️:SARTAROSH XIZMATI \n.\n🌏:대소\n.\n📲:010-2130-1125'
2026-03-08 16:06:43 | INFO     | bot.monitor          | [monitor/acct1] SOURCE GROUP HIT | chat_id=-1001176433500 | msg_id=369974
2026-03-08 16:06:43 | INFO     | bot.monitor          | [monitor/acct1] SKIPPED (no keywords) | chat_id=-1001176433500 | msg_id=369974 | preview='Akalar uyma uy karslar aylanib yuribdimi qandedur ibodatxonadan keldm bir baloni'
2026-03-08 16:06:43 | INFO     | bot.monitor          | [monitor/acct1] SOURCE GROUP HIT | chat_id=-1001176433500 | msg_id=369975
2026-03-08 16:06:43 | INFO     | bot.monitor          | [monitor/acct1] SKIPPED (no keywords) | chat_id=-1001176433500 | msg_id=369975 | preview='🌙 **Ramazon muborak!\nRo‘za tutayotganlarga Allohning rahmati va ajri nasib bo‘ls'
2026-03-08 16:06:43 | INFO     | bot.monitor          | [monitor/acct1] SOURCE GROUP HIT | chat_id=-1001176433500 | msg_id=369976
2026-03-08 16:06:43 | INFO     | bot.monitor          | [monitor/acct1] SKIPPED (no keywords) | chat_id=-1001176433500 | msg_id=369976 | preview='Ular cherkovlardan kelishadi. Men muslimman desangiz hop deb qaytib ketishadi.'
2026-03-08 16:06:43 | INFO     | bot.monitor          | [monitor/acct1] SOURCE GROUP HIT | chat_id=-1001176433500 | msg_id=369977
2026-03-08 16:06:43 | INFO     | bot.monitor          | [monitor/acct1] SKIPPED (no keywords) | chat_id=-1001176433500 | msg_id=369977 | preview='Xa shuna dodi ketti qaytib'
2026-03-08 16:06:57 | INFO     | bot.database         | [DB] Source group added: KOREYA ISH VA MASHINA BOR, || KOREYADAGI BARCHA VIZALAR BO‘YICHA ISH VA MASHINA QIDIRISH VA XIZMATLAR (-1001669088198) → account 1
2026-03-08 16:07:19 | WARNING  | bot.database         | [DB] Source group already exists: -1002442704231
2026-03-08 16:07:51 | INFO     | bot.database         | [DB] Source group added: 알바 Work (Chonan / 전안) (-1003290368565) → account 1
2026-03-08 16:08:56 | INFO     | bot.database         | [DB] Source group added: Muhammad Amin (-1001572346091) → account 1
2026-03-08 16:09:21 | INFO     | bot.monitor          | [monitor/acct1] SOURCE GROUP HIT | chat_id=-1002628556472 | msg_id=14288
2026-03-08 16:09:21 | INFO     | bot.monitor          | [monitor/acct1] SKIPPED (no keywords) | chat_id=-1002628556472 | msg_id=14288 | preview='Mokpodan seoulga pushta bor edi akalar'
2026-03-08 16:10:02 | INFO     | bot.monitor          | [monitor/acct1] SOURCE GROUP HIT | chat_id=-1001659856299 | msg_id=104591
2026-03-08 16:10:02 | INFO     | bot.monitor          | [monitor/acct1] SKIPPED (no keywords) | chat_id=-1001659856299 | msg_id=104591 | preview='Ansanga yaqin joyga bankshot kerak 8 milyon 2 kishimiz payshanba kuni kerak'
2026-03-08 16:10:11 | WARNING  | bot.database         | [DB] Source group already exists: -1001659856299
2026-03-08 16:10:22 | INFO     | bot.database         | [DB] Source group added: Koreya ishlar🇰🇷 (-1002043977934) → account 1
2026-03-08 16:11:28 | INFO     | bot.monitor          | [monitor/acct1] SOURCE GROUP HIT | chat_id=-1001659856299 | msg_id=104592
2026-03-08 16:11:28 | INFO     | bot.monitor          | [monitor/acct1] SKIPPED (no keywords) | chat_id=-1001659856299 | msg_id=104592 | preview='✈️ **ENG ARZON AVIA BILETLAR!** ✈️\n\n🌏 **Yo‘nalishlar:**\nToshkent ↔️ Incheon\nPusa'
2026-03-08 16:12:13 | INFO     | bot.monitor          | [monitor/acct1] SOURCE GROUP HIT | chat_id=-1001304686518 | msg_id=124814
2026-03-08 16:12:13 | INFO     | bot.monitor          | [monitor/acct1] SKIPPED (no keywords) | chat_id=-1001304686518 | msg_id=124814 | preview='Akalar daejonda katta arzon produkta giver gipermarket bormi tawab berilar'
2026-03-08 16:14:07 | INFO     | bot.monitor          | [monitor/acct1] SOURCE GROUP HIT | chat_id=-1001176433500 | msg_id=369978
2026-03-08 16:14:07 | INFO     | bot.monitor          | [monitor/acct1] SKIPPED (no keywords) | chat_id=-1001176433500 | msg_id=369978 | preview='Assalomu alaykum \nErtaga ertalab saharlikdan keyin Kyongsandan Seul Goyang tomon'
2026-03-08 16:14:07 | INFO     | bot.monitor          | [monitor/acct1] SOURCE GROUP HIT | chat_id=-1001176433500 | msg_id=369979
2026-03-08 16:14:07 | INFO     | bot.monitor          | [monitor/acct1] SKIPPED (no keywords) | chat_id=-1001176433500 | msg_id=369979 | preview='In Sha Alloh  14-mart kuni Daegu Kyongsandan Uzb Jizzaxga uchaman. Yuk boʻlsa ol'
2026-03-08 16:14:07 | INFO     | bot.monitor          | [monitor/acct1] SOURCE GROUP HIT | chat_id=-1001176433500 | msg_id=369980
2026-03-08 16:14:07 | INFO     | bot.monitor          | [monitor/acct1] SKIPPED (no keywords) | chat_id=-1001176433500 | msg_id=369980 | preview='Assalomu alaykum \nMashinasi bor odamga xizmat bor edi. 25kmga borib kelish kerak'
2026-03-08 16:14:07 | INFO     | bot.monitor          | [monitor/acct1] SOURCE GROUP HIT | chat_id=-1001176433500 | msg_id=369981
2026-03-08 16:14:07 | INFO     | bot.monitor          | [monitor/acct1] SKIPPED (no keywords) | chat_id=-1001176433500 | msg_id=369981 | preview='Инчондан тэгуга кетодгон мошина борми?'
2026-03-08 16:14:07 | INFO     | bot.monitor          | [monitor/acct1] SOURCE GROUP HIT | chat_id=-1001470356319 | msg_id=115732
2026-03-08 16:14:07 | INFO     | bot.monitor          | [monitor/acct1] SKIPPED (no keywords) | chat_id=-1001470356319 | msg_id=115732 | preview='D2 olmaydimi'
2026-03-08 16:14:07 | INFO     | bot.monitor          | [monitor/acct1] SOURCE GROUP HIT | chat_id=-1001470356319 | msg_id=115733
2026-03-08 16:14:07 | INFO     | bot.monitor          | [monitor/acct1] SKIPPED (no keywords) | chat_id=-1001470356319 | msg_id=115733 | preview='узур омиди'
2026-03-08 16:15:28 | INFO     | bot.monitor          | [monitor/acct1] SOURCE GROUP HIT | chat_id=-1001399984082 | msg_id=348379
2026-03-08 16:15:28 | INFO     | bot.monitor          | [monitor/acct1] ✅ JOB DETECTED | chat=-1001399984082 | msg=348379 | lang=uzbek | kw=['иш бор']
2026-03-08 16:15:28 | INFO     | bot.monitor          | [monitor/acct1] ✅ FORWARDED | chat=-1001399984082 | msg=348379 → target=-1003744320676
2026-03-08 16:15:59 | INFO     | bot.monitor          | [monitor/acct1] SOURCE GROUP HIT | chat_id=-1001399984082 | msg_id=348380
2026-03-08 16:15:59 | INFO     | bot.monitor          | [monitor/acct1] SKIPPED (no keywords) | chat_id=-1001399984082 | msg_id=348380 | preview='Ассалому алейкум \nдоллар бор вон керак\nтесода булса куришиб майдалаб оламиз\n500$'
2026-03-08 16:17:00 | INFO     | bot.monitor          | [monitor/acct1] SOURCE GROUP HIT | chat_id=-1002044373140 | msg_id=13913
2026-03-08 16:17:00 | ERROR    | telethon.client.updates | Unhandled exception on _on_new_message
Traceback (most recent call last):
  File "C:\Users\user\AppData\Local\Programs\Python\Python312\Lib\site-packages\telethon\client\updates.py", line 570, in _dispatch_update
    await callback(event)
  File "D:\VS Code\telegram_job_bot\bot\monitor.py", line 92, in _on_new_message
    text = message.text or message.caption or message.raw_text or ""
                           ^^^^^^^^^^^^^^^
AttributeError: 'Message' object has no attribute 'caption'. Did you mean: 'action'?
2026-03-08 16:17:01 | INFO     | bot.monitor          | [monitor/acct1] SOURCE GROUP HIT | chat_id=-1002044373140 | msg_id=13914
2026-03-08 16:17:01 | ERROR    | telethon.client.updates | Unhandled exception on _on_new_message
Traceback (most recent call last):
  File "C:\Users\user\AppData\Local\Programs\Python\Python312\Lib\site-packages\telethon\client\updates.py", line 570, in _dispatch_update
    await callback(event)
  File "D:\VS Code\telegram_job_bot\bot\monitor.py", line 92, in _on_new_message
    text = message.text or message.caption or message.raw_text or ""
                           ^^^^^^^^^^^^^^^
AttributeError: 'Message' object has no attribute 'caption'. Did you mean: 'action'?
2026-03-08 16:17:01 | INFO     | bot.monitor          | [monitor/acct1] SOURCE GROUP HIT | chat_id=-1002044373140 | msg_id=13915
2026-03-08 16:17:01 | INFO     | bot.monitor          | [monitor/acct1] SKIPPED (no keywords) | chat_id=-1002044373140 | msg_id=13915 | preview='Qolgan baholash tizimini bilmoqchi bolsangiz qo\'ng\'iroq qiling yoki kanalga a"zo'
2026-03-08 16:17:54 | INFO     | bot.monitor          | [monitor/acct1] SOURCE GROUP HIT | chat_id=-1001799111985 | msg_id=180279
2026-03-08 16:17:54 | INFO     | bot.monitor          | [monitor/acct1] SKIPPED (no keywords) | chat_id=-1001799111985 | msg_id=180279 | preview='💇🏻\u200d♂️:SARTAROSH XIZMATI \n.\n🌏:대소\n.\n📲:010-2130-1125'
2026-03-08 16:17:54 | INFO     | bot.monitor          | [monitor/acct1] SOURCE GROUP HIT | chat_id=-1001799111985 | msg_id=180280
2026-03-08 16:17:54 | INFO     | bot.monitor          | [monitor/acct1] SKIPPED (no keywords) | chat_id=-1001799111985 | msg_id=180280 | preview='Ассалому алейкум \nдоллар бор вон керак\nтесода булса куришиб майдалаб оламиз\n500$'
2026-03-08 16:17:58 | INFO     | bot.monitor          | [monitor/acct1] SOURCE GROUP HIT | chat_id=-1001671731305 | msg_id=79934
2026-03-08 16:17:58 | INFO     | bot.monitor          | [monitor/acct1] SKIPPED (no keywords) | chat_id=-1001671731305 | msg_id=79934 | preview='Boʻlmayabdiyu umuman'
2026-03-08 16:17:58 | INFO     | bot.monitor          | [monitor/acct1] SOURCE GROUP HIT | chat_id=-1001671731305 | msg_id=79935
2026-03-08 16:17:58 | INFO     | bot.monitor          | [monitor/acct1] SKIPPED (no keywords) | chat_id=-1001671731305 | msg_id=79935 | preview='Sheindan bekorga brend kiyim  zakaz qilish orgatib qoyaman\nKirish bilanoq 74 min'
2026-03-08 16:18:03 | INFO     | bot.monitor          | [monitor/acct1] SOURCE GROUP HIT | chat_id=-1001857660612 | msg_id=67095
2026-03-08 16:18:03 | INFO     | bot.monitor          | [monitor/acct1] SKIPPED (no keywords) | chat_id=-1001857660612 | msg_id=67095 | preview='Mokpodan seoulga pushta bor edi akalar'
2026-03-08 16:18:08 | INFO     | bot.monitor          | [monitor/acct1] SOURCE GROUP HIT | chat_id=-1001212678634 | msg_id=167063
2026-03-08 16:18:08 | INFO     | bot.monitor          | [monitor/acct1] SKIPPED (no keywords) | chat_id=-1001212678634 | msg_id=167063 | preview='Обменяю **наличные корейские воны (WON) на USDT**.\nФормат сделки — **личная встр'
2026-03-08 16:18:16 | INFO     | bot.monitor          | [monitor/acct1] SOURCE GROUP HIT | chat_id=-1001749857007 | msg_id=44042
2026-03-08 16:18:16 | INFO     | bot.monitor          | [monitor/acct1] SKIPPED (no keywords) | chat_id=-1001749857007 | msg_id=44042 | preview='Берем в аренду банковские счета💭\nЛюбые банки кроме(Hanpass,ibk)\nОплата еженедель'
2026-03-08 16:18:18 | INFO     | bot.monitor          | [monitor/acct1] SOURCE GROUP HIT | chat_id=-1001205456019 | msg_id=65644
2026-03-08 16:18:18 | INFO     | bot.monitor          | [monitor/acct1] SKIPPED (no keywords) | chat_id=-1001205456019 | msg_id=65644 | preview='🔴Assalam alaikum wa rohmatullohi wa barokatuh\n\nBir Misrlik akada jigar cancer (r'
2026-03-08 16:18:45 | INFO     | bot.monitor          | [monitor/acct1] SOURCE GROUP HIT | chat_id=-1001212678634 | msg_id=167066
2026-03-08 16:18:45 | INFO     | bot.monitor          | [monitor/acct1] SKIPPED (no keywords) | chat_id=-1001212678634 | msg_id=167066 | preview='Берем в аренду банковские счета💭\nЛюбые банки кроме(Hanpass,ibk)\nОплата еженедель'
2026-03-08 16:20:38 | INFO     | bot.monitor          | [monitor/acct1] SOURCE GROUP HIT | chat_id=-1001749857007 | msg_id=44043
2026-03-08 16:20:38 | INFO     | bot.monitor          | [monitor/acct1] ✅ JOB DETECTED | chat=-1001749857007 | msg=44043 | lang=uzbek | kw=['f2', 'f4']
2026-03-08 16:20:39 | INFO     | bot.monitor          | [monitor/acct1] ✅ FORWARDED | chat=-1001749857007 | msg=44043 → target=-1003744320676
2026-03-08 16:21:08 | ERROR    | aiogram.dispatcher   | Failed to fetch updates - TelegramConflictError: Telegram server says - Conflict: terminated by other getUpdates request; make sure that only one bot instance is running
2026-03-08 16:21:08 | WARNING  | aiogram.dispatcher   | Sleep for 1.000000 seconds and try again... (tryings = 0, bot id = 8536661835)
2026-03-08 16:21:14 | ERROR    | aiogram.dispatcher   | Failed to fetch updates - TelegramConflictError: Telegram server says - Conflict: terminated by other getUpdates request; make sure that only one bot instance is running
2026-03-08 16:21:14 | WARNING  | aiogram.dispatcher   | Sleep for 1.332522 seconds and try again... (tryings = 1, bot id = 8536661835)
2026-03-08 16:21:19 | ERROR    | aiogram.dispatcher   | Failed to fetch updates - TelegramConflictError: Telegram server says - Conflict: terminated by other getUpdates request; make sure that only one bot instance is running
2026-03-08 16:21:19 | WARNING  | aiogram.dispatcher   | Sleep for 1.777672 seconds and try again... (tryings = 2, bot id = 8536661835)
2026-03-08 16:21:26 | ERROR    | aiogram.dispatcher   | Failed to fetch updates - TelegramConflictError: Telegram server says - Conflict: terminated by other getUpdates request; make sure that only one bot instance is running
2026-03-08 16:21:26 | WARNING  | aiogram.dispatcher   | Sleep for 2.360255 seconds and try again... (tryings = 3, bot id = 8536661835)
2026-03-08 16:21:32 | ERROR    | aiogram.dispatcher   | Failed to fetch updates - TelegramConflictError: Telegram server says - Conflict: terminated by other getUpdates request; make sure that only one bot instance is running
2026-03-08 16:21:32 | WARNING  | aiogram.dispatcher   | Sleep for 2.974145 seconds and try again... (tryings = 4, bot id = 8536661835)
2026-03-08 16:21:39 | ERROR    | aiogram.dispatcher   | Failed to fetch updates - TelegramConflictError: Telegram server says - Conflict: terminated by other getUpdates request; make sure that only one bot instance is running
2026-03-08 16:21:39 | WARNING  | aiogram.dispatcher   | Sleep for 3.882188 seconds and try again... (tryings = 5, bot id = 8536661835)
2026-03-08 16:21:48 | ERROR    | aiogram.dispatcher   | Failed to fetch updates - TelegramConflictError: Telegram server says - Conflict: terminated by other getUpdates request; make sure that only one bot instance is running
2026-03-08 16:21:48 | WARNING  | aiogram.dispatcher   | Sleep for 5.060684 seconds and try again... (tryings = 6, bot id = 8536661835)
2026-03-08 16:21:58 | ERROR    | aiogram.dispatcher   | Failed to fetch updates - TelegramConflictError: Telegram server says - Conflict: terminated by other getUpdates request; make sure that only one bot instance is running
2026-03-08 16:21:58 | WARNING  | aiogram.dispatcher   | Sleep for 4.942944 seconds and try again... (tryings = 7, bot id = 8536661835)
2026-03-08 16:22:08 | ERROR    | aiogram.dispatcher   | Failed to fetch updates - TelegramConflictError: Telegram server says - Conflict: terminated by other getUpdates request; make sure that only one bot instance is running
2026-03-08 16:22:08 | WARNING  | aiogram.dispatcher   | Sleep for 4.985736 seconds and try again... (tryings = 8, bot id = 8536661835)
2026-03-08 16:26:29 | INFO     | main                 | ============================================================
2026-03-08 16:26:29 | INFO     | main                 |   Korea Ish E'lonlari — Starting
2026-03-08 16:26:29 | INFO     | main                 |   Accounts active: 2
2026-03-08 16:26:29 | INFO     | main                 | ============================================================
2026-03-08 16:26:29 | INFO     | bot.database         | [DB] Schema initialised at D:\VS Code\telegram_job_bot\data\job_bot.db
2026-03-08 16:26:29 | INFO     | bot.monitor          | [monitor] Connecting account 1 …
2026-03-08 16:26:31 | INFO     | bot.monitor          | [monitor] Account 1 logged in as: quvonchbek (id=2046196282)
2026-03-08 16:26:31 | INFO     | bot.monitor          | [monitor] Account 1 monitoring 54 group(s)
2026-03-08 16:26:31 | INFO     | bot.monitor          | [monitor] Connecting account 2 …
2026-03-08 16:26:31 | INFO     | bot.monitor          | [monitor] Account 2 logged in as: 무로도프 (id=8513750744)
2026-03-08 16:26:31 | INFO     | bot.monitor          | [monitor] Account 2 monitoring 0 group(s)
2026-03-08 16:26:31 | INFO     | bot.monitor          | [monitor] Target: Korea Ish E'lonlari (-1003744320676)
2026-03-08 16:26:31 | INFO     | bot.monitor          | [monitor] 👂 Listening on 2 account(s) …
2026-03-08 16:26:31 | INFO     | main                 | [main] Starting admin bot and scheduler …
2026-03-08 16:26:31 | INFO     | main                 | [main] ✅ All systems running. Press Ctrl+C to stop.
2026-03-08 16:26:31 | INFO     | bot.database         | [DB] Schema initialised at D:\VS Code\telegram_job_bot\data\job_bot.db
2026-03-08 16:26:32 | INFO     | bot.admin_bot        | [admin_bot] Starting admin bot …
2026-03-08 16:26:32 | INFO     | bot.scheduler        | [scheduler] Daily summary scheduler started (fires at 21:00 KST).
2026-03-08 16:26:32 | INFO     | bot.scheduler        | [scheduler] Next daily summary in 16408 seconds (at 2026-03-08 21:00 KST).
2026-03-08 16:26:37 | ERROR    | aiogram.dispatcher   | Failed to fetch updates - TelegramConflictError: Telegram server says - Conflict: terminated by other getUpdates request; make sure that only one bot instance is running
2026-03-08 16:26:37 | WARNING  | aiogram.dispatcher   | Sleep for 1.000000 seconds and try again... (tryings = 0, bot id = 8536661835)
2026-03-08 16:26:42 | ERROR    | aiogram.dispatcher   | Failed to fetch updates - TelegramConflictError: Telegram server says - Conflict: terminated by other getUpdates request; make sure that only one bot instance is running
2026-03-08 16:26:42 | WARNING  | aiogram.dispatcher   | Sleep for 1.258344 seconds and try again... (tryings = 1, bot id = 8536661835)
2026-03-08 16:27:52 | INFO     | main                 | ============================================================
2026-03-08 16:27:52 | INFO     | main                 |   Korea Ish E'lonlari — Starting
2026-03-08 16:27:52 | INFO     | main                 |   Accounts active: 2
2026-03-08 16:27:52 | INFO     | main                 | ============================================================
2026-03-08 16:27:52 | INFO     | bot.database         | [DB] Schema initialised at D:\VS Code\telegram_job_bot\data\job_bot.db
2026-03-08 16:27:52 | INFO     | bot.monitor          | [monitor] Connecting account 1 …
2026-03-08 16:27:54 | INFO     | bot.monitor          | [monitor] Account 1 logged in as: quvonchbek (id=2046196282)
2026-03-08 16:27:54 | INFO     | bot.monitor          | [monitor] Account 1 monitoring 54 group(s)
2026-03-08 16:27:54 | INFO     | bot.monitor          | [monitor] Connecting account 2 …
2026-03-08 16:27:54 | INFO     | bot.monitor          | [monitor] Account 2 logged in as: 무로도프 (id=8513750744)
2026-03-08 16:27:54 | INFO     | bot.monitor          | [monitor] Account 2 monitoring 0 group(s)
2026-03-08 16:27:54 | INFO     | bot.monitor          | [monitor] Target: Korea Ish E'lonlari (-1003744320676)
2026-03-08 16:27:54 | INFO     | bot.monitor          | [monitor] 👂 Listening on 2 account(s) …
2026-03-08 16:27:54 | INFO     | main                 | [main] Starting admin bot and scheduler …
2026-03-08 16:27:54 | INFO     | main                 | [main] ✅ All systems running. Press Ctrl+C to stop.
2026-03-08 16:27:54 | INFO     | bot.database         | [DB] Schema initialised at D:\VS Code\telegram_job_bot\data\job_bot.db
2026-03-08 16:27:54 | INFO     | bot.admin_bot        | [admin_bot] Starting admin bot …
2026-03-08 16:27:54 | INFO     | bot.scheduler        | [scheduler] Daily summary scheduler started (fires at 21:00 KST).
2026-03-08 16:27:54 | INFO     | bot.scheduler        | [scheduler] Next daily summary in 16325 seconds (at 2026-03-08 21:00 KST).
2026-03-08 16:29:46 | WARNING  | bot.database         | [DB] Source group already exists: -1001387204774
2026-03-08 16:29:46 | INFO     | bot.database         | [DB] Group -1001387204774 reassigned to account 2 (stored as -1001387204774)
2026-03-08 16:30:00 | WARNING  | bot.database         | [DB] Source group already exists: -1001453574665
2026-03-08 16:30:00 | INFO     | bot.database         | [DB] Group -1001453574665 reassigned to account 2 (stored as -1001453574665)
2026-03-08 16:30:10 | WARNING  | bot.database         | [DB] Source group already exists: -1002000748619
2026-03-08 16:30:10 | INFO     | bot.database         | [DB] Group -1002000748619 reassigned to account 2 (stored as -1002000748619)
2026-03-13 12:21:27 | INFO     | main                 | ============================================================
2026-03-13 12:21:27 | INFO     | main                 |   Korea Ish E'lonlari — Starting
2026-03-13 12:21:27 | INFO     | main                 |   Accounts active: 2
2026-03-13 12:21:27 | INFO     | main                 | ============================================================
2026-03-13 12:21:27 | INFO     | bot.database         | [DB] Schema initialised at D:\VS Code\telegram_job_bot\data\job_bot.db
2026-03-13 12:21:27 | INFO     | bot.monitor          | [monitor] Connecting account 1 …
2026-03-13 12:21:29 | INFO     | bot.monitor          | [monitor] Account 1 logged in as: quvonchbek (id=2046196282)
2026-03-13 12:21:29 | INFO     | bot.monitor          | [monitor] Account 1 monitoring 51 group(s)
2026-03-13 12:21:29 | INFO     | bot.monitor          | [monitor] Connecting account 2 …
2026-03-13 12:21:31 | INFO     | bot.monitor          | [monitor] Account 2 logged in as: 무로토브 (id=8367892539)
2026-03-13 12:21:31 | INFO     | bot.monitor          | [monitor] Account 2 monitoring 3 group(s)
2026-03-13 12:21:31 | INFO     | bot.monitor          | [monitor] Target: Korea Ish E'lonlari (-1003744320676)
2026-03-13 12:21:31 | INFO     | bot.monitor          | [monitor] 👂 Listening on 2 account(s) …
2026-03-13 12:21:31 | INFO     | main                 | [main] Starting admin bot and scheduler …
2026-03-13 12:21:31 | INFO     | main                 | [main] ✅ All systems running. Press Ctrl+C to stop.
2026-03-13 12:21:31 | INFO     | bot.database         | [DB] Schema initialised at D:\VS Code\telegram_job_bot\data\job_bot.db
2026-03-13 12:21:32 | INFO     | bot.admin_bot        | [admin_bot] Starting admin bot …
2026-03-13 12:21:32 | INFO     | bot.scheduler        | [scheduler] Daily summary scheduler started (fires at 21:00 KST).
2026-03-13 12:21:32 | INFO     | bot.scheduler        | [scheduler] Next daily summary in 31108 seconds (at 2026-03-13 21:00 KST).
2026-03-13 12:21:37 | ERROR    | aiogram.dispatcher   | Failed to fetch updates - TelegramConflictError: Telegram server says - Conflict: terminated by other getUpdates request; make sure that only one bot instance is running
2026-03-13 12:21:37 | WARNING  | aiogram.dispatcher   | Sleep for 1.000000 seconds and try again... (tryings = 0, bot id = 8536661835)
2026-03-13 12:21:42 | ERROR    | aiogram.dispatcher   | Failed to fetch updates - TelegramConflictError: Telegram server says - Conflict: terminated by other getUpdates request; make sure that only one bot instance is running
2026-03-13 12:21:42 | WARNING  | aiogram.dispatcher   | Sleep for 1.393961 seconds and try again... (tryings = 1, bot id = 8536661835)
2026-03-13 12:21:49 | ERROR    | aiogram.dispatcher   | Failed to fetch updates - TelegramConflictError: Telegram server says - Conflict: terminated by other getUpdates request; make sure that only one bot instance is running
2026-03-13 12:21:49 | WARNING  | aiogram.dispatcher   | Sleep for 1.631146 seconds and try again... (tryings = 2, bot id = 8536661835)
2026-03-13 12:21:56 | ERROR    | aiogram.dispatcher   | Failed to fetch updates - TelegramConflictError: Telegram server says - Conflict: terminated by other getUpdates request; make sure that only one bot instance is running
2026-03-13 12:21:56 | WARNING  | aiogram.dispatcher   | Sleep for 2.243743 seconds and try again... (tryings = 3, bot id = 8536661835)
2026-03-13 12:22:02 | ERROR    | aiogram.dispatcher   | Failed to fetch updates - TelegramConflictError: Telegram server says - Conflict: terminated by other getUpdates request; make sure that only one bot instance is running
2026-03-13 12:22:02 | WARNING  | aiogram.dispatcher   | Sleep for 3.022845 seconds and try again... (tryings = 4, bot id = 8536661835)
2026-03-13 12:22:09 | ERROR    | aiogram.dispatcher   | Failed to fetch updates - TelegramConflictError: Telegram server says - Conflict: terminated by other getUpdates request; make sure that only one bot instance is running
2026-03-13 12:22:09 | WARNING  | aiogram.dispatcher   | Sleep for 3.948958 seconds and try again... (tryings = 5, bot id = 8536661835)
2026-03-13 12:22:18 | ERROR    | aiogram.dispatcher   | Failed to fetch updates - TelegramConflictError: Telegram server says - Conflict: terminated by other getUpdates request; make sure that only one bot instance is running
2026-03-13 12:22:18 | WARNING  | aiogram.dispatcher   | Sleep for 5.111347 seconds and try again... (tryings = 6, bot id = 8536661835)
2026-03-13 12:22:29 | ERROR    | aiogram.dispatcher   | Failed to fetch updates - TelegramConflictError: Telegram server says - Conflict: terminated by other getUpdates request; make sure that only one bot instance is running
2026-03-13 12:22:29 | WARNING  | aiogram.dispatcher   | Sleep for 5.014282 seconds and try again... (tryings = 7, bot id = 8536661835)
2026-03-13 12:22:39 | ERROR    | aiogram.dispatcher   | Failed to fetch updates - TelegramConflictError: Telegram server says - Conflict: terminated by other getUpdates request; make sure that only one bot instance is running
2026-03-13 12:22:39 | WARNING  | aiogram.dispatcher   | Sleep for 5.221308 seconds and try again... (tryings = 8, bot id = 8536661835)
2026-03-13 12:22:50 | ERROR    | aiogram.dispatcher   | Failed to fetch updates - TelegramConflictError: Telegram server says - Conflict: terminated by other getUpdates request; make sure that only one bot instance is running
2026-03-13 12:22:50 | WARNING  | aiogram.dispatcher   | Sleep for 5.150245 seconds and try again... (tryings = 9, bot id = 8536661835)
2026-03-13 12:22:54 | INFO     | bot.monitor          | [monitor/acct1] SOURCE GROUP HIT | chat_id=-1002603723162 | msg_id=24665
2026-03-13 12:22:54 | INFO     | bot.monitor          | [monitor/acct1] SKIPPED (no keywords) | chat_id=-1002603723162 | msg_id=24665 | preview='Импортные шишки\nБесплатные пробники\nКанал с отзывами \nЧат для общения \nВсе имеет'
2026-03-13 12:23:00 | ERROR    | aiogram.dispatcher   | Failed to fetch updates - TelegramConflictError: Telegram server says - Conflict: terminated by other getUpdates request; make sure that only one bot instance is running
2026-03-13 12:23:00 | WARNING  | aiogram.dispatcher   | Sleep for 4.950711 seconds and try again... (tryings = 10, bot id = 8536661835)
2026-03-13 12:23:11 | ERROR    | aiogram.dispatcher   | Failed to fetch updates - TelegramConflictError: Telegram server says - Conflict: terminated by other getUpdates request; make sure that only one bot instance is running
2026-03-13 12:23:11 | WARNING  | aiogram.dispatcher   | Sleep for 5.092028 seconds and try again... (tryings = 11, bot id = 8536661835)
2026-03-13 12:23:21 | ERROR    | aiogram.dispatcher   | Failed to fetch updates - TelegramConflictError: Telegram server says - Conflict: terminated by other getUpdates request; make sure that only one bot instance is running
2026-03-13 12:23:21 | WARNING  | aiogram.dispatcher   | Sleep for 4.983223 seconds and try again... (tryings = 12, bot id = 8536661835)
2026-03-13 12:23:31 | ERROR    | aiogram.dispatcher   | Failed to fetch updates - TelegramConflictError: Telegram server says - Conflict: terminated by other getUpdates request; make sure that only one bot instance is running
2026-03-13 12:23:31 | WARNING  | aiogram.dispatcher   | Sleep for 5.050559 seconds and try again... (tryings = 13, bot id = 8536661835)
2026-03-13 12:23:37 | INFO     | bot.monitor          | [monitor/acct1] SOURCE GROUP HIT | chat_id=-1001858394869 | msg_id=32594
2026-03-13 12:23:37 | INFO     | bot.monitor          | [monitor/acct1] SKIPPED (no keywords) | chat_id=-1001858394869 | msg_id=32594 | preview='Assalomu aleykum'
2026-03-13 12:23:42 | ERROR    | aiogram.dispatcher   | Failed to fetch updates - TelegramConflictError: Telegram server says - Conflict: terminated by other getUpdates request; make sure that only one bot instance is running
2026-03-13 12:23:42 | WARNING  | aiogram.dispatcher   | Sleep for 4.899724 seconds and try again... (tryings = 14, bot id = 8536661835)
2026-03-13 12:23:51 | ERROR    | aiogram.dispatcher   | Failed to fetch updates - TelegramConflictError: Telegram server says - Conflict: terminated by other getUpdates request; make sure that only one bot instance is running
2026-03-13 12:23:51 | WARNING  | aiogram.dispatcher   | Sleep for 4.949319 seconds and try again... (tryings = 15, bot id = 8536661835)
2026-03-13 12:24:00 | ERROR    | aiogram.dispatcher   | Failed to fetch updates - TelegramConflictError: Telegram server says - Conflict: terminated by other getUpdates request; make sure that only one bot instance is running
2026-03-13 12:24:00 | WARNING  | aiogram.dispatcher   | Sleep for 5.015551 seconds and try again... (tryings = 16, bot id = 8536661835)
2026-03-13 12:24:10 | ERROR    | aiogram.dispatcher   | Failed to fetch updates - TelegramConflictError: Telegram server says - Conflict: terminated by other getUpdates request; make sure that only one bot instance is running
2026-03-13 12:24:10 | WARNING  | aiogram.dispatcher   | Sleep for 4.924747 seconds and try again... (tryings = 17, bot id = 8536661835)
2026-03-13 12:24:31 | INFO     | main                 | ============================================================
2026-03-13 12:24:31 | INFO     | main                 |   Korea Ish E'lonlari — Starting
2026-03-13 12:24:31 | INFO     | main                 |   Accounts active: 2
2026-03-13 12:24:31 | INFO     | main                 | ============================================================
2026-03-13 12:24:31 | INFO     | bot.database         | [DB] Schema initialised at D:\VS Code\telegram_job_bot\data\job_bot.db
2026-03-13 12:24:31 | INFO     | bot.monitor          | [monitor] Connecting account 1 …
2026-03-13 12:24:33 | INFO     | bot.monitor          | [monitor] Account 1 logged in as: quvonchbek (id=2046196282)
2026-03-13 12:24:33 | INFO     | bot.monitor          | [monitor] Account 1 monitoring 51 group(s)
2026-03-13 12:24:33 | INFO     | bot.monitor          | [monitor] Connecting account 2 …
2026-03-13 12:24:35 | INFO     | bot.monitor          | [monitor] Account 2 logged in as: 무로토브 (id=8367892539)
2026-03-13 12:24:35 | INFO     | bot.monitor          | [monitor] Account 2 monitoring 3 group(s)
2026-03-13 12:24:35 | INFO     | bot.monitor          | [monitor] Target: Korea Ish E'lonlari (-1003744320676)
2026-03-13 12:24:35 | INFO     | bot.monitor          | [monitor] 👂 Listening on 2 account(s) …
2026-03-13 12:24:35 | INFO     | main                 | [main] Starting admin bot and scheduler …
2026-03-13 12:24:35 | INFO     | main                 | [main] ✅ All systems running. Press Ctrl+C to stop.
2026-03-13 12:24:35 | INFO     | bot.database         | [DB] Schema initialised at D:\VS Code\telegram_job_bot\data\job_bot.db
2026-03-13 12:24:35 | INFO     | bot.admin_bot        | [admin_bot] Starting admin bot …
2026-03-13 12:24:35 | INFO     | bot.scheduler        | [scheduler] Daily summary scheduler started (fires at 21:00 KST).
2026-03-13 12:24:35 | INFO     | bot.scheduler        | [scheduler] Next daily summary in 30924 seconds (at 2026-03-13 21:00 KST).
2026-03-13 12:24:40 | ERROR    | aiogram.dispatcher   | Failed to fetch updates - TelegramConflictError: Telegram server says - Conflict: terminated by other getUpdates request; make sure that only one bot instance is running
2026-03-13 12:24:40 | WARNING  | aiogram.dispatcher   | Sleep for 1.000000 seconds and try again... (tryings = 0, bot id = 8536661835)
2026-03-13 12:24:46 | ERROR    | aiogram.dispatcher   | Failed to fetch updates - TelegramConflictError: Telegram server says - Conflict: terminated by other getUpdates request; make sure that only one bot instance is running
2026-03-13 12:24:46 | WARNING  | aiogram.dispatcher   | Sleep for 1.427647 seconds and try again... (tryings = 1, bot id = 8536661835)
2026-03-13 12:24:52 | ERROR    | aiogram.dispatcher   | Failed to fetch updates - TelegramConflictError: Telegram server says - Conflict: terminated by other getUpdates request; make sure that only one bot instance is running
2026-03-13 12:24:52 | WARNING  | aiogram.dispatcher   | Sleep for 1.938219 seconds and try again... (tryings = 2, bot id = 8536661835)
2026-03-13 12:25:00 | ERROR    | aiogram.dispatcher   | Failed to fetch updates - TelegramConflictError: Telegram server says - Conflict: terminated by other getUpdates request; make sure that only one bot instance is running
2026-03-13 12:25:00 | WARNING  | aiogram.dispatcher   | Sleep for 2.405875 seconds and try again... (tryings = 3, bot id = 8536661835)
2026-03-13 12:25:06 | ERROR    | aiogram.dispatcher   | Failed to fetch updates - TelegramConflictError: Telegram server says - Conflict: terminated by other getUpdates request; make sure that only one bot instance is running
2026-03-13 12:25:06 | WARNING  | aiogram.dispatcher   | Sleep for 1.000000 seconds and try again... (tryings = 0, bot id = 8536661835)
2026-03-13 12:25:14 | ERROR    | aiogram.dispatcher   | Failed to fetch updates - TelegramConflictError: Telegram server says - Conflict: terminated by other getUpdates request; make sure that only one bot instance is running
2026-03-13 12:25:14 | WARNING  | aiogram.dispatcher   | Sleep for 1.373075 seconds and try again... (tryings = 1, bot id = 8536661835)
2026-03-13 12:25:24 | ERROR    | aiogram.dispatcher   | Failed to fetch updates - TelegramConflictError: Telegram server says - Conflict: terminated by other getUpdates request; make sure that only one bot instance is running
2026-03-13 12:25:24 | WARNING  | aiogram.dispatcher   | Sleep for 1.698444 seconds and try again... (tryings = 2, bot id = 8536661835)
2026-03-13 12:25:34 | ERROR    | aiogram.dispatcher   | Failed to fetch updates - TelegramConflictError: Telegram server says - Conflict: terminated by other getUpdates request; make sure that only one bot instance is running
2026-03-13 12:25:34 | WARNING  | aiogram.dispatcher   | Sleep for 2.166352 seconds and try again... (tryings = 3, bot id = 8536661835)
2026-03-13 12:25:44 | ERROR    | aiogram.dispatcher   | Failed to fetch updates - TelegramConflictError: Telegram server says - Conflict: terminated by other getUpdates request; make sure that only one bot instance is running
2026-03-13 12:25:44 | WARNING  | aiogram.dispatcher   | Sleep for 2.948437 seconds and try again... (tryings = 4, bot id = 8536661835)
2026-03-13 12:26:20 | INFO     | main                 | ============================================================
2026-03-13 12:26:20 | INFO     | main                 |   Korea Ish E'lonlari — Starting
2026-03-13 12:26:20 | INFO     | main                 |   Accounts active: 2
2026-03-13 12:26:20 | INFO     | main                 | ============================================================
2026-03-13 12:26:20 | INFO     | bot.database         | [DB] Schema initialised at D:\VS Code\telegram_job_bot\data\job_bot.db
2026-03-13 12:26:20 | INFO     | bot.monitor          | [monitor] Connecting account 1 …
2026-03-13 12:26:21 | INFO     | bot.monitor          | [monitor] Account 1 logged in as: quvonchbek (id=2046196282)
2026-03-13 12:26:21 | INFO     | bot.monitor          | [monitor] Account 1 monitoring 51 group(s)
2026-03-13 12:26:21 | INFO     | bot.monitor          | [monitor] Connecting account 2 …
2026-03-13 12:26:24 | INFO     | bot.monitor          | [monitor] Account 2 logged in as: 무로토브 (id=8367892539)
2026-03-13 12:26:24 | INFO     | bot.monitor          | [monitor] Account 2 monitoring 3 group(s)
2026-03-13 12:26:24 | INFO     | bot.monitor          | [monitor] Target: Korea Ish E'lonlari (-1003744320676)
2026-03-13 12:26:24 | INFO     | bot.monitor          | [monitor] 👂 Listening on 2 account(s) …
2026-03-13 12:26:24 | INFO     | main                 | [main] Starting admin bot and scheduler …
2026-03-13 12:26:24 | INFO     | main                 | [main] ✅ All systems running. Press Ctrl+C to stop.
2026-03-13 12:26:24 | INFO     | bot.database         | [DB] Schema initialised at D:\VS Code\telegram_job_bot\data\job_bot.db
2026-03-13 12:26:24 | INFO     | bot.admin_bot        | [admin_bot] Starting admin bot …
2026-03-13 12:26:24 | INFO     | bot.scheduler        | [scheduler] Daily summary scheduler started (fires at 21:00 KST).
2026-03-13 12:26:24 | INFO     | bot.scheduler        | [scheduler] Next daily summary in 30816 seconds (at 2026-03-13 21:00 KST).
2026-03-13 12:26:56 | INFO     | bot.monitor          | [monitor/acct1] SOURCE GROUP HIT | chat_id=-1001304686518 | msg_id=125349
2026-03-13 12:26:56 | INFO     | bot.monitor          | [monitor/acct1] SKIPPED (no keywords) | chat_id=-1001304686518 | msg_id=125349 | preview='Assalom alekum \n\nUy shartnoma qiberoladiganlar bormi'
2026-03-13 12:28:07 | WARNING  | bot.database         | [DB] Source group already exists: -1001742386027
2026-03-13 12:28:07 | INFO     | bot.database         | [DB] Group -1001742386027 reassigned to account 2 (stored as -1001742386027)
2026-03-13 12:28:36 | WARNING  | bot.database         | [DB] Source group already exists: -1001453574665
2026-03-13 12:28:47 | INFO     | bot.monitor          | [monitor/acct1] SOURCE GROUP HIT | chat_id=-1002603723162 | msg_id=24666
2026-03-13 12:28:47 | INFO     | bot.monitor          | [monitor/acct1] SKIPPED (no keywords) | chat_id=-1002603723162 | msg_id=24666 | preview='✅️Tarjimon hizmati\n✅️ Vizalar bo‘yicha,hujjat ishlari\n✅️Apostil,notarial,tarjima'
2026-03-13 12:29:38 | INFO     | bot.database         | [DB] Source group added: KIMHE ISH (-1001440276367) → account 2
2026-03-13 12:29:44 | INFO     | bot.monitor          | [monitor/acct1] SOURCE GROUP HIT | chat_id=-1002729014093 | msg_id=13428
2026-03-13 12:29:44 | INFO     | bot.monitor          | [monitor/acct1] SKIPPED (no keywords) | chat_id=-1002729014093 | msg_id=13428 | preview='✅️Tarjimon hizmati\n✅️ Vizalar bo‘yicha,hujjat ishlari\n✅️Apostil,notarial,tarjima'
2026-03-13 12:30:48 | INFO     | bot.monitor          | [monitor/acct2] SOURCE GROUP HIT | chat_id=-1001440276367 | msg_id=78960
2026-03-13 12:30:48 | INFO     | bot.monitor          | [monitor/acct2] SKIPPED (no keywords) | chat_id=-1001440276367 | msg_id=78960 | preview='Assalomu Alaykum Cheongjudan Busan Kimhega qaytadiganlar bormi bugun kechlarga 6'
2026-03-13 12:31:01 | INFO     | bot.database         | [DB] Source group added: New tekpe 전주 (-1001271491452) → account 1
2026-03-13 12:31:05 | INFO     | bot.monitor          | [monitor/acct1] SOURCE GROUP HIT | chat_id=-1001490331350 | msg_id=87073
2026-03-13 12:31:05 | INFO     | bot.monitor          | [monitor/acct1] SKIPPED (no keywords) | chat_id=-1001490331350 | msg_id=87073 | preview='✅️Tarjimon hizmati\n✅️ Vizalar bo‘yicha,hujjat ishlari\n✅️Apostil,notarial,tarjima'
2026-03-13 12:31:27 | INFO     | bot.monitor          | [monitor/acct1] SOURCE GROUP HIT | chat_id=-1002043977934 | msg_id=22850
2026-03-13 12:31:27 | INFO     | bot.monitor          | [monitor/acct1] SKIPPED (no keywords) | chat_id=-1002043977934 | msg_id=22850 | preview='✅️Tarjimon hizmati\n✅️ Vizalar bo‘yicha,hujjat ishlari\n✅️Apostil,notarial,tarjima'
2026-03-13 12:31:42 | INFO     | bot.database         | [DB] Source group added: PUYO (-1001409501480) → account 1
2026-03-13 12:31:51 | INFO     | bot.database         | [DB] Source group added: Uzbeks in Suwon (-1001854101393) → account 1
2026-03-13 12:31:59 | INFO     | bot.monitor          | [monitor/acct1] SOURCE GROUP HIT | chat_id=-1002418112272 | msg_id=8000
2026-03-13 12:31:59 | INFO     | bot.monitor          | [monitor/acct1] SKIPPED (no keywords) | chat_id=-1002418112272 | msg_id=8000 | preview='✅️Tarjimon hizmati\n✅️ Vizalar bo‘yicha,hujjat ishlari\n✅️Apostil,notarial,tarjima'
2026-03-13 12:32:12 | INFO     | bot.database         | [DB] Source group added: KOREA ISHLAR777 (-1001857257128) → account 1
2026-03-13 12:32:34 | WARNING  | bot.database         | [DB] Source group already exists: -1002179593933
2026-03-13 12:32:41 | INFO     | bot.monitor          | [monitor/acct2] SOURCE GROUP HIT | chat_id=-1001440276367 | msg_id=78961
2026-03-13 12:32:41 | INFO     | bot.monitor          | [monitor/acct2] SKIPPED (no keywords) | chat_id=-1001440276367 | msg_id=78961 | preview='Ertaga ertalabga shu manzilga boradigan mashina bormi kimhe Busan tomondan.'
2026-03-13 12:32:42 | INFO     | bot.monitor          | [monitor/acct1] SOURCE GROUP HIT | chat_id=-1002044373140 | msg_id=14186
2026-03-13 12:32:42 | INFO     | bot.monitor          | [monitor/acct1] SKIPPED (no keywords) | chat_id=-1002044373140 | msg_id=14186 | preview='✅️Tarjimon hizmati\n✅️ Vizalar bo‘yicha,hujjat ishlari\n✅️Apostil,notarial,tarjima'
2026-03-13 12:33:10 | INFO     | bot.monitor          | [monitor/acct1] SOURCE GROUP HIT | chat_id=-1002179593933 | msg_id=57578
2026-03-13 12:33:10 | INFO     | bot.monitor          | [monitor/acct1] SKIPPED (no keywords) | chat_id=-1002179593933 | msg_id=57578 | preview='✅️Tarjimon hizmati\n✅️ Vizalar bo‘yicha,hujjat ishlari\n✅️Apostil,notarial,tarjima'
2026-03-13 12:33:19 | INFO     | bot.monitor          | [monitor/acct1] SOURCE GROUP HIT | chat_id=-1002301178007 | msg_id=7063
2026-03-13 12:33:19 | INFO     | bot.monitor          | [monitor/acct1] SKIPPED (no keywords) | chat_id=-1002301178007 | msg_id=7063 | preview='✅️Tarjimon hizmati\n✅️ Vizalar bo‘yicha,hujjat ishlari\n✅️Apostil,notarial,tarjima'
2026-03-13 12:33:43 | INFO     | bot.monitor          | [monitor/acct1] SOURCE GROUP HIT | chat_id=-1001490331350 | msg_id=87074
2026-03-13 12:33:43 | INFO     | bot.monitor          | [monitor/acct1] SKIPPED (no keywords) | chat_id=-1001490331350 | msg_id=87074 | preview='🏆 THE PREMIUM OTC AD \n🌟 ALTURA X GLOBAL OTC 🌟\n━━━━━━━━━━━━━━━━━━━━━━━━━━━━━━━━━━'
2026-03-13 12:33:44 | INFO     | bot.monitor          | [monitor/acct1] SOURCE GROUP HIT | chat_id=-1001490331350 | msg_id=87075
2026-03-13 12:33:44 | INFO     | bot.monitor          | [monitor/acct1] SKIPPED (no keywords) | chat_id=-1001490331350 | msg_id=87075 | preview='\u200e❗️[Manju](tg://user?id=7402132075) **iltimos reklama tarqatmang!**'
2026-03-13 12:33:46 | WARNING  | bot.admin_bot        | [admin_bot] Cannot resolve '-1001152680949' via <telethon.client.telegramclient.TelegramClient object at 0x000002BCFFBB11C0>: Cannot find any entity corresponding to "-1001152680949"
2026-03-13 12:33:47 | WARNING  | bot.admin_bot        | [admin_bot] Cannot resolve '-1001152680949' via <telethon.client.telegramclient.TelegramClient object at 0x000002BCFFEFC800>: Cannot find any entity corresponding to "-1001152680949"
2026-03-13 12:33:47 | WARNING  | bot.admin_bot        | [admin_bot] Neither client resolved -1001152680949 — accepting numeric ID as-is
2026-03-13 12:33:48 | INFO     | bot.database         | [DB] Source group added: Group -1001152680949 (-1001152680949) → account 1
2026-03-13 12:33:49 | INFO     | bot.monitor          | [monitor/acct1] SOURCE GROUP HIT | chat_id=-1002858032342 | msg_id=6672
2026-03-13 12:33:49 | INFO     | bot.monitor          | [monitor/acct1] SKIPPED (no keywords) | chat_id=-1002858032342 | msg_id=6672 | preview='Jumlamizdan'
2026-03-13 12:34:06 | INFO     | bot.monitor          | [monitor/acct1] SOURCE GROUP HIT | chat_id=-1001507058507 | msg_id=18177
2026-03-13 12:34:06 | INFO     | bot.monitor          | [monitor/acct1] SKIPPED (no keywords) | chat_id=-1001507058507 | msg_id=18177 | preview='✅️Tarjimon hizmati\n✅️ Vizalar bo‘yicha,hujjat ishlari\n✅️Apostil,notarial,tarjima'
2026-03-13 12:34:12 | INFO     | bot.monitor          | [monitor/acct1] SOURCE GROUP HIT | chat_id=-1001381770202 | msg_id=29195
2026-03-13 12:34:12 | INFO     | bot.monitor          | [monitor/acct1] SKIPPED (no keywords) | chat_id=-1001381770202 | msg_id=29195 | preview='✅️Tarjimon hizmati\n✅️ Vizalar bo‘yicha,hujjat ishlari\n✅️Apostil,notarial,tarjima'
2026-03-13 12:34:28 | INFO     | bot.monitor          | [monitor/acct1] SOURCE GROUP HIT | chat_id=-1002666264446 | msg_id=1281
2026-03-13 12:34:28 | INFO     | bot.monitor          | [monitor/acct1] SKIPPED (no keywords) | chat_id=-1002666264446 | msg_id=1281 | preview='✅️Tarjimon hizmati\n✅️ Vizalar bo‘yicha,hujjat ishlari\n✅️Apostil,notarial,tarjima'
2026-03-13 12:34:41 | INFO     | bot.monitor          | [monitor/acct1] SOURCE GROUP HIT | chat_id=-1001857660612 | msg_id=67513
2026-03-13 12:34:41 | INFO     | bot.monitor          | [monitor/acct1] SKIPPED (no keywords) | chat_id=-1001857660612 | msg_id=67513 | preview='16-kuni Mokopdan Incheon aeraporga boradigala boʻlsa olib ketaman'
2026-03-13 12:34:41 | INFO     | bot.monitor          | [monitor/acct1] SOURCE GROUP HIT | chat_id=-1001399984082 | msg_id=350490
2026-03-13 12:34:41 | INFO     | bot.monitor          | [monitor/acct1] SKIPPED (no keywords) | chat_id=-1001399984082 | msg_id=350490 | preview='Moshin ustalar bormi yordamila kerak edi.'
2026-03-13 12:34:42 | INFO     | bot.monitor          | [monitor/acct1] SOURCE GROUP HIT | chat_id=-1001271491452 | msg_id=289037
2026-03-13 12:34:42 | INFO     | bot.monitor          | [monitor/acct1] SKIPPED (no keywords) | chat_id=-1001271491452 | msg_id=289037 | preview='📌‼️☎️💇'
2026-03-13 12:35:25 | INFO     | bot.monitor          | [monitor/acct1] SOURCE GROUP HIT | chat_id=-1002628556472 | msg_id=14526
2026-03-13 12:35:25 | INFO     | bot.monitor          | [monitor/acct1] SKIPPED (no keywords) | chat_id=-1002628556472 | msg_id=14526 | preview='16-kuni Mokopdan Incheon aeraporga boradiganla boʻlsa olib ketaman'
2026-03-13 12:37:01 | INFO     | bot.monitor          | [monitor/acct1] SOURCE GROUP HIT | chat_id=-1001409501480 | msg_id=43172
2026-03-13 12:37:01 | ERROR    | telethon.client.updates | Unhandled exception on _on_new_message
Traceback (most recent call last):
  File "C:\Users\user\AppData\Local\Programs\Python\Python312\Lib\site-packages\telethon\client\updates.py", line 570, in _dispatch_update
    await callback(event)
  File "D:\VS Code\telegram_job_bot\bot\monitor.py", line 92, in _on_new_message
    text = message.text or message.caption or message.raw_text or ""
                           ^^^^^^^^^^^^^^^
AttributeError: 'Message' object has no attribute 'caption'. Did you mean: 'action'?
2026-03-13 12:38:09 | INFO     | bot.monitor          | [monitor/acct2] SOURCE GROUP HIT | chat_id=-1001742386027 | msg_id=55753
2026-03-13 12:38:09 | INFO     | bot.monitor          | [monitor/acct2] SKIPPED (no keywords) | chat_id=-1001742386027 | msg_id=55753 | preview='✅️Tarjimon hizmati\n✅️ Vizalar bo‘yicha,hujjat ishlari\n✅️Apostil,notarial,tarjima'
2026-03-13 12:38:10 | INFO     | bot.monitor          | [monitor/acct1] SOURCE GROUP HIT | chat_id=-1001399984082 | msg_id=350491
2026-03-13 12:38:10 | INFO     | bot.monitor          | [monitor/acct1] SKIPPED (no keywords) | chat_id=-1001399984082 | msg_id=350491 | preview='Teso termenaldi oldida jincheonga taxi kerak'
2026-03-13 12:38:10 | INFO     | bot.monitor          | [monitor/acct1] SOURCE GROUP HIT | chat_id=-1001399984082 | msg_id=350492
2026-03-13 12:38:10 | INFO     | bot.monitor          | [monitor/acct1] SKIPPED (no keywords) | chat_id=-1001399984082 | msg_id=350492 | preview='Olindi'
2026-03-13 12:38:10 | INFO     | bot.monitor          | [monitor/acct1] SOURCE GROUP HIT | chat_id=-1001399984082 | msg_id=350493
2026-03-13 12:38:10 | INFO     | bot.monitor          | [monitor/acct1] SKIPPED (no keywords) | chat_id=-1001399984082 | msg_id=350493 | preview='Lic qaravorin'
2026-03-13 12:38:40 | INFO     | bot.monitor          | [monitor/acct1] SOURCE GROUP HIT | chat_id=-1001381770202 | msg_id=29196
2026-03-13 12:38:40 | INFO     | bot.monitor          | [monitor/acct1] ✅ JOB DETECTED | chat=-1001381770202 | msg=29196 | lang=russian | kw=['трудоустройство']
2026-03-13 12:38:41 | INFO     | bot.monitor          | [monitor/acct1] SOURCE GROUP HIT | chat_id=-1002603723162 | msg_id=24667
2026-03-13 12:38:41 | INFO     | bot.monitor          | [monitor/acct1] ✅ JOB DETECTED | chat=-1002603723162 | msg=24667 | lang=russian | kw=['трудоустройство']
2026-03-13 12:38:42 | INFO     | bot.monitor          | [monitor/acct1] ✅ FORWARDED | chat=-1001381770202 | msg=29196 → target=-1003744320676
2026-03-13 12:38:42 | INFO     | bot.monitor          | [monitor/acct1] SOURCE GROUP HIT | chat_id=-1002729014093 | msg_id=13429
2026-03-13 12:38:42 | INFO     | bot.monitor          | [monitor/acct1] ✅ JOB DETECTED | chat=-1002729014093 | msg=13429 | lang=russian | kw=['трудоустройство']
2026-03-13 12:38:43 | INFO     | bot.monitor          | [monitor/acct1] ✅ FORWARDED | chat=-1002603723162 | msg=24667 → target=-1003744320676
2026-03-13 12:38:43 | INFO     | bot.monitor          | [monitor/acct1] ✅ FORWARDED | chat=-1002729014093 | msg=13429 → target=-1003744320676
2026-03-13 12:40:28 | INFO     | bot.monitor          | [monitor/acct1] SOURCE GROUP HIT | chat_id=-1001490331350 | msg_id=87076
2026-03-13 12:40:28 | INFO     | bot.monitor          | [monitor/acct1] SKIPPED (no keywords) | chat_id=-1001490331350 | msg_id=87076 | preview='**🚀 Daily USDT Buyers | High & Stable Returns\n\nWe are a large Hong Kong–China co'
2026-03-13 12:40:30 | INFO     | bot.monitor          | [monitor/acct1] SOURCE GROUP HIT | chat_id=-1001490331350 | msg_id=87077
2026-03-13 12:40:30 | INFO     | bot.monitor          | [monitor/acct1] SKIPPED (no keywords) | chat_id=-1001490331350 | msg_id=87077 | preview='\u200e❗️[Saranya](tg://user?id=1975433520) **iltimos reklama tarqatmang!**'
2026-03-13 21:18:17 | INFO     | main                 | ============================================================
2026-03-13 21:18:17 | INFO     | main                 |   Korea Ish E'lonlari — Starting
2026-03-13 21:18:17 | INFO     | main                 |   Accounts active: 2
2026-03-13 21:18:17 | INFO     | main                 | ============================================================
2026-03-13 21:18:17 | INFO     | bot.database         | [DB] Schema initialised at D:\VS Code\telegram_job_bot\data\job_bot.db
2026-03-13 21:18:17 | INFO     | bot.monitor          | [monitor] Connecting account 1 …
2026-03-13 21:18:19 | INFO     | bot.monitor          | [monitor] Account 1 logged in as: quvonchbek (id=2046196282)
2026-03-13 21:18:19 | INFO     | bot.monitor          | [monitor] Account 1 monitoring 55 group(s)
2026-03-13 21:18:19 | INFO     | bot.monitor          | [monitor] Connecting account 2 …
2026-03-13 21:18:21 | INFO     | bot.monitor          | [monitor] Account 2 logged in as: 무로토브 (id=8367892539)
2026-03-13 21:18:21 | INFO     | bot.monitor          | [monitor] Account 2 monitoring 5 group(s)
2026-03-13 21:18:21 | INFO     | bot.monitor          | [monitor] Target: Korea Ish E'lonlari (-1003744320676)
2026-03-13 21:18:21 | INFO     | bot.monitor          | [monitor] 👂 Listening on 2 account(s) …
2026-03-13 21:18:21 | INFO     | main                 | [main] Starting admin bot and scheduler …
2026-03-13 21:18:21 | INFO     | main                 | [main] ✅ All systems running. Press Ctrl+C to stop.
2026-03-13 21:18:21 | INFO     | bot.database         | [DB] Schema initialised at D:\VS Code\telegram_job_bot\data\job_bot.db
2026-03-13 21:18:21 | INFO     | bot.admin_bot        | [admin_bot] Starting admin bot …
2026-03-13 21:18:21 | INFO     | bot.scheduler        | [scheduler] Daily summary scheduler started (fires at 21:00 KST).
2026-03-13 21:18:21 | INFO     | bot.scheduler        | [scheduler] Next daily summary in 85298 seconds (at 2026-03-14 21:00 KST).
2026-03-13 21:19:02 | INFO     | bot.monitor          | [monitor/acct1] SOURCE GROUP HIT | chat_id=-1002729014093 | msg_id=13467
2026-03-13 21:19:02 | ERROR    | telethon.client.updates | Unhandled exception on _on_new_message
Traceback (most recent call last):
  File "C:\Users\user\AppData\Local\Programs\Python\Python312\Lib\site-packages\telethon\client\updates.py", line 570, in _dispatch_update
    await callback(event)
  File "D:\VS Code\telegram_job_bot\bot\monitor.py", line 96, in _on_new_message
    text = message.text or message.caption or message.raw_text or ""
                           ^^^^^^^^^^^^^^^
AttributeError: 'Message' object has no attribute 'caption'. Did you mean: 'action'?
2026-03-13 21:19:15 | INFO     | bot.monitor          | [monitor/acct1] SOURCE GROUP HIT | chat_id=-1002043977934 | msg_id=22895
2026-03-13 21:19:15 | INFO     | bot.monitor          | [monitor/acct1] SKIPPED (no keywords) | chat_id=-1002043977934 | msg_id=22895 | preview='❤🧡💛💚💙❣\nНа завтра требуется 3 женщина. Парфюмерка,  работа не сложная. Оплата сра'
2026-03-13 21:19:15 | INFO     | bot.monitor          | [monitor/acct1] SOURCE GROUP HIT | chat_id=-1002043977934 | msg_id=22896
2026-03-13 21:19:15 | INFO     | bot.monitor          | [monitor/acct1] ✅ JOB DETECTED | chat=-1002043977934 | msg=22896 | lang=uzbek | kw=['вакансия']
2026-03-13 21:19:15 | INFO     | bot.monitor          | [monitor/acct1] SOURCE GROUP HIT | chat_id=-1002043977934 | msg_id=22897
2026-03-13 21:19:15 | INFO     | bot.monitor          | [monitor/acct1] SKIPPED (no keywords) | chat_id=-1002043977934 | msg_id=22897 | preview='Город Инчхон.Требуются Парни с визами.F4,H2.На постоянный Арбайт.Работы много.Вы'
2026-03-13 21:19:15 | INFO     | bot.monitor          | [monitor/acct1] SOURCE GROUP HIT | chat_id=-1002043977934 | msg_id=22898
2026-03-13 21:19:15 | INFO     | bot.monitor          | [monitor/acct1] SKIPPED (no keywords) | chat_id=-1002043977934 | msg_id=22898 | preview='🔥🔥🔥АНСАН ПАНВОЛЬ🔥🔥\n\n                ПОСТОЯНКА\n На автомобильный завод Самсин тре'
2026-03-13 21:19:15 | INFO     | bot.monitor          | [monitor/acct1] SOURCE GROUP HIT | chat_id=-1002043977934 | msg_id=22899
2026-03-13 21:19:15 | INFO     | bot.monitor          | [monitor/acct1] SKIPPED (no keywords) | chat_id=-1002043977934 | msg_id=22899 | preview='ИНЧХОН⭐️남동인더스파크🌷\nРабота для девушек! ВИЗЫ F-2,4,5,6\n🌸Котинг (ставить баночки на '
2026-03-13 21:19:15 | INFO     | bot.monitor          | [monitor/acct1] SOURCE GROUP HIT | chat_id=-1002043977934 | msg_id=22900
2026-03-13 21:19:15 | INFO     | bot.monitor          | [monitor/acct1] ✅ JOB DETECTED | chat=-1002043977934 | msg=22900 | lang=russian | kw=['зарплата от']
2026-03-13 21:19:15 | INFO     | bot.monitor          | [monitor/acct1] SOURCE GROUP HIT | chat_id=-1002043977934 | msg_id=22901
2026-03-13 21:19:15 | INFO     | bot.monitor          | [monitor/acct1] SKIPPED (no keywords) | chat_id=-1002043977934 | msg_id=22901 | preview='🔤🔤🔤 завод в Намьянге.\n\n🚘 Развоз с Ансана: Ханьян, Садон.\n\xa0 ⚡️Нужна ответственная'
2026-03-13 21:19:15 | INFO     | bot.monitor          | [monitor/acct1] SOURCE GROUP HIT | chat_id=-1002043977934 | msg_id=22902
2026-03-13 21:19:15 | INFO     | bot.monitor          | [monitor/acct1] ✅ JOB DETECTED | chat=-1002043977934 | msg=22902 | lang=uzbek | kw=['вакансия']
2026-03-13 21:19:15 | INFO     | bot.monitor          | [monitor/acct1] SOURCE GROUP HIT | chat_id=-1002043977934 | msg_id=22903
2026-03-13 21:19:15 | INFO     | bot.monitor          | [monitor/acct1] SKIPPED (no keywords) | chat_id=-1002043977934 | msg_id=22903 | preview='🔥РАБОТА ДЛЯ МУЖЧИН ДО 45лет🔥\n\n✅двое мужчин виза F4 на своем авто(дорожные 100тыс'
2026-03-13 21:19:15 | INFO     | bot.monitor          | [monitor/acct1] SOURCE GROUP HIT | chat_id=-1002043977934 | msg_id=22904
2026-03-13 21:19:15 | INFO     | bot.monitor          | [monitor/acct1] SKIPPED (no keywords) | chat_id=-1002043977934 | msg_id=22904 | preview='Долгосрочная подённая работа\nКомпания: промышленная зона Сихва (시화공단)\nРабота: CN'
2026-03-13 21:19:16 | INFO     | bot.monitor          | [monitor/acct1] SOURCE GROUP HIT | chat_id=-1002043977934 | msg_id=22905
2026-03-13 21:19:16 | INFO     | bot.monitor          | [monitor/acct1] SKIPPED (no keywords) | chat_id=-1002043977934 | msg_id=22905 | preview='На завод требуются женщины до 50 лет с рабочей визой \nУпаковка косметики \nРабоче'
2026-03-13 21:19:16 | INFO     | bot.monitor          | [monitor/acct1] SOURCE GROUP HIT | chat_id=-1002043977934 | msg_id=22906
2026-03-13 21:19:16 | INFO     | bot.monitor          | [monitor/acct1] ✅ JOB DETECTED | chat=-1002043977934 | msg=22906 | lang=uzbek | kw=['вакансия']
2026-03-13 21:19:16 | INFO     | bot.monitor          | [monitor/acct1] SOURCE GROUP HIT | chat_id=-1002043977934 | msg_id=22907
2026-03-13 21:19:16 | INFO     | bot.monitor          | [monitor/acct1] SKIPPED (no keywords) | chat_id=-1002043977934 | msg_id=22907 | preview='На автомобильный завод требуется 2-е мужчин на ПОСТОЯННУЮ работу. Робот-сварка а'
2026-03-13 21:19:16 | INFO     | bot.monitor          | [monitor/acct1] SOURCE GROUP HIT | chat_id=-1002043977934 | msg_id=22908
2026-03-13 21:19:16 | INFO     | bot.monitor          | [monitor/acct1] SKIPPED (no keywords) | chat_id=-1002043977934 | msg_id=22908 | preview='В г. Кёнджу. **(АДЖИН)** \nСрочно требуются девушки и парни (до 50 лет )на завод.'
2026-03-13 21:19:16 | INFO     | bot.monitor          | [monitor/acct1] SOURCE GROUP HIT | chat_id=-1002043977934 | msg_id=22909
2026-03-13 21:19:16 | INFO     | bot.monitor          | [monitor/acct1] SKIPPED (no keywords) | chat_id=-1002043977934 | msg_id=22909 | preview='Б.Кванджу;Требуется парень на разборку кондиционеры.                        Возр'
2026-03-13 21:19:16 | INFO     | bot.monitor          | [monitor/acct1] SOURCE GROUP HIT | chat_id=-1002043977934 | msg_id=22910
2026-03-13 21:19:16 | INFO     | bot.monitor          | [monitor/acct1] SKIPPED (no keywords) | chat_id=-1002043977934 | msg_id=22910 | preview='Автомобильный завод🏭. \nАнсан-Хвасонг \nВыход выход завтра утром  \n1 девушка чуриб'
2026-03-13 21:19:16 | INFO     | bot.monitor          | [monitor/acct1] SOURCE GROUP HIT | chat_id=-1002043977934 | msg_id=22911
2026-03-13 21:19:16 | INFO     | bot.monitor          | [monitor/acct1] ✅ JOB DETECTED | chat=-1002043977934 | msg=22911 | lang=russian | kw=['трудоустройство']
2026-03-13 21:19:16 | INFO     | bot.monitor          | [monitor/acct1] SOURCE GROUP HIT | chat_id=-1002043977934 | msg_id=22912
2026-03-13 21:19:16 | INFO     | bot.monitor          | [monitor/acct1] SKIPPED (no keywords) | chat_id=-1002043977934 | msg_id=22912 | preview='Ильтан\nХвасонг\nТребуется женщина от 20 до 45 лет\nВиза: H2.F2.4.5.6 \nЗавод космет'
2026-03-13 21:19:16 | INFO     | bot.monitor          | [monitor/acct1] SOURCE GROUP HIT | chat_id=-1002043977934 | msg_id=22913
2026-03-13 21:19:16 | INFO     | bot.monitor          | [monitor/acct1] SKIPPED (no keywords) | chat_id=-1002043977934 | msg_id=22913 | preview='🍀 Инчхон Намдон\nКосметический завод, требуются женщины до 48 лет\nЛайн не быстрый'
2026-03-13 21:19:16 | INFO     | bot.monitor          | [monitor/acct1] SOURCE GROUP HIT | chat_id=-1002043977934 | msg_id=22914
2026-03-13 21:19:16 | INFO     | bot.monitor          | [monitor/acct1] SKIPPED (no keywords) | chat_id=-1002043977934 | msg_id=22914 | preview='Ансан. Шива \nНа завод кулеров требуется\xa0 мужчина или женщина до 45 лет. \n\nРабота'
2026-03-13 21:19:16 | INFO     | bot.monitor          | [monitor/acct1] SOURCE GROUP HIT | chat_id=-1002043977934 | msg_id=22930
2026-03-13 21:19:16 | INFO     | bot.monitor          | [monitor/acct1] SKIPPED (no keywords) | chat_id=-1002043977934 | msg_id=22930 | preview='🔥 СРОЧНО! ТРЕБУЮТСЯ МУЖЧИНЫ (20 человек)\nЗавод по производству межкомнатных двер'
2026-03-13 21:19:16 | INFO     | bot.monitor          | [monitor/acct1] SOURCE GROUP HIT | chat_id=-1002043977934 | msg_id=22931
2026-03-13 21:19:16 | INFO     | bot.monitor          | [monitor/acct1] SKIPPED (no keywords) | chat_id=-1002043977934 | msg_id=22931 | preview='📢**НАБОР МУЖЧИН НА ПОСТОЯНКУ **\n🏭Автомобилка.Роботсварка\n🏡Жилье есть. Ванрумы\n📍Л'
2026-03-13 21:19:16 | INFO     | bot.monitor          | [monitor/acct1] SOURCE GROUP HIT | chat_id=-1002043977934 | msg_id=22932
2026-03-13 21:19:16 | INFO     | bot.monitor          | [monitor/acct1] SKIPPED (no keywords) | chat_id=-1002043977934 | msg_id=22932 | preview='В НАШУ КОМАНДУ\n\nТРЕБУЕТСЯ АНСАН\n\nПЕКАРЯ\n\nИ\n\nПРОДАВЦЫ\n\n010 9474 1980'
2026-03-13 21:19:17 | INFO     | bot.monitor          | [monitor/acct1] SOURCE GROUP HIT | chat_id=-1002043977934 | msg_id=22933
2026-03-13 21:19:17 | INFO     | bot.monitor          | [monitor/acct1] SKIPPED (no keywords) | chat_id=-1002043977934 | msg_id=22933 | preview='Ансонг\nПроизводство картонных коробок требуется женщина до 50 лет\nВиза F1,2,4,5,'
2026-03-13 21:19:17 | INFO     | bot.monitor          | [monitor/acct1] SOURCE GROUP HIT | chat_id=-1002043977934 | msg_id=22934
2026-03-13 21:19:17 | INFO     | bot.monitor          | [monitor/acct1] SKIPPED (no keywords) | chat_id=-1002043977934 | msg_id=22934 | preview='1. **Чхонджу)** \n충북 청주시 증평군 도안면\n3 **женщин легальный статус F2,4,5,6** **Вид раб'
2026-03-13 21:19:17 | INFO     | bot.monitor          | [monitor/acct1] SOURCE GROUP HIT | chat_id=-1002043977934 | msg_id=22935
2026-03-13 21:19:17 | INFO     | bot.monitor          | [monitor/acct1] SKIPPED (no keywords) | chat_id=-1002043977934 | msg_id=22935 | preview='**📌ИНЧХОН СОГУ**\n\n**ЯГАН ‼️ **\n \n❗️Требуется мужчина на станок MCT (литейный зав'
2026-03-13 21:19:17 | INFO     | bot.monitor          | [monitor/acct1] SOURCE GROUP HIT | chat_id=-1002043977934 | msg_id=22936
2026-03-13 21:19:17 | INFO     | bot.monitor          | [monitor/acct1] ✅ JOB DETECTED | chat=-1002043977934 | msg=22936 | lang=uzbek | kw=['вакансия']
2026-03-13 21:19:17 | INFO     | bot.monitor          | [monitor/acct1] SOURCE GROUP HIT | chat_id=-1002043977934 | msg_id=22937
2026-03-13 21:19:17 | INFO     | bot.monitor          | [monitor/acct1] SKIPPED (no keywords) | chat_id=-1002043977934 | msg_id=22937 | preview='안성 미양면 마산리\nРабота по производству кондиционеров\nСредняя зарплата — 3 400 000 вон'
2026-03-13 21:19:17 | INFO     | bot.monitor          | [monitor/acct1] SOURCE GROUP HIT | chat_id=-1002043977934 | msg_id=22938
2026-03-13 21:19:17 | INFO     | bot.monitor          | [monitor/acct1] SKIPPED (no keywords) | chat_id=-1002043977934 | msg_id=22938 | preview='**🔺ПОСЫН🔺\nТребуются водитель с категорией прав 1종 대형, водить нужно автобус, разв'
2026-03-13 21:19:17 | INFO     | bot.monitor          | [monitor/acct1] SOURCE GROUP HIT | chat_id=-1002043977934 | msg_id=22939
2026-03-13 21:19:17 | INFO     | bot.monitor          | [monitor/acct1] SKIPPED (no keywords) | chat_id=-1002043977934 | msg_id=22939 | preview='СЕГОДНЯ ЯГАН‼️\nХвасонг\nСачуль, станки\nЖенщина до 50 лет на постоянку\nРазвоз с ан'
2026-03-13 21:19:17 | INFO     | bot.monitor          | [monitor/acct1] SOURCE GROUP HIT | chat_id=-1002043977934 | msg_id=22940
2026-03-13 21:19:17 | INFO     | bot.monitor          | [monitor/acct1] SKIPPED (no keywords) | chat_id=-1002043977934 | msg_id=22940 | preview='1. Город: Гунсан\n2.Работа: Завод 🏭 ( Очень чистая, климат контроль каждый сезон)'
2026-03-13 21:19:17 | INFO     | bot.monitor          | [monitor/acct1] SOURCE GROUP HIT | chat_id=-1002043977934 | msg_id=22941
2026-03-13 21:19:17 | INFO     | bot.monitor          | [monitor/acct1] SKIPPED (no keywords) | chat_id=-1002043977934 | msg_id=22941 | preview='Ансан.Панволь. Постоянка \nНа автомобильный завод\nтребуется девушка виза Ф4 Н2 во'
2026-03-13 21:19:17 | INFO     | bot.monitor          | [monitor/acct1] SOURCE GROUP HIT | chat_id=-1002043977934 | msg_id=22942
2026-03-13 21:19:17 | INFO     | bot.monitor          | [monitor/acct1] ✅ JOB DETECTED | chat=-1002043977934 | msg=22942 | lang=russian | kw=['трудоустройство']
2026-03-13 21:19:17 | INFO     | bot.monitor          | [monitor/acct1] SOURCE GROUP HIT | chat_id=-1002043977934 | msg_id=22943
2026-03-13 21:19:17 | INFO     | bot.monitor          | [monitor/acct1] SKIPPED (no keywords) | chat_id=-1002043977934 | msg_id=22943 | preview='✨️💰Набор сотрудников еженедельного офиса в Намдонг-гу, Инчхон.\n\n📍Рабочая зона: р'
2026-03-13 21:19:17 | INFO     | bot.monitor          | [monitor/acct1] SOURCE GROUP HIT | chat_id=-1002043977934 | msg_id=22944
2026-03-13 21:19:18 | INFO     | bot.monitor          | [monitor/acct1] SKIPPED (no keywords) | chat_id=-1002043977934 | msg_id=22944 | preview='📍ИНЧОН\nТребуются женщины до 45 лет!\nПластиковый завод\nНа позиции сачуль и комса\n'
2026-03-13 21:19:18 | INFO     | bot.monitor          | [monitor/acct1] SOURCE GROUP HIT | chat_id=-1002043977934 | msg_id=22945
2026-03-13 21:19:18 | INFO     | bot.monitor          | [monitor/acct1] SKIPPED (no keywords) | chat_id=-1002043977934 | msg_id=22945 | preview='📍г Хвасонг\nближайшие локации (намьянг паран пальтан ансан чоам)\n \n⚙ Автоматизиро'
2026-03-13 21:19:18 | INFO     | bot.monitor          | [monitor/acct1] SOURCE GROUP HIT | chat_id=-1002043977934 | msg_id=22946
2026-03-13 21:19:18 | INFO     | bot.monitor          | [monitor/acct1] SKIPPED (no keywords) | chat_id=-1002043977934 | msg_id=22946 | preview='ИНЧХОН⭐️남동인더스파크🌷\nРабота для девушек! ВИЗЫ F-2,4,5,6\n🌸Котинг (ставить баночки на '
2026-03-13 21:19:18 | INFO     | bot.monitor          | [monitor/acct1] SOURCE GROUP HIT | chat_id=-1002043977934 | msg_id=22947
2026-03-13 21:19:18 | INFO     | bot.monitor          | [monitor/acct1] ✅ JOB DETECTED | chat=-1002043977934 | msg=22947 | lang=uzbek | kw=['вакансия']
2026-03-13 21:19:18 | INFO     | bot.monitor          | [monitor/acct1] SOURCE GROUP HIT | chat_id=-1002043977934 | msg_id=22948
2026-03-13 21:19:18 | INFO     | bot.monitor          | [monitor/acct1] SKIPPED (no keywords) | chat_id=-1002043977934 | msg_id=22948 | preview='Ансан. Хвасонг (Мадо)\nТребуется мужчина до 45 лет на постоянку.\xa0\nАвтомобильный з'
2026-03-13 21:19:18 | INFO     | bot.monitor          | [monitor/acct1] SOURCE GROUP HIT | chat_id=-1002043977934 | msg_id=22949
2026-03-13 21:19:18 | INFO     | bot.monitor          | [monitor/acct1] SKIPPED (no keywords) | chat_id=-1002043977934 | msg_id=22949 | preview='В  Тэгу требуются мужчины 23-45 лет на стройку чонри юрипомы старт от **125 тыс.'
2026-03-13 21:19:18 | INFO     | bot.monitor          | [monitor/acct1] SOURCE GROUP HIT | chat_id=-1002043977934 | msg_id=22950
2026-03-13 21:19:18 | INFO     | bot.monitor          | [monitor/acct1] SKIPPED (no keywords) | chat_id=-1002043977934 | msg_id=22950 | preview='СРОЧНО!!! ЙОНИН!! \nНа овщной завод на субб и воскресенье ,  ильтан на  2 дня тре'
2026-03-13 21:19:18 | INFO     | bot.monitor          | [monitor/acct1] SOURCE GROUP HIT | chat_id=-1002043977934 | msg_id=22951
2026-03-13 21:19:18 | INFO     | bot.monitor          | [monitor/acct1] SKIPPED (no keywords) | chat_id=-1002043977934 | msg_id=22951 | preview='Ильсан. В тур.отель на завтра на арбайт требуется чонсо и петын. , оплата 110, к'
2026-03-13 21:19:18 | INFO     | bot.monitor          | [monitor/acct1] SOURCE GROUP HIT | chat_id=-1002043977934 | msg_id=22952
2026-03-13 21:19:18 | INFO     | bot.monitor          | [monitor/acct1] ✅ JOB DETECTED | chat=-1002043977934 | msg=22952 | lang=russian | kw=['зарплата от']
2026-03-13 21:19:18 | INFO     | bot.monitor          | [monitor/acct1] SOURCE GROUP HIT | chat_id=-1002043977934 | msg_id=22953
2026-03-13 21:19:18 | INFO     | bot.monitor          | [monitor/acct1] SKIPPED (no keywords) | chat_id=-1002043977934 | msg_id=22953 | preview='🔸 Много рабочих мест, требуется персонал\n🔸 Поможем найти подходящую работу\n\nМест'
2026-03-13 21:19:18 | INFO     | bot.monitor          | [monitor/acct1] SOURCE GROUP HIT | chat_id=-1002043977934 | msg_id=22954
2026-03-13 21:19:18 | INFO     | bot.monitor          | [monitor/acct1] SKIPPED (no keywords) | chat_id=-1002043977934 | msg_id=22954 | preview='🔥 СРОЧНО НАБОР НА ЗАВОД (г. Ичон) 🔥  \n🏭 ЛЁГКАЯ РАБОТА ДЛЯ ЖЕНЩИН  \n\n👩 Женщины до'
2026-03-13 21:19:18 | INFO     | bot.monitor          | [monitor/acct1] SOURCE GROUP HIT | chat_id=-1002043977934 | msg_id=22955
2026-03-13 21:19:18 | INFO     | bot.monitor          | [monitor/acct1] SKIPPED (no keywords) | chat_id=-1002043977934 | msg_id=22955 | preview='ТребуютсЯ МУЖЧИНА  до 40 лет с корейским разговорным \nРабочие визы: H2 / F4 / F5'
2026-03-13 21:19:18 | INFO     | bot.monitor          | [monitor/acct1] SOURCE GROUP HIT | chat_id=-1002043977934 | msg_id=22956
2026-03-13 21:19:18 | INFO     | bot.monitor          | [monitor/acct1] SKIPPED (no keywords) | chat_id=-1002043977934 | msg_id=22956 | preview='📍ИНЧХОН НАМДОН\nТребуется мужчина до 55 лет \nНа тогым, опускать детали в \nраствор'
2026-03-13 21:19:18 | INFO     | bot.monitor          | [monitor/acct1] SOURCE GROUP HIT | chat_id=-1002043977934 | msg_id=22957
2026-03-13 21:19:18 | INFO     | bot.monitor          | [monitor/acct1] SKIPPED (no keywords) | chat_id=-1002043977934 | msg_id=22957 | preview='Г. Ансонг. Требуются сотрудники на завод по производству хлебобулочных изделий(П'
2026-03-13 21:19:18 | INFO     | bot.monitor          | [monitor/acct1] SOURCE GROUP HIT | chat_id=-1002043977934 | msg_id=22958
2026-03-13 21:19:18 | INFO     | bot.monitor          | [monitor/acct1] SKIPPED (no keywords) | chat_id=-1002043977934 | msg_id=22958 | preview='Здравствуйте 🤝 \nАнсан-Чоам\nМужской ильтан на завтра 14е марта.\nТребуются 2 парне'
2026-03-13 21:19:18 | INFO     | bot.monitor          | [monitor/acct1] SOURCE GROUP HIT | chat_id=-1002043977934 | msg_id=22959
2026-03-13 21:19:18 | INFO     | bot.monitor          | [monitor/acct1] SKIPPED (no keywords) | chat_id=-1002043977934 | msg_id=22959 | preview='🔥 Инчхон, рядом со станцией Хогупо\n\n🏭 Пластиковые контейнеры — упаковка и провер'
2026-03-13 21:19:18 | INFO     | bot.monitor          | [monitor/acct1] SOURCE GROUP HIT | chat_id=-1002043977934 | msg_id=22960
2026-03-13 21:19:18 | INFO     | bot.monitor          | [monitor/acct1] SKIPPED (no keywords) | chat_id=-1002043977934 | msg_id=22960 | preview='‼️СРОЧНО ЯГАН-ЧУГАН ‼️\n📍Требуются девушки (желательно с авто) на косметический с'
2026-03-13 21:19:18 | INFO     | bot.monitor          | [monitor/acct1] SOURCE GROUP HIT | chat_id=-1002043977934 | msg_id=22961
2026-03-13 21:19:18 | INFO     | bot.monitor          | [monitor/acct1] SKIPPED (no keywords) | chat_id=-1002043977934 | msg_id=22961 | preview='📢 РАБОТА В ИНЧХОНЕ!\n\n🚉 Всего 5 минут пешком от станции Вонинджэ (Woninjae)!\n\n📦 О'
2026-03-13 21:19:18 | INFO     | bot.monitor          | [monitor/acct1] SOURCE GROUP HIT | chat_id=-1002043977934 | msg_id=22962
2026-03-13 21:19:18 | INFO     | bot.monitor          | [monitor/acct1] SKIPPED (no keywords) | chat_id=-1002043977934 | msg_id=22962 | preview='‼️БОЛЬШОЙ НАБОР‼️\n📍Хвасонг. Автозапчасти Hyundai KIA. Сачуль\n\n🔹Сачуль комса саса'
2026-03-13 21:19:18 | INFO     | bot.monitor          | [monitor/acct1] SOURCE GROUP HIT | chat_id=-1002043977934 | msg_id=22963
2026-03-13 21:19:18 | INFO     | bot.monitor          | [monitor/acct1] SKIPPED (no keywords) | chat_id=-1002043977934 | msg_id=22963 | preview='✨ **Работа для девушек на парфюмерном производстве**\n📍 **Хвасон, район Мадо**\n\n🌸'
2026-03-13 21:19:18 | INFO     | bot.monitor          | [monitor/acct1] SOURCE GROUP HIT | chat_id=-1002043977934 | msg_id=22964
2026-03-13 21:19:18 | INFO     | bot.monitor          | [monitor/acct1] SKIPPED (no keywords) | chat_id=-1002043977934 | msg_id=22964 | preview='‼️Тыккын завтра \nХвасонг,Намьянг\nПарфюмерный завод,котинг\nТребуется женщина до 5'
2026-03-13 21:19:18 | INFO     | bot.monitor          | [monitor/acct1] SOURCE GROUP HIT | chat_id=-1002043977934 | msg_id=22965
2026-03-13 21:19:18 | INFO     | bot.monitor          | [monitor/acct1] ✅ JOB DETECTED | chat=-1002043977934 | msg=22965 | lang=russian | kw=['трудоустройство']
2026-03-13 21:19:18 | INFO     | bot.monitor          | [monitor/acct1] SOURCE GROUP HIT | chat_id=-1002043977934 | msg_id=22966
2026-03-13 21:19:18 | INFO     | bot.monitor          | [monitor/acct1] SKIPPED (no keywords) | chat_id=-1002043977934 | msg_id=22966 | preview='Мадо. Сборка (куллера). Требуется мужчина или женщина.\xa0 Возраст\xa0 до 50ти лет.\xa0Зн'
2026-03-13 21:19:18 | INFO     | bot.monitor          | [monitor/acct1] SOURCE GROUP HIT | chat_id=-1002043977934 | msg_id=22967
2026-03-13 21:19:18 | INFO     | bot.monitor          | [monitor/acct1] ✅ JOB DETECTED | chat=-1002043977934 | msg=22967 | lang=uzbek | kw=['вакансия']
2026-03-13 21:19:18 | INFO     | bot.monitor          | [monitor/acct1] SOURCE GROUP HIT | chat_id=-1002043977934 | msg_id=22968
2026-03-13 21:19:18 | INFO     | bot.monitor          | [monitor/acct1] SKIPPED (no keywords) | chat_id=-1002043977934 | msg_id=22968 | preview='Сеул. В супачный отель, р-н.Дондемун. Требуется чонсо на замену, на 2 месяца. Ра'
2026-03-13 21:19:18 | INFO     | bot.monitor          | [monitor/acct1] SOURCE GROUP HIT | chat_id=-1002043977934 | msg_id=22969
2026-03-13 21:19:18 | INFO     | bot.monitor          | [monitor/acct1] SKIPPED (no keywords) | chat_id=-1002043977934 | msg_id=22969 | preview='Кимпо-Янчон\nАлюминиевые детали \nТребуется мужчина \nВиза значения не имеет \n8:00-'
2026-03-13 21:19:18 | INFO     | bot.monitor          | [monitor/acct1] SOURCE GROUP HIT | chat_id=-1002043977934 | msg_id=22970
2026-03-13 21:19:18 | INFO     | bot.monitor          | [monitor/acct1] SKIPPED (no keywords) | chat_id=-1002043977934 | msg_id=22970 | preview='В Новый отель в Сеуле требуется семейная пара чонсо и петын с опытом и желательн'
2026-03-13 21:19:18 | INFO     | bot.monitor          | [monitor/acct1] SOURCE GROUP HIT | chat_id=-1002043977934 | msg_id=22971
2026-03-13 21:19:18 | INFO     | bot.monitor          | [monitor/acct1] SKIPPED (no keywords) | chat_id=-1002043977934 | msg_id=22971 | preview='🌆 г. Почхон Pocheon 포천시 \n🏨 Отель общее количество номеров в отеле 30\n✌️требуется'
2026-03-13 21:19:18 | INFO     | bot.monitor          | [monitor/acct1] ✅ FORWARDED | chat=-1002043977934 | msg=22896 → target=-1003744320676
2026-03-13 21:19:18 | INFO     | bot.monitor          | [monitor/acct1] ✅ FORWARDED | chat=-1002043977934 | msg=22967 → target=-1003744320676
2026-03-13 21:19:19 | INFO     | bot.monitor          | [monitor/acct1] ✅ FORWARDED | chat=-1002043977934 | msg=22965 → target=-1003744320676
2026-03-13 21:19:19 | INFO     | bot.monitor          | [monitor/acct1] ✅ FORWARDED | chat=-1002043977934 | msg=22902 → target=-1003744320676
2026-03-13 21:19:19 | INFO     | bot.monitor          | [monitor/acct1] ✅ FORWARDED | chat=-1002043977934 | msg=22942 → target=-1003744320676
2026-03-13 21:19:19 | INFO     | bot.monitor          | [monitor/acct1] ✅ FORWARDED | chat=-1002043977934 | msg=22936 → target=-1003744320676
2026-03-13 21:19:19 | INFO     | bot.monitor          | [monitor/acct1] ✅ FORWARDED | chat=-1002043977934 | msg=22952 → target=-1003744320676
2026-03-13 21:19:19 | INFO     | bot.monitor          | [monitor/acct1] ✅ FORWARDED | chat=-1002043977934 | msg=22947 → target=-1003744320676
2026-03-13 21:19:19 | INFO     | bot.monitor          | [monitor/acct1] ✅ FORWARDED | chat=-1002043977934 | msg=22900 → target=-1003744320676
2026-03-13 21:19:19 | INFO     | bot.monitor          | [monitor/acct1] ✅ FORWARDED | chat=-1002043977934 | msg=22906 → target=-1003744320676
2026-03-13 21:19:19 | INFO     | bot.monitor          | [monitor/acct1] ✅ FORWARDED | chat=-1002043977934 | msg=22911 → target=-1003744320676
2026-03-13 21:20:00 | INFO     | bot.monitor          | [monitor/acct1] SOURCE GROUP HIT | chat_id=-1002043977934 | msg_id=22973
2026-03-13 21:20:00 | INFO     | bot.monitor          | [monitor/acct1] ✅ JOB DETECTED | chat=-1002043977934 | msg=22973 | lang=russian | kw=['зарплата от']
2026-03-13 21:20:00 | INFO     | bot.monitor          | [monitor/acct1] SOURCE GROUP HIT | chat_id=-1002043977934 | msg_id=22974
2026-03-13 21:20:00 | INFO     | bot.monitor          | [monitor/acct1] SKIPPED (content duplicate) | near-duplicate (similarity=0.98) of msg 22902 in chat -1002043977934 | chat_id=-1002043977934 | msg_id=22974
2026-03-13 21:20:00 | INFO     | bot.monitor          | [monitor/acct1] SOURCE GROUP HIT | chat_id=-1002043977934 | msg_id=22975
2026-03-13 21:20:00 | INFO     | bot.monitor          | [monitor/acct1] SKIPPED (no keywords) | chat_id=-1002043977934 | msg_id=22975 | preview='안성 미양면 마산리\nРабота по производству кондиционеров\nСредняя зарплата — 3 400 000 вон'
2026-03-13 21:20:00 | INFO     | bot.monitor          | [monitor/acct1] ✅ FORWARDED | chat=-1002043977934 | msg=22973 → target=-1003744320676
2026-03-13 21:20:11 | INFO     | bot.monitor          | [monitor/acct1] SOURCE GROUP HIT | chat_id=-1002043977934 | msg_id=22976
2026-03-13 21:20:11 | INFO     | bot.monitor          | [monitor/acct1] SKIPPED (no keywords) | chat_id=-1002043977934 | msg_id=22976 | preview='🔥 Завод по производству пожарных труб – Набор сотрудников\n📍 Место работы\n🛠 Работ'
2026-03-13 21:20:11 | INFO     | bot.monitor          | [monitor/acct1] SOURCE GROUP HIT | chat_id=-1002043977934 | msg_id=22977
2026-03-13 21:20:11 | INFO     | bot.monitor          | [monitor/acct1] ✅ JOB DETECTED | chat=-1002043977934 | msg=22977 | lang=russian | kw=['трудоустройство']
2026-03-13 21:20:12 | INFO     | bot.monitor          | [monitor/acct1] ✅ FORWARDED | chat=-1002043977934 | msg=22977 → target=-1003744320676
2026-03-13 21:20:18 | INFO     | bot.monitor          | [monitor/acct1] SOURCE GROUP HIT | chat_id=-1002043977934 | msg_id=22978
2026-03-13 21:20:18 | INFO     | bot.monitor          | [monitor/acct1] SKIPPED (no keywords) | chat_id=-1002043977934 | msg_id=22978 | preview='🌆г. Ульсан на завод автодеталей требуются парни\nГрафик: Пон~Пят 8.00~17.30\n💰Зарп'
2026-03-13 21:20:25 | INFO     | bot.monitor          | [monitor/acct1] SOURCE GROUP HIT | chat_id=-1002043977934 | msg_id=22979
2026-03-13 21:20:25 | INFO     | bot.monitor          | [monitor/acct1] SKIPPED (no keywords) | chat_id=-1002043977934 | msg_id=22979 | preview='🏭 В мокпо на кораблестроение \n⚙️ Hyundai Samho\n⚒️ Строительные леса: чокчан паль'
2026-03-13 21:20:32 | INFO     | bot.monitor          | [monitor/acct1] SOURCE GROUP HIT | chat_id=-1002043977934 | msg_id=22980
2026-03-13 21:20:32 | INFO     | bot.monitor          | [monitor/acct1] SKIPPED (content duplicate) | near-duplicate (similarity=0.96) of msg 22911 in chat -1002043977934 | chat_id=-1002043977934 | msg_id=22980
2026-03-13 21:22:00 | INFO     | bot.monitor          | [monitor] 🗑️  Deleting service message | user=*J∆VOXIR*🦎 | msg_id=3761
2026-03-13 21:22:28 | INFO     | bot.monitor          | [monitor/acct1] SOURCE GROUP HIT | chat_id=-1001399984082 | msg_id=350666
2026-03-13 21:22:28 | INFO     | bot.monitor          | [monitor/acct1] SKIPPED (no keywords) | chat_id=-1001399984082 | msg_id=350666 | preview='Lekin juda qimmat tez yordam tinchlikmi uzi nima boldi'
2026-03-13 21:22:28 | INFO     | bot.monitor          | [monitor/acct1] SOURCE GROUP HIT | chat_id=-1001399984082 | msg_id=350667
2026-03-13 21:22:28 | INFO     | bot.monitor          | [monitor/acct1] SKIPPED (no keywords) | chat_id=-1001399984082 | msg_id=350667 | preview='Tinchlikmi aka'
2026-03-13 21:22:28 | INFO     | bot.monitor          | [monitor/acct1] SOURCE GROUP HIT | chat_id=-1001399984082 | msg_id=350668
2026-03-13 21:22:28 | INFO     | bot.monitor          | [monitor/acct1] SKIPPED (no keywords) | chat_id=-1001399984082 | msg_id=350668 | preview='Banisalar yaqn atrofda berkilibdi ochigʻi topsa bolarmikin'
2026-03-13 21:22:28 | INFO     | bot.monitor          | [monitor/acct1] SOURCE GROUP HIT | chat_id=-1001399984082 | msg_id=350669
2026-03-13 21:22:28 | INFO     | bot.monitor          | [monitor/acct1] SKIPPED (no keywords) | chat_id=-1001399984082 | msg_id=350669 | preview='Чинчон ашык болады'
2026-03-13 21:22:28 | INFO     | bot.monitor          | [monitor/acct1] SOURCE GROUP HIT | chat_id=-1001399984082 | msg_id=350670
2026-03-13 21:22:28 | INFO     | bot.monitor          | [monitor/acct1] SKIPPED (no keywords) | chat_id=-1001399984082 | msg_id=350670 | preview='Mugukda bor'
2026-03-13 21:22:28 | INFO     | bot.monitor          | [monitor/acct1] SOURCE GROUP HIT | chat_id=-1001399984082 | msg_id=350671
2026-03-13 21:22:28 | INFO     | bot.monitor          | [monitor/acct1] SKIPPED (no keywords) | chat_id=-1001399984082 | msg_id=350671 | preview='15 pro 128 \n 91% 720 won'
2026-03-13 21:22:45 | INFO     | bot.monitor          | [monitor/acct1] SOURCE GROUP HIT | chat_id=-1001749857007 | msg_id=44839
2026-03-13 21:22:45 | INFO     | bot.monitor          | [monitor/acct1] ✅ JOB DETECTED | chat=-1001749857007 | msg=44839 | lang=russian | kw=['подработка']
2026-03-13 21:22:45 | INFO     | bot.monitor          | [monitor/acct1] ✅ FORWARDED | chat=-1001749857007 | msg=44839 → target=-1003744320676
2026-03-13 21:24:31 | INFO     | main                 | ============================================================
2026-03-13 21:24:31 | INFO     | main                 |   Korea Ish E'lonlari — Starting
2026-03-13 21:24:31 | INFO     | main                 |   Accounts active: 2
2026-03-13 21:24:31 | INFO     | main                 | ============================================================
2026-03-13 21:24:31 | INFO     | bot.database         | [DB] Schema initialised at D:\VS Code\telegram_job_bot\data\job_bot.db
2026-03-13 21:24:31 | INFO     | bot.monitor          | [monitor] Connecting account 1 …
2026-03-13 21:24:33 | INFO     | bot.monitor          | [monitor] Account 1 logged in as: quvonchbek (id=2046196282)
2026-03-13 21:24:33 | INFO     | bot.monitor          | [monitor] Account 1 monitoring 55 group(s)
2026-03-13 21:24:33 | INFO     | bot.monitor          | [monitor] Connecting account 2 …
2026-03-13 21:24:35 | INFO     | bot.monitor          | [monitor] Account 2 logged in as: 무로토브 (id=8367892539)
2026-03-13 21:24:35 | INFO     | bot.monitor          | [monitor] Account 2 monitoring 5 group(s)
2026-03-13 21:24:35 | INFO     | bot.monitor          | [monitor] Target: Korea Ish E'lonlari (-1003744320676)
2026-03-13 21:24:35 | INFO     | bot.monitor          | [monitor] 👂 Listening on 2 account(s) …
2026-03-13 21:24:35 | INFO     | main                 | [main] Starting admin bot and scheduler …
2026-03-13 21:24:35 | INFO     | main                 | [main] ✅ All systems running. Press Ctrl+C to stop.
2026-03-13 21:24:35 | INFO     | bot.database         | [DB] Schema initialised at D:\VS Code\telegram_job_bot\data\job_bot.db
2026-03-13 21:24:35 | INFO     | bot.admin_bot        | [admin_bot] Starting admin bot …
2026-03-13 21:24:35 | INFO     | bot.scheduler        | [scheduler] Daily summary scheduler started (fires at 21:00 KST).
2026-03-13 21:24:35 | INFO     | bot.scheduler        | [scheduler] Next daily summary in 84924 seconds (at 2026-03-14 21:00 KST).
2026-03-13 21:24:59 | INFO     | bot.monitor          | [monitor/acct1] SOURCE GROUP HIT | chat_id=-1001511479567 | msg_id=11087
2026-03-13 21:24:59 | INFO     | bot.monitor          | [monitor/acct1] ✅ JOB DETECTED | chat=-1001511479567 | msg=11087 | lang=uzbek | kw=['kishiga ish']
2026-03-13 21:24:59 | INFO     | bot.monitor          | [monitor/acct1] SOURCE GROUP HIT | chat_id=-1002069815122 | msg_id=11195
2026-03-13 21:24:59 | INFO     | bot.monitor          | [monitor/acct1] ✅ JOB DETECTED | chat=-1002069815122 | msg=11195 | lang=uzbek | kw=['kishiga ish']
2026-03-13 21:24:59 | INFO     | bot.monitor          | [monitor/acct1] SOURCE GROUP HIT | chat_id=-1002729014093 | msg_id=13468
2026-03-13 21:24:59 | INFO     | bot.monitor          | [monitor/acct1] ✅ JOB DETECTED | chat=-1002729014093 | msg=13468 | lang=uzbek | kw=['kishiga ish']
2026-03-13 21:25:01 | INFO     | bot.monitor          | [monitor/acct1] ✅ FORWARDED | chat=-1001511479567 | msg=11087 → target=-1003744320676
2026-03-13 21:25:01 | INFO     | bot.monitor          | [monitor/acct1] ✅ FORWARDED | chat=-1002069815122 | msg=11195 → target=-1003744320676
2026-03-13 21:25:02 | INFO     | bot.monitor          | [monitor/acct1] ✅ FORWARDED | chat=-1002729014093 | msg=13468 → target=-1003744320676
2026-03-13 21:26:33 | INFO     | bot.monitor          | [monitor/acct1] SOURCE GROUP HIT | chat_id=-1001749857007 | msg_id=44840
2026-03-13 21:26:33 | INFO     | bot.monitor          | [monitor/acct1] SKIPPED (no keywords) | chat_id=-1001749857007 | msg_id=44840 | preview='Добро пожаловать в \nОнлайн-школу "UNITY" \nдля всей семьи 🌏\n\n• **Программирование'
2026-03-13 21:26:36 | INFO     | bot.monitor          | [monitor/acct1] SOURCE GROUP HIT | chat_id=-1001754360080 | msg_id=24289
2026-03-13 21:26:36 | INFO     | bot.monitor          | [monitor/acct1] SKIPPED (no keywords) | chat_id=-1001754360080 | msg_id=24289 | preview='Ertaga iksandan inchon ayroportiga boradiganlar bolsa mashina bor olib ketamiz q'
2026-03-13 21:27:05 | INFO     | bot.monitor          | [monitor/acct1] SOURCE GROUP HIT | chat_id=-1001399984082 | msg_id=350673
2026-03-13 21:27:05 | INFO     | bot.monitor          | [monitor/acct1] SKIPPED (no keywords) | chat_id=-1001399984082 | msg_id=350673 | preview='Assalomu alaykum, ertaga ertalab 5, 5:30 larda seulga yuramiz joylar bor \n010579'
2026-03-13 21:27:06 | INFO     | bot.monitor          | [monitor/acct1] SOURCE GROUP HIT | chat_id=-1001271491452 | msg_id=289158
2026-03-13 21:27:06 | INFO     | bot.monitor          | [monitor/acct1] SKIPPED (no keywords) | chat_id=-1001271491452 | msg_id=289158 | preview='Assalomu alaykum sotiladigon mushuk yoqmi brodarlar'
2026-03-13 21:27:26 | ERROR    | aiogram.dispatcher   | Failed to fetch updates - TelegramConflictError: Telegram server says - Conflict: terminated by other getUpdates request; make sure that only one bot instance is running
2026-03-13 21:27:26 | WARNING  | aiogram.dispatcher   | Sleep for 1.000000 seconds and try again... (tryings = 0, bot id = 8536661835)
2026-03-13 21:27:32 | ERROR    | aiogram.dispatcher   | Failed to fetch updates - TelegramConflictError: Telegram server says - Conflict: terminated by other getUpdates request; make sure that only one bot instance is running
2026-03-13 21:27:32 | WARNING  | aiogram.dispatcher   | Sleep for 1.269993 seconds and try again... (tryings = 1, bot id = 8536661835)
2026-03-13 21:27:38 | ERROR    | aiogram.dispatcher   | Failed to fetch updates - TelegramConflictError: Telegram server says - Conflict: terminated by other getUpdates request; make sure that only one bot instance is running
2026-03-13 21:27:38 | WARNING  | aiogram.dispatcher   | Sleep for 1.668751 seconds and try again... (tryings = 2, bot id = 8536661835)
2026-03-13 21:27:44 | ERROR    | aiogram.dispatcher   | Failed to fetch updates - TelegramConflictError: Telegram server says - Conflict: terminated by other getUpdates request; make sure that only one bot instance is running
2026-03-13 21:27:44 | WARNING  | aiogram.dispatcher   | Sleep for 2.241364 seconds and try again... (tryings = 3, bot id = 8536661835)
2026-03-13 21:27:52 | ERROR    | aiogram.dispatcher   | Failed to fetch updates - TelegramConflictError: Telegram server says - Conflict: terminated by other getUpdates request; make sure that only one bot instance is running
2026-03-13 21:27:52 | WARNING  | aiogram.dispatcher   | Sleep for 2.800403 seconds and try again... (tryings = 4, bot id = 8536661835)
2026-03-13 21:28:01 | ERROR    | aiogram.dispatcher   | Failed to fetch updates - TelegramConflictError: Telegram server says - Conflict: terminated by other getUpdates request; make sure that only one bot instance is running
2026-03-13 21:28:01 | WARNING  | aiogram.dispatcher   | Sleep for 3.374942 seconds and try again... (tryings = 5, bot id = 8536661835)
2026-03-13 21:51:32 | INFO     | main                 | ============================================================
2026-03-13 21:51:32 | INFO     | main                 |   Korea Ish E'lonlari — Starting
2026-03-13 21:51:32 | INFO     | main                 |   Accounts active: 2
2026-03-13 21:51:32 | INFO     | main                 | ============================================================
2026-03-13 21:51:32 | INFO     | bot.database         | [DB] Schema initialised at D:\VS Code\telegram_job_bot\data\job_bot.db
2026-03-13 21:51:32 | INFO     | bot.monitor          | [monitor] Connecting account 1 …
2026-03-13 21:51:34 | INFO     | bot.monitor          | [monitor] Account 1 logged in as: quvonchbek (id=2046196282)
2026-03-13 21:51:34 | INFO     | bot.monitor          | [monitor] Account 1 monitoring 55 group(s)
2026-03-13 21:51:34 | INFO     | bot.monitor          | [monitor] Connecting account 2 …
2026-03-13 21:51:36 | INFO     | bot.monitor          | [monitor] Account 2 logged in as: 무로토브 (id=8367892539)
2026-03-13 21:51:36 | INFO     | bot.monitor          | [monitor] Account 2 monitoring 5 group(s)
2026-03-13 21:51:36 | INFO     | bot.monitor          | [monitor] Target: Korea Ish E'lonlari (-1003744320676)
2026-03-13 21:51:36 | INFO     | bot.monitor          | [monitor] 👂 Listening on 2 account(s) …
2026-03-13 21:51:36 | INFO     | main                 | [main] Starting admin bot and scheduler …
2026-03-13 21:51:36 | INFO     | main                 | [main] ✅ All systems running. Press Ctrl+C to stop.
2026-03-13 21:51:36 | INFO     | bot.database         | [DB] Schema initialised at D:\VS Code\telegram_job_bot\data\job_bot.db
2026-03-13 21:51:37 | INFO     | bot.admin_bot        | [admin_bot] Starting admin bot …
2026-03-13 21:51:37 | INFO     | bot.scheduler        | [scheduler] Daily summary scheduler started (fires at 21:00 KST).
2026-03-13 21:51:37 | INFO     | bot.scheduler        | [scheduler] Next daily summary in 83303 seconds (at 2026-03-14 21:00 KST).
2026-03-13 21:52:13 | INFO     | bot.monitor          | [monitor/acct1] SOURCE GROUP HIT | chat_id=-1002666264446 | msg_id=1289
2026-03-13 21:52:13 | INFO     | bot.monitor          | [monitor/acct1] SKIPPED (no keywords) | chat_id=-1002666264446 | msg_id=1289 | preview='Ish olindi 1 chi yozgan odam'
